"id";"data_inversa";"dia_semana";"horario";"uf";"br";"km";"municipio";"causa_acidente";"tipo_acidente";"classificacao_acidente";"fase_dia";"sentido_via";"condicao_metereologica";"tipo_pista";"tracado_via";"uso_solo";"pessoas";"mortos";"feridos_leves";"feridos_graves";"ilesos";"ignorados";"feridos";"veiculos";"latitude";"longitude";"regional";"delegacia";"uop"
746601;2026-01-19;"segunda-feira";"01:30:00";"SP";381;18;"BRAGANCA PAULISTA";"Ausência de reação do condutor";"Colisão traseira";"Com Vítimas Feridas";"Plena Noite";"Decrescente";"Chuva";"Múltipla";"Declive;Reta";"Não";2;0;1;1;0;0;2;2;-22,96363303;-46,48312855;"SPRF-SP";"DEL03-SP";"UOP02-DEL03-SP"
746605;2026-01-18;"domingo";"23:45:00";"SC";282;620,3;"IRACEMINHA";"Condutor Dormindo";"Saída de leito carroçável";"Com Vítimas Fatais";"Plena Noite";"Decrescente";"Ignorado";"Simples";"Curva;Aclive";"Não";1;1;0;0;0;0;0;1;-26,80291044;-53,31177033;"SPRF-SC";"DEL07-SC";"UOP02-DEL07-SC"
746611;2026-01-18;"domingo";"22:17:00";"RN";304;226;"CAICARA DO RIO DO VENTO";"Transitar na contramão";"Colisão lateral mesmo sentido";"Sem Vítimas";"Plena Noite";"Crescente";"Céu Claro";"Simples";"Reta";"Não";3;0;0;0;1;2;0;3;-5,75668434;-35,96460041;"SPRF-RN";"DEL01-RN";"UOP03-DEL01-RN"
746619;2026-01-19;"segunda-feira";"00:30:00";"RJ";101;226;"SILVA JARDIM";"Mal súbito do condutor";"Saída de leito carroçável";"Com Vítimas Feridas";"Plena Noite";"Crescente";"Nublado";"Dupla";"Reta";"Não";1;0;1;0;0;0;1;1;-22,57483843;-42,37938207;"SPRF-RJ";"DEL02-RJ";"UOP03-DEL02-RJ"
746622;2026-01-19;"segunda-feira";"05:24:00";"PI";343;334,9;"TERESINA";"Avarias e/ou desgaste excessivo no pneu";"Colisão com objeto";"Com Vítimas Feridas";"Amanhecer";"Crescente";"Chuva";"Dupla";"Retorno Regulamentado;Reta";"Sim";2;0;1;1;0;0;2;1;-5,05835091;-42,68983912;"SPRF-PI";"DEL01-PI";"UOP01-DEL01-PI"
746627;2026-01-19;"segunda-feira";"04:00:00";"MG";365;155;"PIRAPORA";"Acesso irregular";"Colisão transversal";"Com Vítimas Feridas";"Amanhecer";"Decrescente";"Nublado";"Simples";"Reta";"Não";3;0;2;0;1;0;2;2;-17,31034;-44,89496;"SPRF-MG";"DEL10-MG";"UOP02-DEL010-MG"
746630;2026-01-19;"segunda-feira";"06:10:00";"GO";60;16,8;"ALEXANIA";"Reação tardia ou ineficiente do condutor";"Colisão traseira";"Com Vítimas Feridas";"Pleno dia";"Decrescente";"Céu Claro";"Dupla";"Reta;Aclive";"Não";2;0;1;0;1;0;1;2;-16,117678;-48,373353;"SPRF-DF";"DEL03-DF";"UOP01-DEL03-DF"
746631;2026-01-19;"segunda-feira";"07:00:00";"MG";381;326;"NOVA ERA";"Acessar a via sem observar a presença dos outros veículos";"Colisão transversal";"Com Vítimas Feridas";"Pleno dia";"Crescente";"Nublado";"Simples";"Interseção de Vias;Reta";"Não";4;0;1;0;3;0;1;2;-19,774;-43,045;"SPRF-MG";"DEL03-MG";"UOP02-DEL03-MG"
746633;2026-01-18;"domingo";"22:30:00";"MT";364;521;"ROSARIO OESTE";"Ausência de reação do condutor";"Colisão traseira";"Com Vítimas Feridas";"Plena Noite";"Decrescente";"Céu Claro";"Simples";"Reta";"Não";3;0;1;0;1;2;1;4;-15,006648;-56,516213;"SPRF-MT";"DEL01-MT";"UOP01-DEL01-MT"
746648;2026-01-19;"segunda-feira";"06:40:00";"MA";135;49;"BACABEIRA";"Acumulo de água sobre o pavimento";"Tombamento";"Com Vítimas Feridas";"Pleno dia";"Decrescente";"Chuva";"Dupla";"Reta";"Não";1;0;1;0;0;0;1;1;-2,954843;-44,324234;"SPRF-MA";"DEL01-MA";"UOP01-DEL01-MA"
746661;2026-01-19;"segunda-feira";"07:50:00";"SC";116;98,9;"MONTE CASTELO";"Acessar a via sem observar a presença dos outros veículos";"Saída de leito carroçável";"Com Vítimas Feridas";"Pleno dia";"Decrescente";"Céu Claro";"Simples";"Interseção de Vias;Reta";"Não";4;0;1;0;3;0;1;2;-26,70409315;-50,29238999;"SPRF-SC";"DEL06-SC";"UOP02-DEL06-SC"
746662;2026-01-19;"segunda-feira";"09:10:00";"SC";470;140;"RIO DO SUL";"Acumulo de óleo sobre o pavimento";"Tombamento";"Com Vítimas Feridas";"Pleno dia";"Decrescente";"Céu Claro";"Simples";"Retorno Regulamentado";"Sim";2;0;1;0;1;0;1;2;-27,202362;-49,6334412;"SPRF-SC";"DEL04-SC";"UOP02-DEL04-SC"
746665;2026-01-19;"segunda-feira";"09:30:00";"RJ";393;272;"BARRA DO PIRAI";"Demais falhas mecânicas ou elétricas";"Colisão frontal";"Com Vítimas Feridas";"Pleno dia";"Decrescente";"Céu Claro";"Simples";"Reta";"Não";3;0;1;0;1;1;1;3;-22,47819843;-43,98322955;"SPRF-RJ";"DEL05-RJ";"UOP04-DEL05-RJ"
746666;2026-01-19;"segunda-feira";"06:30:00";"GO";60;35,6;"ALEXANIA";"Demais falhas mecânicas ou elétricas";"Incêndio";"Sem Vítimas";"Amanhecer";"Decrescente";"Chuva";"Múltipla";"Reta";"Não";2;0;0;0;1;2;0;3;-16,113977;-48,534097;"SPRF-DF";"DEL03-DF";"UOP01-DEL03-DF"
746668;2026-01-19;"segunda-feira";"10:25:00";"SC";101;202;"SAO JOSE";"Acessar a via sem observar a presença dos outros veículos";"Colisão transversal";"Com Vítimas Feridas";"Pleno dia";"Crescente";"Nublado";"Dupla";"Interseção de Vias;Reta";"Sim";3;0;1;1;1;0;2;2;-27,562965;-48,61588;"SPRF-SC";"DEL01-SC";"UOP01-DEL01-SC"
746670;2026-01-19;"segunda-feira";"09:40:00";"BA";324;611;"SIMOES FILHO";"Condutor deixou de manter distância do veículo da frente";"Engavetamento";"Com Vítimas Feridas";"Pleno dia";"Crescente";"Céu Claro";"Dupla";"Reta";"Sim";6;0;4;0;2;0;4;3;-12,850807;-38,418916;"SPRF-BA";"DEL01-BA";"UOP01-DEL01-BA"
746671;2026-01-19;"segunda-feira";"09:35:00";"RN";406;125;"TAIPU";"Reação tardia ou ineficiente do condutor";"Colisão traseira";"Com Vítimas Feridas";"Pleno dia";"Decrescente";"Céu Claro";"Simples";"Reta;Aclive";"Não";2;0;1;0;1;0;1;2;-5,604;-35,615;"SPRF-RN";"DEL02-RN";"UOP01-DEL02-RN"
746679;2026-01-19;"segunda-feira";"08:01:00";"PE";232;214;"PESQUEIRA";"Reação tardia ou ineficiente do condutor";"Capotamento";"Com Vítimas Fatais";"Pleno dia";"Crescente";"Céu Claro";"Simples";"Reta";"Não";1;1;0;0;0;0;0;1;-8,383514;-36,737807;"SPRF-PE";"DEL03-PE";"UOP02-DEL03-PE"
746682;2026-01-19;"segunda-feira";"08:45:00";"AC";364;123;"RIO BRANCO";"Reação tardia ou ineficiente do condutor";"Colisão traseira";"Com Vítimas Feridas";"Pleno dia";"Decrescente";"Céu Claro";"Dupla";"Retorno Regulamentado;Reta";"Sim";3;0;1;0;1;1;1;3;-10,01180682;-67,7908859;"SPRF-AC";"DEL01-AC";"UOP01-DEL01-AC"
746685;2026-01-19;"segunda-feira";"10:50:00";"ES";101;144,2;"LINHARES";"Acessar a via sem observar a presença dos outros veículos";"Colisão lateral mesmo sentido";"Com Vítimas Feridas";"Pleno dia";"Crescente";"Céu Claro";"Múltipla";"Reta";"Sim";3;0;1;0;1;1;1;2;-19,3548557;-40,0623289;"SPRF-ES";"DEL04-ES";"UOP01-DEL04-ES"
746687;2026-01-19;"segunda-feira";"11:30:00";"RJ";116;179;"MESQUITA";"Ausência de reação do condutor";"Colisão lateral mesmo sentido";"Com Vítimas Feridas";"Pleno dia";"Decrescente";"Céu Claro";"Dupla";"Reta";"Sim";2;0;1;0;1;0;1;2;-22,7772004;-43,3978951;"SPRF-RJ";"DEL06-RJ";"UOP01-DEL06-RJ"
746691;2026-01-19;"segunda-feira";"12:25:00";"MG";50;63;"UBERLANDIA";"Demais falhas mecânicas ou elétricas";"Incêndio";"Sem Vítimas";"Pleno dia";"Crescente";"Céu Claro";"Dupla";"Reta";"Não";2;0;0;0;1;1;0;2;-18,837605;-48,250763;"SPRF-MG";"DEL15-MG";"UOP02-DEL15-MG"
746695;2026-01-19;"segunda-feira";"11:13:00";"CE";20;203;"BOA VIAGEM";"Entrada inopinada do pedestre";"Atropelamento de Pedestre";"Com Vítimas Feridas";"Pleno dia";"Decrescente";"Céu Claro";"Simples";"Reta;Interseção de Vias";"Sim";2;0;1;0;1;0;1;2;-5,125;-39,7362;"SPRF-CE";"DEL02-CE";"UOP02-DEL02-CE"
746704;2026-01-19;"segunda-feira";"08:10:00";"SC";282;417;"JOACABA";"Transitar na contramão";"Colisão lateral sentido oposto";"Com Vítimas Feridas";"Pleno dia";"Crescente";"Céu Claro";"Simples";"Curva";"Não";3;0;2;0;1;0;2;2;-27,17385;-51,55254063;"SPRF-SC";"DEL07-SC";"UOP05-DEL07-SC"
746705;2026-01-19;"segunda-feira";"09:10:00";"AL";101;43,9;"FLEXEIRAS";"Velocidade Incompatível";"Colisão com objeto";"Com Vítimas Fatais";"Pleno dia";"Decrescente";"Céu Claro";"Dupla";"Aclive;Curva";"Não";2;1;0;0;0;2;0;3;-9,193588;-35,787355;"SPRF-AL";"DEL01-AL";"UOP02-DEL01-AL"
746706;2026-01-19;"segunda-feira";"10:35:00";"RJ";40;86;"PETROPOLIS";"Problema com o freio";"Tombamento";"Com Vítimas Feridas";"Pleno dia";"Crescente";"Nublado";"Dupla";"Curva;Declive";"Não";1;0;1;0;0;0;1;1;-22,543798;-43,233662;"SPRF-RJ";"DEL01-RJ";"UOP01-DEL01-RJ"
746709;2026-01-19;"segunda-feira";"06:48:00";"PA";163;548;"TRAIRAO";"Reação tardia ou ineficiente do condutor";"Colisão traseira";"Com Vítimas Feridas";"Amanhecer";"Decrescente";"Nublado";"Simples";"Reta;Aclive";"Não";6;0;2;0;3;5;2;7;-5,195695;-56,04520833;"SPRF-PA";"DEL05-PA";"UOP03-DEL05-PA"
746718;2026-01-19;"segunda-feira";"14:38:00";"TO";153;309;"GUARAI";"Manobra de mudança de faixa";"Colisão lateral sentido oposto";"Com Vítimas Feridas";"Pleno dia";"Decrescente";"Céu Claro";"Simples";"Curva";"Não";8;0;0;3;2;3;3;4;-8,60903;-48,48129;"SPRF-TO";"DEL02-TO";"UOP02-DEL02-TO"
746719;2026-01-19;"segunda-feira";"14:50:00";"PR";153;336,5;"IRATI";"Ultrapassagem Indevida";"Colisão transversal";"Com Vítimas Feridas";"Pleno dia";"Decrescente";"Céu Claro";"Simples";"Reta";"Sim";2;0;1;0;1;0;1;2;-25,47799232;-50,6401062;"SPRF-PR";"DEL08-PR";"UOP02-DEL08-PR"
746726;2026-01-19;"segunda-feira";"14:30:00";"MS";267;187;"NOVA ALVORADA DO SUL";"Acessar a via sem observar a presença dos outros veículos";"Colisão transversal";"Com Vítimas Feridas";"Pleno dia";"Decrescente";"Céu Claro";"Simples";"Reta";"Não";2;0;0;1;1;0;1;2;-21,60147;-53,840723;"SPRF-MS";"DEL02-MS";"UOP03-DEL02-MS"
746740;2026-01-19;"segunda-feira";"14:40:00";"BA";324;617;"SALVADOR";"Ausência de reação do condutor";"Colisão lateral mesmo sentido";"Com Vítimas Feridas";"Pleno dia";"Crescente";"Céu Claro";"Dupla";"Reta";"Sim";4;0;0;1;2;2;1;4;-12,8881;-38,441347;"SPRF-BA";"DEL01-BA";"UOP01-DEL01-BA"
746751;2026-01-19;"segunda-feira";"18:00:00";"SC";282;22,4;"SANTO AMARO DA IMPERATRIZ";"Reação tardia ou ineficiente do condutor";"Colisão traseira";"Com Vítimas Feridas";"Pleno dia";"Crescente";"Nublado";"Simples";"Reta";"Sim";4;0;1;0;3;0;1;3;-27,68915;-48,73164;"SPRF-SC";"DEL01-SC";"UOP02-DEL01-SC"
746752;2026-01-19;"segunda-feira";"05:00:00";"PA";230;393,2;"PACAJA";"Reação tardia ou ineficiente do condutor";"Saída de leito carroçável";"Com Vítimas Feridas";"Amanhecer";"Crescente";"Céu Claro";"Simples";"Curva";"Não";4;0;2;1;0;1;3;2;-3,847028;-50,521197;"SPRF-PA";"DEL04-PA";"UOP01-DEL04-PA"
746762;2026-01-19;"segunda-feira";"14:12:00";"MG";116;382,3;"MATHIAS LOBATO";"Reação tardia ou ineficiente do condutor";"Engavetamento";"Com Vítimas Feridas";"Pleno dia";"Decrescente";"Nublado";"Simples";"Reta";"Não";5;0;1;0;4;0;1;4;-18,625912;-41,943652;"SPRF-MG";"DEL06-MG";"UOP01-DEL06-MG"
746763;2026-01-19;"segunda-feira";"17:00:00";"PR";469;15,1;"FOZ DO IGUACU";"Reação tardia ou ineficiente do condutor";"Colisão transversal";"Com Vítimas Fatais";"Pleno dia";"Decrescente";"Céu Claro";"Simples";"Reta;Em Obras";"Não";2;1;0;0;1;0;0;2;-25,592;-54,516;"SPRF-PR";"DEL05-PR";"UOP04-DEL05-PR"
746770;2026-01-19;"segunda-feira";"18:30:00";"GO";20;181;"ALVORADA DO NORTE";"Demais falhas mecânicas ou elétricas";"Incêndio";"Sem Vítimas";"Plena Noite";"Crescente";"Céu Claro";"Dupla";"Reta";"Não";1;0;0;0;1;0;0;1;-14,502465;-46,513522;"SPRF-DF";"DEL02-DF";"UOP03-DEL02-DF"
746780;2026-01-19;"segunda-feira";"18:10:00";"MG";116;692,2;"MURIAE";"Transitar na contramão";"Colisão lateral sentido oposto";"Com Vítimas Feridas";"Anoitecer";"Decrescente";"Nublado";"Simples";"Curva";"Não";5;0;3;0;1;1;3;3;-21,041411;-42,366472;"SPRF-MG";"DEL07-MG";"UOP02-DEL07-MG"
746781;2026-01-19;"segunda-feira";"20:00:00";"PR";369;202,3;"APUCARANA";"Condutor desrespeitou a iluminação vermelha do semáforo";"Colisão transversal";"Com Vítimas Feridas";"Plena Noite";"Decrescente";"Céu Claro";"Simples";"Interseção de Vias";"Sim";3;0;2;0;1;0;2;2;-23,544424;-51,453954;"SPRF-PR";"DEL07-PR";"UOP03-DEL07-PR"
746783;2026-01-19;"segunda-feira";"19:25:00";"RO";364;4;"VILHENA";"Demais falhas na via";"Colisão traseira";"Com Vítimas Feridas";"Plena Noite";"Crescente";"Céu Claro";"Simples";"Reta";"Não";3;0;1;0;2;0;1;3;-12,79459794;-60,08700639;"SPRF-RO";"DEL04-RO";"UOP01-DEL04-RO"
746786;2026-01-19;"segunda-feira";"20:40:00";"BA";324;614;"SALVADOR";"Ingestão de álcool pelo condutor";"Colisão traseira";"Sem Vítimas";"Plena Noite";"Crescente";"Céu Claro";"Dupla";"Reta";"Sim";2;0;0;0;1;1;0;2;-12,8745981;-38,4290431;"SPRF-BA";"DEL01-BA";"UOP01-DEL01-BA"
746787;2026-01-19;"segunda-feira";"20:00:00";"MT";70;37;"BARRA DO GARCAS";"Transitar na contramão";"Colisão frontal";"Com Vítimas Feridas";"Plena Noite";"Crescente";"Chuva";"Simples";"Reta";"Não";2;0;1;0;1;0;1;2;-15,8725112;-52,3855145;"SPRF-MT";"DEL07-MT";"UOP01-DEL07-MT"
746790;2026-01-19;"segunda-feira";"18:30:00";"PE";424;23;"PEDRA";"Ultrapassagem Indevida";"Colisão frontal";"Com Vítimas Feridas";"Plena Noite";"Crescente";"Céu Claro";"Simples";"Reta";"Não";4;0;0;3;1;0;3;2;-8,535265;-36,914164;"SPRF-PE";"DEL04-PE";"UOP02-DEL04-PE"
746796;2026-01-19;"segunda-feira";"22:10:00";"MG";365;636;"UBERLANDIA";"Ausência de reação do condutor";"Colisão traseira";"Sem Vítimas";"Plena Noite";"Decrescente";"Céu Claro";"Dupla";"Reta";"Não";2;0;0;0;1;1;0;2;-18,89113;-48,428418;"SPRF-MG";"DEL15-MG";"UOP01-DEL15-MG"
746800;2026-01-19;"segunda-feira";"20:00:00";"RJ";101;28,4;"CAMPOS DOS GOYTACAZES";"Condutor usando celular";"Saída de leito carroçável";"Com Vítimas Feridas";"Plena Noite";"Crescente";"Céu Claro";"Simples";"Reta";"Não";2;0;1;0;0;1;1;2;-21,453087;-41,3434;"SPRF-RJ";"DEL08-RJ";"UOP01-DEL08-RJ"
746804;2026-01-19;"segunda-feira";"22:00:00";"MS";376;111;"IVINHEMA";"Demais falhas mecânicas ou elétricas";"Incêndio";"Sem Vítimas";"Plena Noite";"Crescente";"Nublado";"Simples";"Reta";"Não";2;0;0;0;1;1;0;2;-22,30793511;-53,84650603;"SPRF-MS";"DEL04-MS";"UOP04-DEL04-MS"
746805;2026-01-19;"segunda-feira";"20:50:00";"SC";101;168,4;"TIJUCAS";"Acessar a via sem observar a presença dos outros veículos";"Colisão lateral mesmo sentido";"Sem Vítimas";"Plena Noite";"Crescente";"Nublado";"Dupla";"Reta";"Não";3;0;0;0;2;3;0;5;-27,28356;-48,63045;"SPRF-SC";"DEL04-SC";"UOP03-DEL04-SC"
746806;2026-01-19;"segunda-feira";"23:30:00";"MA";135;167,4;"MATOES DO NORTE";"Afundamento ou ondulação no pavimento";"Saída de leito carroçável";"Com Vítimas Feridas";"Plena Noite";"Decrescente";"Céu Claro";"Simples";"Reta";"Não";2;0;1;0;0;1;1;2;-3,9083;-44,479938;"SPRF-MA";"DEL03-MA";"UOP01-DEL03-MA"
746807;2026-01-19;"segunda-feira";"21:05:00";"MG";153;195;"FRUTAL";"Demais falhas na via";"Colisão lateral sentido oposto";"Com Vítimas Feridas";"Plena Noite";"Decrescente";"Chuva";"Simples";"Declive;Reta;Ponte";"Não";3;0;1;1;0;3;2;5;-19,92689728;-48,95818949;"SPRF-MG";"DEL13-MG";"UOP02-DEL13-MG"
746808;2026-01-20;"terça-feira";"00:25:00";"SC";101;213,7;"PALHOCA";"Ausência de reação do condutor";"Colisão traseira";"Com Vítimas Feridas";"Plena Noite";"Decrescente";"Céu Claro";"Múltipla";"Reta";"Não";3;0;0;1;1;1;1;3;-27,64670676;-48,6672771;"SPRF-SC";"DEL01-SC";"UOP02-DEL01-SC"
746809;2026-01-19;"segunda-feira";"22:30:00";"CE";222;263,9;"COREAU";"Acesso irregular";"Colisão transversal";"Sem Vítimas";"Plena Noite";"Crescente";"Céu Claro";"Simples";"Reta";"Sim";2;0;0;0;1;1;0;2;-3,74877699;-40,69362827;"SPRF-CE";"DEL04-CE";"UOP02-DEL04-CE"
746815;2026-01-20;"terça-feira";"01:30:00";"BA";20;251,2;"CORRENTINA";"Reação tardia ou ineficiente do condutor";"Colisão traseira";"Com Vítimas Feridas";"Plena Noite";"Crescente";"Nublado";"Simples";"Reta;Aclive";"Não";4;0;1;1;2;0;2;2;-13,96593;-46,193452;"SPRF-BA";"DEL10-BA";"UOP01-DEL10-BA"
746825;2026-01-19;"segunda-feira";"20:00:00";"GO";452;8,4;"RIO VERDE";"Ausência de reação do condutor";"Colisão traseira";"Sem Vítimas";"Plena Noite";"Decrescente";"Chuva";"Simples";"Declive;Reta";"Não";3;0;0;0;2;3;0;5;-17,826528;-50,832997;"SPRF-GO";"DEL04-GO";"UOP01-DEL04-GO"
746826;2026-01-20;"terça-feira";"05:50:00";"GO";364;208;"JATAI";"Ingestão de álcool pelo condutor";"Colisão lateral sentido oposto";"Sem Vítimas";"Pleno dia";"Crescente";"Céu Claro";"Simples";"Reta";"Não";4;0;0;0;3;1;0;3;-17,90238352;-51,83405399;"SPRF-GO";"DEL05-GO";"UOP01-DEL05-GO"
746827;2026-01-20;"terça-feira";"05:30:00";"PE";232;557;"PARNAMIRIM";"Transitar na contramão";"Colisão lateral sentido oposto";"Com Vítimas Feridas";"Amanhecer";"Crescente";"Nublado";"Simples";"Reta";"Não";44;0;2;0;41;1;2;3;-8,093649;-39,561504;"SPRF-PE";"DEL05-PE";"UOP01-DEL05-PE"
746833;2026-01-19;"segunda-feira";"20:00:00";"MG";365;464;"PATROCINIO";"Demais falhas mecânicas ou elétricas";"Saída de leito carroçável";"Com Vítimas Feridas";"Plena Noite";"Decrescente";"Nublado";"Simples";"Declive;Reta";"Não";2;0;1;0;0;1;1;2;-18,88371;-46,92398;"SPRF-MG";"DEL10-MG";"UOP01-DEL10-MG"
746840;2026-01-20;"terça-feira";"07:50:00";"PR";376;630;"SAO JOSE DOS PINHAIS";"Ingestão de substâncias psicoativas pelo condutor";"Colisão lateral mesmo sentido";"Sem Vítimas";"Pleno dia";"Crescente";"Céu Claro";"Múltipla";"Reta";"Sim";4;0;0;0;3;1;0;4;-25,70649878;-49,14093626;"SPRF-PR";"DEL01-PR";"UOP04-DEL01-PR"
746842;2026-01-20;"terça-feira";"06:50:00";"SC";153;98;"CONCORDIA";"Retorno proibido";"Colisão frontal";"Com Vítimas Feridas";"Pleno dia";"Decrescente";"Céu Claro";"Simples";"Curva";"Não";6;0;0;1;4;1;1;6;-27,233578;-51,9499692;"SPRF-SC";"DEL07-SC";"UOP04-DEL07-SC"
746843;2026-01-20;"terça-feira";"06:35:00";"PA";316;106;"SANTA MARIA DO PARA";"Demais falhas mecânicas ou elétricas";"Colisão com objeto";"Com Vítimas Feridas";"Pleno dia";"Crescente";"Céu Claro";"Simples";"Declive";"Não";9;0;1;0;7;1;1;5;-1,33812579;-47,54381273;"SPRF-PA";"DEL01-PA";"UOP02-DEL01-PA"
746850;2026-01-20;"terça-feira";"06:00:00";"CE";222;252;"SOBRAL";"Demais falhas mecânicas ou elétricas";"Eventos atípicos";"Sem Vítimas";"Pleno dia";"Crescente";"Céu Claro";"Simples";"Reta";"Não";2;0;0;0;2;0;0;1;-3,75432;-40,5831;"SPRF-CE";"DEL04-CE";"UOP02-DEL04-CE"
746855;2026-01-20;"terça-feira";"06:20:00";"MT";70;497;"CUIABA";"Desvio temporário";"Tombamento";"Com Vítimas Feridas";"Pleno dia";"Crescente";"Céu Claro";"Simples";"Desvio Temporário;Curva;Em Obras";"Sim";2;0;1;0;1;0;1;1;-15,66110257;-56,0070017;"SPRF-MT";"DEL01-MT";"UOP02-DEL01-MT"
746865;2026-01-20;"terça-feira";"06:15:00";"TO";153;6;"XAMBIOA";"Demais falhas mecânicas ou elétricas";"Incêndio";"Sem Vítimas";"Amanhecer";"Crescente";"Céu Claro";"Simples";"Declive;Reta";"Não";2;0;0;0;1;1;0;2;-6,434785;-48,521815;"SPRF-TO";"DEL02-TO";"UOP01-DEL02-TO"
746867;2026-01-20;"terça-feira";"09:30:00";"GO";20;57,8;"SIMOLANDIA";"Reação tardia ou ineficiente do condutor";"Colisão traseira";"Com Vítimas Feridas";"Pleno dia";"Crescente";"Chuva";"Dupla";"Interseção de Vias";"Não";4;0;1;0;2;1;1;3;-14,4513287;-46,4692184;"SPRF-DF";"DEL02-DF";"UOP02-DEL02-DF"
746868;2026-01-20;"terça-feira";"08:45:00";"MT";364;337;"SANTO ANTONIO DO LEVERGER";"Reação tardia ou ineficiente do condutor";"Saída de leito carroçável";"Com Vítimas Feridas";"Pleno dia";"Crescente";"Céu Claro";"Dupla";"Curva";"Não";3;0;0;2;0;1;2;2;-15,837713;-55,489378;"SPRF-MT";"DEL05-MT";"UOP02-DEL05-MT"
746871;2026-01-20;"terça-feira";"08:20:00";"MA";316;253,8;"PINDARE-MIRIM";"Acessar a via sem observar a presença dos outros veículos";"Colisão transversal";"Com Vítimas Feridas";"Pleno dia";"Decrescente";"Céu Claro";"Simples";"Reta;Declive";"Não";3;0;1;0;2;0;1;2;-3,656508;-45,444693;"SPRF-MA";"DEL02-MA";"UOP01-DEL02-MA"
746873;2026-01-19;"segunda-feira";"22:00:00";"BA";116;597;"IRAJUBA";"Velocidade Incompatível";"Colisão traseira";"Com Vítimas Fatais";"Plena Noite";"Crescente";"Chuva";"Simples";"Curva";"Não";18;2;14;0;1;1;14;3;-13,21843;-40,02919;"SPRF-BA";"DEL03-BA";"UOP02-DEL03-BA"
746874;2026-01-19;"segunda-feira";"22:00:00";"BA";116;564;"BREJOES";"Carga excessiva e/ou mal acondicionada";"Saída de leito carroçável";"Sem Vítimas";"Plena Noite";"Crescente";"Chuva";"Simples";"Curva";"Não";2;0;0;0;1;1;0;2;-12,99392;-39,95215;"SPRF-BA";"DEL03-BA";"UOP02-DEL03-BA"
746875;2026-01-20;"terça-feira";"05:00:00";"BA";242;296;"LAJEDINHO";"Demais falhas mecânicas ou elétricas";"Incêndio";"Sem Vítimas";"Pleno dia";"Decrescente";"Garoa/Chuvisco";"Simples";"Reta";"Não";2;0;0;0;1;2;0;3;-12,44335774;-40,82082331;"SPRF-BA";"DEL06-BA";"UOP02-DEL06-BA"
746876;2026-01-20;"terça-feira";"10:10:00";"PR";153;461;"PORTO VITORIA";"Ultrapassagem Indevida";"Colisão lateral sentido oposto";"Com Vítimas Feridas";"Pleno dia";"Decrescente";"Céu Claro";"Simples";"Curva;Declive";"Não";5;0;1;0;3;3;1;7;-26,23381411;-51,1478072;"SPRF-PR";"DEL02-PR";"UOP03-DEL02-PR"
746882;2026-01-20;"terça-feira";"08:50:00";"MS";163;548;"BANDEIRANTES";"Desrespeitar a preferência no cruzamento";"Colisão transversal";"Com Vítimas Feridas";"Pleno dia";"Crescente";"Céu Claro";"Simples";"Reta;Interseção de Vias;Em Obras";"Sim";3;0;1;0;2;0;1;2;-19,918564;-54,369125;"SPRF-MS";"DEL01-MS";"UOP02-DEL01-MS"
746886;2026-01-20;"terça-feira";"10:30:00";"SC";163;72,2;"SAO MIGUEL DO OESTE";"Acessar a via sem observar a presença dos outros veículos";"Colisão transversal";"Sem Vítimas";"Pleno dia";"Crescente";"Céu Claro";"Dupla";"Interseção de Vias";"Não";3;0;0;0;2;1;0;3;-26,71916643;-53,51556228;"SPRF-SC";"DEL07-SC";"UOP03-DEL07-SC"
746887;2026-01-20;"terça-feira";"11:39:00";"MG";40;461,8;"SETE LAGOAS";"Acumulo de água sobre o pavimento";"Colisão traseira";"Com Vítimas Feridas";"Pleno dia";"Crescente";"Chuva";"Dupla";"Declive;Reta";"Sim";5;0;3;1;1;0;4;2;-19,41278;-44,3375;"SPRF-MG";"DEL02-MG";"UOP01-DEL02-MG"
746889;2026-01-20;"terça-feira";"12:00:00";"PR";369;508;"CASCAVEL";"Carga excessiva e/ou mal acondicionada";"Tombamento";"Sem Vítimas";"Pleno dia";"Crescente";"Céu Claro";"Múltipla";"Curva;Aclive;Interseção de Vias";"Sim";2;0;0;0;1;1;0;2;-24,96533166;-53,40434611;"SPRF-PR";"DEL04-PR";"UOP01-DEL04-PR"
746890;2026-01-20;"terça-feira";"06:00:00";"BA";101;443;"UBAITABA";"Afundamento ou ondulação no pavimento";"Colisão com objeto";"Com Vítimas Feridas";"Amanhecer";"Crescente";"Garoa/Chuvisco";"Simples";"Reta";"Sim";1;0;1;0;0;0;1;1;-14,305077;-39,322935;"SPRF-BA";"DEL05-BA";"UOP01-DEL05-BA"
746891;2026-01-20;"terça-feira";"11:30:00";"MG";50;132;"UBERABA";"Demais Fenômenos da natureza";"Colisão com objeto";"Com Vítimas Feridas";"Pleno dia";"Decrescente";"Sol";"Dupla";"Curva;Aclive";"Não";2;0;1;0;0;3;1;4;-19,41153416;-48,07374716;"SPRF-MG";"DEL13-MG";"UOP01-DEL13-MG"