"id";"data_inversa";"dia_semana";"horario";"uf";"br";"km";"municipio";"causa_acidente";"tipo_acidente";"classificacao_acidente";"fase_dia";"sentido_via";"condicao_metereologica";"tipo_pista";"tracado_via";"uso_solo";"pessoas";"mortos";"feridos_leves";"feridos_graves";"ilesos";"ignorados";"feridos";"veiculos";"latitude";"longitude";"regional";"delegacia";"uop"
746914;2026-01-20;"terça-feira";"14:00:00";"BA";101;262;"SANTO ANTONIO DE JESUS";"Acessar a via sem observar a presença dos outros veículos";"Colisão transversal";"Com Vítimas Feridas";"Pleno dia";"Crescente";"Chuva";"Simples";"Interseção de Vias;Reta";"Sim";2;0;1;0;1;0;1;2;-12,9756527;-39,275907;"SPRF-BA";"DEL01-BA";"UOP02-DEL01-BA"
746915;2026-01-20;"terça-feira";"09:30:00";"PR";376;343,3;"ORTIGUEIRA";"Reação tardia ou ineficiente do condutor";"Saída de leito carroçável";"Com Vítimas Feridas";"Pleno dia";"Decrescente";"Céu Claro";"Simples";"Curva";"Não";2;0;1;0;0;2;1;3;-24,18779676;-50,96084476;"SPRF-PR";"DEL07-PR";"UOP02-DEL07-PR"
746917;2026-01-20;"terça-feira";"13:58:00";"MG";381;487;"BETIM";"Reação tardia ou ineficiente do condutor";"Tombamento";"Com Vítimas Feridas";"Pleno dia";"Decrescente";"Chuva";"Dupla";"Declive;Curva";"Sim";2;0;1;0;1;0;1;1;-19,95624622;-44,11834717;"SPRF-MG";"DEL01-MG";"UOP03-DEL01-MG"
746918;2026-01-20;"terça-feira";"11:40:00";"RO";364;372,2;"OURO PRETO DO OESTE";"Demais falhas mecânicas ou elétricas";"Colisão com objeto";"Sem Vítimas";"Pleno dia";"Crescente";"Céu Claro";"Simples";"Aclive;Curva";"Não";2;0;0;0;1;1;0;2;-10,75325;-62,164778;"SPRF-RO";"DEL02-RO";"UOP01-DEL02-RO"
746924;2026-01-20;"terça-feira";"11:45:00";"MT";364;486;"JANGADA";"Curva acentuada";"Saída de leito carroçável";"Com Vítimas Feridas";"Pleno dia";"Crescente";"Chuva";"Simples";"Curva";"Não";1;0;1;0;0;0;1;1;-15,2900411;-56,434703;"SPRF-MT";"DEL01-MT";"UOP02-DEL01-MT"
746929;2026-01-20;"terça-feira";"10:15:00";"MG";381;438,3;"SANTA LUZIA";"Velocidade Incompatível";"Saída de leito carroçável";"Com Vítimas Feridas";"Pleno dia";"Crescente";"Chuva";"Simples";"Declive;Curva";"Não";2;0;1;0;0;1;1;2;-19,81597328;-43,80212399;"SPRF-MG";"DEL01-MG";"UOP01-DEL01-MG"
746931;2026-01-20;"terça-feira";"14:35:00";"SC";280;58;"GUARAMIRIM";"Condutor deixou de manter distância do veículo da frente";"Colisão traseira";"Com Vítimas Feridas";"Pleno dia";"Decrescente";"Céu Claro";"Dupla";"Reta";"Não";2;0;0;1;1;0;1;2;-26,474305;-49,024552;"SPRF-SC";"DEL03-SC";"UOP03-DEL03-SC"
746933;2026-01-20;"terça-feira";"14:45:00";"PA";155;285;"ELDORADO DO CARAJAS";"Ultrapassagem Indevida";"Colisão lateral sentido oposto";"Com Vítimas Feridas";"Pleno dia";"Decrescente";"Céu Claro";"Simples";"Reta";"Não";4;0;0;1;2;1;1;4;-5,85347;-49,19383;"SPRF-PA";"DEL03-PA";"UOP01-DEL03-PA"
746936;2026-01-20;"terça-feira";"15:56:00";"SP";116;293;"ITAPECERICA DA SERRA";"Reação tardia ou ineficiente do condutor";"Colisão traseira";"Com Vítimas Feridas";"Pleno dia";"Decrescente";"Chuva";"Dupla";"Reta";"Sim";3;0;0;1;1;1;1;3;-23,74550435;-46,89993972;"SPRF-SP";"DEL04-SP";"UOP01-DEL04-SP"
746938;2026-01-12;"segunda-feira";"19:00:00";"ES";101;257,9;"SERRA";"Ausência de reação do condutor";"Colisão traseira";"Com Vítimas Feridas";"Plena Noite";"Decrescente";"Nublado";"Dupla";"Aclive;Reta";"Não";4;0;1;0;2;1;1;3;-20,12825032;-40,29886934;"SPRF-ES";"DEL02-ES";"UOP01-DEL02-ES"
746939;2026-01-20;"terça-feira";"16:45:00";"ES";101;298;"VIANA";"Condutor deixou de manter distância do veículo da frente";"Colisão traseira";"Com Vítimas Feridas";"Pleno dia";"Crescente";"Chuva";"Dupla";"Viaduto;Reta;Aclive";"Sim";2;0;0;1;1;0;1;2;-20,35400911;-40,41593772;"SPRF-ES";"DEL01-ES";"UOP01-DEL01-ES"
746942;2026-01-20;"terça-feira";"12:35:00";"TO";153;637,7;"ALIANCA DO TOCANTINS";"Reação tardia ou ineficiente do condutor";"Saída de leito carroçável";"Com Vítimas Feridas";"Pleno dia";"Crescente";"Chuva";"Simples";"Aclive;Reta";"Não";1;0;1;0;0;0;1;1;-11,33172867;-48,94886971;"SPRF-TO";"DEL01-TO";"UOP02-DEL01-TO"
746944;2026-01-20;"terça-feira";"11:00:00";"SC";282;423,8;"VARGEM BONITA";"Velocidade Incompatível";"Tombamento";"Com Vítimas Feridas";"Pleno dia";"Decrescente";"Céu Claro";"Simples";"Curva;Declive";"Não";2;0;1;0;0;1;1;2;-26,99233694;-51,75195979;"SPRF-SC";"DEL07-SC";"UOP05-DEL07-SC"
746945;2026-01-20;"terça-feira";"17:35:00";"PR";376;624;"SAO JOSE DOS PINHAIS";"Acesso irregular";"Atropelamento de Pedestre";"Com Vítimas Fatais";"Pleno dia";"Crescente";"Céu Claro";"Dupla";"Reta";"Sim";2;1;0;0;1;0;0;2;-25,654685;-49,156623;"SPRF-PR";"DEL01-PR";"UOP04-DEL01-PR"
746946;2026-01-20;"terça-feira";"16:00:00";"BA";116;508;"SANTA TERESINHA";"Demais falhas mecânicas ou elétricas";"Incêndio";"Sem Vítimas";"Pleno dia";"Decrescente";"Nublado";"Simples";"Curva";"Não";2;0;0;0;1;2;0;3;-12,650573;-39,608538;"SPRF-BA";"DEL02-BA";"UOP01-DEL02-BA"
746964;2026-01-10;"sábado";"04:00:00";"TO";153;353,5;"FORTALEZA DO TABOCAO";"Velocidade Incompatível";"Colisão traseira";"Com Vítimas Fatais";"Plena Noite";"Crescente";"Nublado";"Simples";"Reta";"Não";6;1;0;2;1;2;2;4;-9,00972;-48,50188;"SPRF-TO";"DEL02-TO";"UOP02-DEL02-TO"
746973;2026-01-20;"terça-feira";"16:20:00";"PR";163;313,6;"TERRA ROXA";"Reação tardia ou ineficiente do condutor";"Tombamento";"Sem Vítimas";"Pleno dia";"Decrescente";"Céu Claro";"Simples";"Curva;Declive";"Não";2;0;0;0;1;1;0;2;-24,35479517;-54,14936766;"SPRF-PR";"DEL06-PR";"UOP02-DEL06-PR"
746982;2026-01-20;"terça-feira";"20:40:00";"BA";116;527;"ITATIM";"Velocidade Incompatível";"Engavetamento";"Com Vítimas Fatais";"Plena Noite";"Crescente";"Chuva";"Simples";"Reta";"Não";6;2;1;0;2;3;1;7;-12,728941;-39,776478;"SPRF-BA";"DEL03-BA";"UOP02-DEL03-BA"
746989;2026-01-20;"terça-feira";"22:00:00";"MG";365;655,8;"MONTE ALEGRE DE MINAS";"Condutor Dormindo";"Colisão traseira";"Com Vítimas Feridas";"Plena Noite";"Decrescente";"Nublado";"Dupla";"Reta";"Não";3;0;1;1;1;0;2;2;-18,889214;-48,625914;"SPRF-MG";"DEL15-MG";"UOP01-DEL15-MG"
746990;2026-01-20;"terça-feira";"18:10:00";"MS";262;775,8;"CORUMBA";"Objeto estático sobre o leito carroçável";"Colisão com objeto";"Com Vítimas Feridas";"Pleno dia";"Crescente";"Nublado";"Simples";"Reta";"Sim";3;0;1;0;1;1;1;3;-19,02696965;-57,66465457;"SPRF-MS";"DEL03-MS";"UOP03-DEL03-MS"
746991;2026-01-20;"terça-feira";"22:00:00";"MA";316;516;"CAXIAS";"Ausência de reação do condutor";"Colisão lateral sentido oposto";"Com Vítimas Feridas";"Plena Noite";"Crescente";"Chuva";"Simples";"Curva";"Não";2;0;1;0;1;0;1;2;-4,768275;-43,631923;"SPRF-MA";"DEL03-MA";"UOP02-DEL03-MA"
746993;2026-01-20;"terça-feira";"21:58:00";"SC";280;7,8;"SAO FRANCISCO DO SUL";"Acessar a via sem observar a presença dos outros veículos";"Colisão transversal";"Com Vítimas Fatais";"Plena Noite";"Decrescente";"Nublado";"Simples";"Reta;Interseção de Vias";"Sim";4;1;0;0;1;3;0;5;-26,276635;-48,645312;"SPRF-SC";"DEL03-SC";"UOP03-DEL03-SC"
746995;2026-01-20;"terça-feira";"22:35:00";"PR";277;336;"GUARAPUAVA";"Transitar na contramão";"Colisão lateral sentido oposto";"Com Vítimas Feridas";"Plena Noite";"Crescente";"Céu Claro";"Simples";"Curva";"Sim";3;0;1;0;1;3;1;5;-25,35301167;-51,36491333;"SPRF-PR";"DEL08-PR";"UOP01-DEL08-PR"
746998;2026-01-21;"quarta-feira";"01:25:00";"SP";116;168;"JACAREI";"Demais falhas mecânicas ou elétricas";"Incêndio";"Sem Vítimas";"Plena Noite";"Crescente";"Nublado";"Dupla";"Reta";"Sim";1;0;0;0;1;0;0;1;-23,30439169;-46,03197317;"SPRF-SP";"DEL02-SP";"UOP01-DEL02-SP"
746999;2026-01-21;"quarta-feira";"01:40:00";"TO";153;347;"FORTALEZA DO TABOCAO";"Acessar a via sem observar a presença dos outros veículos";"Colisão transversal";"Com Vítimas Feridas";"Plena Noite";"Crescente";"Céu Claro";"Simples";"Reta";"Não";6;0;2;1;2;1;3;2;-8,95322611;-48,4999162;"SPRF-TO";"DEL02-TO";"UOP02-DEL02-TO"
747005;2026-01-21;"quarta-feira";"02:25:00";"SP";116;438;"REGISTRO";"Reação tardia ou ineficiente do condutor";"Colisão traseira";"Com Vítimas Feridas";"Plena Noite";"Decrescente";"Céu Claro";"Dupla";"Reta";"Não";5;0;1;0;3;3;1;7;-24,4507913;-47,80847383;"SPRF-SP";"DEL05-SP";"UOP01-DEL05-SP"
747013;2026-01-21;"quarta-feira";"06:20:00";"SC";101;8,3;"GARUVA";"Condutor Dormindo";"Colisão traseira";"Com Vítimas Feridas";"Pleno dia";"Decrescente";"Céu Claro";"Dupla";"Reta";"Sim";6;0;1;0;4;2;1;6;-26,04015857;-48,8596743;"SPRF-SC";"DEL03-SC";"UOP01-DEL03-SC"
747014;2026-01-20;"terça-feira";"20:40:00";"MG";365;341;"VARJAO DE MINAS";"Acumulo de água sobre o pavimento";"Saída de leito carroçável";"Sem Vítimas";"Plena Noite";"Decrescente";"Chuva";"Simples";"Reta;Declive";"Não";2;0;0;0;1;1;0;2;-18,35997;-46,01888;"SPRF-MG";"DEL10-MG";"UOP01-DEL10-MG"
747018;2026-01-21;"quarta-feira";"06:15:00";"PE";232;80,3;"GRAVATA";"Reação tardia ou ineficiente do condutor";"Colisão lateral mesmo sentido";"Com Vítimas Feridas";"Pleno dia";"Crescente";"Céu Claro";"Dupla";"Reta";"Não";2;0;1;0;1;0;1;2;-8,196718;-35,574745;"SPRF-PE";"DEL02-PE";"UOP02-DEL02PE"
747020;2026-01-21;"quarta-feira";"06:50:00";"BA";101;207;"GOVERNADOR MANGABEIRA";"Condutor Dormindo";"Colisão lateral sentido oposto";"Com Vítimas Feridas";"Pleno dia";"Decrescente";"Céu Claro";"Simples";"Reta";"Não";4;0;1;0;2;1;1;4;-12,602;-39,056;"SPRF-BA";"DEL01-BA";"UOP02-DEL01-BA"
747022;2026-01-21;"quarta-feira";"05:55:00";"PR";376;668,6;"GUARATUBA";"Demais falhas mecânicas ou elétricas";"Incêndio";"Sem Vítimas";"Amanhecer";"Crescente";"Nublado";"Dupla";"Curva;Declive";"Não";2;0;0;0;1;1;0;2;-25,872327;-48,936937;"SPRF-PR";"DEL01-PR";"UOP04-DEL01-PR"
747024;2026-01-21;"quarta-feira";"23:40:00";"PA";316;124;"NOVA TIMBOTEUA";"Demais falhas mecânicas ou elétricas";"Incêndio";"Sem Vítimas";"Plena Noite";"Decrescente";"Céu Claro";"Simples";"Reta";"Não";2;0;0;0;1;2;0;3;-1,308643;-47,39385;"SPRF-PA";"DEL01-PA";"UOP02-DEL01-PA"
747029;2026-01-21;"quarta-feira";"06:45:00";"PR";116;143;"MANDIRITUBA";"Ultrapassagem Indevida";"Colisão lateral mesmo sentido";"Sem Vítimas";"Pleno dia";"Decrescente";"Nublado";"Simples";"Reta";"Não";2;0;0;0;2;0;0;2;-25,797348;-49,329097;"SPRF-PR";"DEL01-PR";"UOP03-DEL01-PR"
747033;2026-01-21;"quarta-feira";"06:45:00";"MG";153;225,3;"FRUTAL";"Condutor deixou de manter distância do veículo da frente";"Colisão traseira";"Com Vítimas Feridas";"Pleno dia";"Crescente";"Nublado";"Simples";"Reta";"Não";4;0;1;0;2;1;1;3;-20,1335918;-49,10972156;"SPRF-MG";"DEL13-MG";"UOP02-DEL13-MG"
747035;2026-01-21;"quarta-feira";"07:30:00";"SP";153;76,9;"BADY BASSITT";"Velocidade Incompatível";"Colisão traseira";"Com Vítimas Feridas";"Pleno dia";"Decrescente";"Sol";"Dupla";"Aclive";"Não";3;0;1;0;1;1;1;3;-20,901783;-49,4518;"SPRF-SP";"DEL09-SP";"UOP01-DEL09-SP"
747043;2026-01-05;"segunda-feira";"10:40:00";"BA";101;685;"EUNAPOLIS";"Velocidade Incompatível";"Engavetamento";"Com Vítimas Feridas";"Pleno dia";"Crescente";"Céu Claro";"Simples";"Reta;Aclive";"Não";6;0;1;1;4;0;2;5;-16,131116;-39,603143;"SPRF-BA";"DEL09-BA";"UOP03-DEL09-BA"
747052;2026-01-21;"quarta-feira";"06:55:00";"MG";381;310,8;"NOVA ERA";"Ultrapassagem Indevida";"Colisão frontal";"Com Vítimas Fatais";"Pleno dia";"Decrescente";"Chuva";"Simples";"Curva";"Não";5;1;0;3;1;0;3;2;-19,67548;-42,97838;"SPRF-MG";"DEL03-MG";"UOP02-DEL03-MG"
747053;2026-01-12;"segunda-feira";"03:37:00";"SC";282;42;"AGUAS MORNAS";"Velocidade Incompatível";"Colisão lateral sentido oposto";"Com Vítimas Fatais";"Plena Noite";"Decrescente";"Nublado";"Simples";"Aclive;Curva";"Sim";3;1;1;0;0;1;1;3;-27,7206;-48,8875;"SPRF-SC";"DEL01-SC";"UOP03-DEL01-SC"
747058;2026-01-21;"quarta-feira";"07:00:00";"RS";285;295;"PASSO FUNDO";"Condutor deixou de manter distância do veículo da frente";"Engavetamento";"Com Vítimas Feridas";"Pleno dia";"Decrescente";"Céu Claro";"Simples";"Reta";"Sim";4;0;1;0;3;0;1;4;-28,23624827;-52,37785173;"SPRF-RS";"DEL08-RS";"UOP03-DEL08-RS"
747064;2026-01-21;"quarta-feira";"08:00:00";"PR";376;603;"CURITIBA";"Entrada inopinada do pedestre";"Atropelamento de Pedestre";"Com Vítimas Feridas";"Pleno dia";"Crescente";"Sol";"Dupla";"Reta;Aclive";"Sim";2;0;1;0;1;0;1;2;-25,53181207;-49,32304502;"SPRF-PR";"DEL01-PR";"UOP03-DEL01-PR"
747066;2026-01-21;"quarta-feira";"09:40:00";"ES";101;299;"VIANA";"Reação tardia ou ineficiente do condutor";"Colisão traseira";"Com Vítimas Feridas";"Pleno dia";"Decrescente";"Chuva";"Dupla";"Declive;Reta";"Sim";6;0;2;0;3;1;2;4;-20,358537;-40,42228;"SPRF-ES";"DEL01-ES";"UOP01-DEL01-ES"
747068;2026-01-21;"quarta-feira";"10:23:00";"PA";308;156;"CAPANEMA";"Reação tardia ou ineficiente do condutor";"Colisão traseira";"Com Vítimas Feridas";"Pleno dia";"Crescente";"Nublado";"Simples";"Reta";"Sim";2;0;0;1;1;0;1;2;-1,210077;-47,14916;"SPRF-PA";"DEL01-PA";"UOP03-DEL01-PA"
747070;2026-01-21;"quarta-feira";"08:00:00";"BA";116;338;"TEOFILANDIA";"Acesso irregular";"Colisão lateral sentido oposto";"Com Vítimas Feridas";"Pleno dia";"Crescente";"Céu Claro";"Simples";"Reta";"Sim";3;0;1;0;1;1;1;3;-11,493326;-38,997398;"SPRF-BA";"DEL02-BA";"UOP01-DEL02-BA"
747072;2026-01-21;"quarta-feira";"09:50:00";"MG";381;678;"PERDOES";"Condutor usando celular";"Tombamento";"Com Vítimas Feridas";"Pleno dia";"Crescente";"Nublado";"Dupla";"Reta";"Não";2;0;1;0;0;1;1;2;-21,10884375;-45,09132385;"SPRF-MG";"DEL04-MG";"UOP02-DEL04-MG"
747074;2026-01-21;"quarta-feira";"09:25:00";"MT";70;283;"PRIMAVERA DO LESTE";"Acessar a via sem observar a presença dos outros veículos";"Colisão transversal";"Com Vítimas Feridas";"Pleno dia";"Decrescente";"Chuva";"Simples";"Curva";"Sim";4;0;2;0;1;1;2;3;-15,5727943;-54,31635261;"SPRF-MT";"DEL05-MT";"UOP01-DEL05-MT"
747082;2026-01-21;"quarta-feira";"11:30:00";"PR";277;7,7;"PARANAGUA";"Desrespeitar a preferência no cruzamento";"Colisão transversal";"Com Vítimas Feridas";"Pleno dia";"Decrescente";"Sol";"Simples";"Reta;Interseção de Vias";"Sim";3;0;1;0;1;4;1;6;-25,506499;-48,516225;"SPRF-PR";"DEL01-PR";"UOP05-DEL01-PR"
747088;2026-01-21;"quarta-feira";"10:35:00";"MT";163;971;"TERRA NOVA DO NORTE";"Acumulo de água sobre o pavimento";"Colisão lateral sentido oposto";"Com Vítimas Feridas";"Pleno dia";"Crescente";"Chuva";"Simples";"Declive;Curva";"Não";4;0;1;0;2;5;1;8;-10,71924113;-55,12778313;"SPRF-MT";"DEL06-MT";"UOP03-DEL06-MT"
747092;2026-01-21;"quarta-feira";"10:30:00";"RJ";101;190,1;"CASIMIRO DE ABREU";"Transitar na contramão";"Colisão frontal";"Com Vítimas Feridas";"Pleno dia";"Crescente";"Chuva";"Simples";"Curva";"Não";4;0;3;1;0;0;4;2;-22,45783602;-42,06158638;"SPRF-RJ";"DEL08-RJ";"UOP04-DEL08-RJ"
747093;2026-01-21;"quarta-feira";"12:10:00";"GO";60;171;"GOIANIA";"Demais falhas mecânicas ou elétricas";"Incêndio";"Sem Vítimas";"Pleno dia";"Decrescente";"Nublado";"Dupla";"Reta";"Não";2;0;0;0;1;1;0;2;-16,73392837;-49,40035408;"SPRF-GO";"DEL01-GO";"UOP02-DEL01-GO"
747099;2026-01-21;"quarta-feira";"12:05:00";"CE";222;24,5;"CAUCAIA";"Conversão proibida";"Colisão lateral mesmo sentido";"Com Vítimas Feridas";"Pleno dia";"Crescente";"Céu Claro";"Dupla";"Reta";"Não";4;0;0;1;2;1;1;3;-3,727767;-38,774558;"SPRF-CE";"DEL01-CE";"UOP01-DEL01-CE"
747102;2026-01-21;"quarta-feira";"13:50:00";"PR";277;31;"MORRETES";"Ausência de reação do condutor";"Colisão traseira";"Com Vítimas Feridas";"Pleno dia";"Decrescente";"Céu Claro";"Dupla";"Declive;Reta";"Não";4;0;2;0;1;5;2;7;-25,556978;-48,8046475;"SPRF-PR";"DEL01-PR";"UOP05-DEL01-PR"
747107;2026-01-21;"quarta-feira";"13:00:00";"RS";392;283,5;"SAO SEPE";"Reação tardia ou ineficiente do condutor";"Saída de leito carroçável";"Com Vítimas Fatais";"Pleno dia";"Decrescente";"Céu Claro";"Múltipla";"Reta";"Não";3;1;1;0;0;1;1;2;-30,277917;-53,54184;"SPRF-RS";"DEL09-RS";"UOP02-DEL09-RS"
747113;2026-01-21;"quarta-feira";"12:40:00";"MG";40;655;"CRISTIANO OTONI";"Condutor deixou de manter distância do veículo da frente";"Colisão lateral mesmo sentido";"Sem Vítimas";"Pleno dia";"Crescente";"Chuva";"Dupla";"Curva;Aclive";"Não";4;0;0;0;3;1;0;4;-20,87934297;-43,80111694;"SPRF-MG";"DEL05-MG";"UOP02-DEL05-MG"
747121;2026-01-21;"quarta-feira";"14:30:00";"ES";101;239;"FUNDAO";"Ingestão de álcool pelo condutor";"Colisão transversal";"Sem Vítimas";"Pleno dia";"Crescente";"Garoa/Chuvisco";"Simples";"Declive;Curva";"Não";3;0;0;0;2;1;0;3;-20,01008988;-40,40684491;"SPRF-ES";"DEL02-ES";"UOP01-DEL02-ES"
747123;2026-01-05;"segunda-feira";"03:15:00";"RO";364;435,4;"JARU";"Curva acentuada";"Tombamento";"Com Vítimas Fatais";"Plena Noite";"Crescente";"Garoa/Chuvisco";"Simples";"Curva";"Não";6;2;3;0;0;1;3;2;-10,38984244;-62,54046377;"SPRF-RO";"DEL03-RO";"UOP02-DEL03-RO"
747125;2026-01-21;"quarta-feira";"14:30:00";"ES";101;262;"SERRA";"Condutor deixou de manter distância do veículo da frente";"Colisão traseira";"Com Vítimas Feridas";"Pleno dia";"Decrescente";"Chuva";"Dupla";"Aclive;Reta";"Sim";7;0;1;1;5;0;2;4;-20,16213;-40,27526;"SPRF-ES";"DEL02-ES";"UOP01-DEL02-ES"
747126;2026-01-21;"quarta-feira";"15:10:00";"ES";101;287,6;"CARIACICA";"Reação tardia ou ineficiente do condutor";"Colisão traseira";"Com Vítimas Fatais";"Pleno dia";"Crescente";"Chuva";"Dupla";"Reta;Retorno Regulamentado";"Sim";4;1;2;0;1;0;2;3;-20,26843724;-40,38870335;"SPRF-ES";"DEL01-ES";"UOP01-DEL01-ES"
747135;2026-01-21;"quarta-feira";"13:30:00";"GO";70;19,5;"COCALZINHO DE GOIAS";"Ultrapassagem Indevida";"Colisão traseira";"Com Vítimas Feridas";"Pleno dia";"Crescente";"Céu Claro";"Simples";"Reta;Aclive";"Não";3;0;1;0;1;1;1;3;-15,743248;-48,369097;"SPRF-DF";"DEL03-DF";"UOP02-DEL03-DF"
747143;2026-01-21;"quarta-feira";"12:30:00";"MS";163;167,7;"JUTI";"Demais falhas mecânicas ou elétricas";"Incêndio";"Sem Vítimas";"Pleno dia";"Crescente";"Sol";"Simples";"Reta";"Não";2;0;0;0;1;1;0;2;-22,889797;-54,57939;"SPRF-MS";"DEL09-MS";"UOP01-DEL09-MS"
747144;2026-01-21;"quarta-feira";"16:20:00";"SE";235;0,1;"ARACAJU";"Condutor deixou de manter distância do veículo da frente";"Colisão traseira";"Com Vítimas Feridas";"Pleno dia";"Crescente";"Céu Claro";"Dupla";"Reta";"Sim";2;0;0;1;1;0;1;2;-10,91009912;-37,07547633;"SPRF-SE";"DEL01-SE";"UOP01-DEL01-SE"
747148;2026-01-21;"quarta-feira";"16:45:00";"MG";40;495,5;"PEDRO LEOPOLDO";"Condutor deixou de manter distância do veículo da frente";"Colisão lateral mesmo sentido";"Sem Vítimas";"Pleno dia";"Crescente";"Garoa/Chuvisco";"Dupla";"Aclive;Reta";"Não";6;0;0;0;5;2;0;4;-19,6661881;-44,1948746;"SPRF-MG";"DEL02-MG";"UOP01-DEL02-MG"
747149;2026-01-21;"quarta-feira";"06:00:00";"RJ";101;306;"SAO GONCALO";"Condutor deixou de manter distância do veículo da frente";"Colisão traseira";"Com Vítimas Feridas";"Pleno dia";"Crescente";"Chuva";"Dupla";"Reta";"Sim";2;0;1;0;1;0;1;2;-22,79114675;-43,00492806;"SPRF-RJ";"DEL02-RJ";"UOP02-DEL02-RJ"
747153;2026-01-21;"quarta-feira";"12:00:00";"RO";364;350;"JI-PARANA";"Acessar a via sem observar a presença dos outros veículos";"Colisão transversal";"Com Vítimas Feridas";"Pleno dia";"Crescente";"Céu Claro";"Simples";"Reta";"Não";3;0;0;1;1;2;1;4;-10,839732;-62,00727;"SPRF-RO";"DEL02-RO";"UOP01-DEL02-RO"
747154;2026-01-21;"quarta-feira";"15:05:00";"AC";317;276;"EPITACIOLANDIA";"Acumulo de água sobre o pavimento";"Saída de leito carroçável";"Sem Vítimas";"Pleno dia";"Decrescente";"Chuva";"Simples";"Declive;Curva";"Não";1;0;0;0;1;0;0;1;-10,97618832;-68,63897324;"SPRF-AC";"DEL01-AC";"UOP02-DEL01-AC"
747159;2026-01-21;"quarta-feira";"17:40:00";"RS";290;78;"GRAVATAI";"Reação tardia ou ineficiente do condutor";"Colisão com objeto";"Com Vítimas Feridas";"Pleno dia";"Decrescente";"Céu Claro";"Múltipla";"Reta";"Não";2;0;1;0;0;1;1;2;-29,95418073;-51,04009565;"SPRF-RS";"DEL01-RS";"UOP01-DEL01-RS"
747163;2026-01-21;"quarta-feira";"16:00:00";"GO";60;423;"RIO VERDE";"Condutor Dormindo";"Colisão traseira";"Com Vítimas Feridas";"Pleno dia";"Decrescente";"Chuva";"Dupla";"Aclive;Reta";"Não";3;0;1;0;1;1;1;3;-17,813922;-51,274478;"SPRF-GO";"DEL04-GO";"UOP02-DEL04-GO"
747167;2026-01-19;"segunda-feira";"14:20:00";"SE";101;104;"SAO CRISTOVAO";"Reação tardia ou ineficiente do condutor";"Colisão com objeto";"Sem Vítimas";"Pleno dia";"Crescente";"Sol";"Dupla";"Reta";"Não";3;0;0;0;1;2;0;2;-10,958003;-37,234472;"SPRF-SE";"DEL02-SE";"UOP01-DEL02-SE"
747168;2026-01-21;"quarta-feira";"16:10:00";"GO";153;581;"PIRACANJUBA";"Chuva";"Saída de leito carroçável";"Com Vítimas Feridas";"Pleno dia";"Crescente";"Chuva";"Dupla";"Curva";"Não";3;0;1;0;2;0;1;3;-17,37561266;-49,23871703;"SPRF-GO";"DEL03-GO";"UOP01-DEL03-GO"
747174;2026-01-21;"quarta-feira";"18:00:00";"MS";262;326;"CAMPO GRANDE";"Condutor deixou de manter distância do veículo da frente";"Colisão traseira";"Com Vítimas Feridas";"Pleno dia";"Crescente";"Céu Claro";"Dupla";"Reta";"Sim";3;0;0;1;1;1;1;2;-20,46851617;-54,53483979;"SPRF-MS";"DEL01-MS";"UOP01-DEL01-MS"
747184;2026-01-21;"quarta-feira";"19:10:00";"RJ";101;67;"CAMPOS DOS GOYTACAZES";"Ausência de reação do condutor";"Atropelamento de Pedestre";"Com Vítimas Feridas";"Anoitecer";"Crescente";"Chuva";"Dupla";"Reta";"Não";5;0;1;0;3;1;1;3;-21,8358885;-41,42118735;"SPRF-RJ";"DEL08-RJ";"UOP02-DEL08-RJ"
747197;2026-01-21;"quarta-feira";"19:40:00";"MG";40;716,9;"BARBACENA";"Reação tardia ou ineficiente do condutor";"Colisão traseira";"Com Vítimas Feridas";"Plena Noite";"Crescente";"Chuva";"Dupla";"Reta";"Não";4;0;0;1;2;1;1;3;-21,2774521;-43,6466675;"SPRF-MG";"DEL05-MG";"UOP01-DEL05-MG"
747201;2026-01-21;"quarta-feira";"15:00:00";"RJ";40;18;"TRES RIOS";"Chuva";"Colisão com objeto";"Com Vítimas Feridas";"Pleno dia";"Crescente";"Chuva";"Dupla";"Curva";"Sim";2;0;1;0;1;0;1;1;-22,10317577;-43,16996098;"SPRF-RJ";"DEL05-RJ";"UOP02-DEL05-RJ"
747202;2026-01-21;"quarta-feira";"20:55:00";"CE";116;383;"ICO";"Reação tardia ou ineficiente do condutor";"Colisão com objeto";"Sem Vítimas";"Plena Noite";"Decrescente";"Céu Claro";"Simples";"Reta";"Não";1;0;0;0;1;0;0;1;-6,46225037;-38,85504842;"SPRF-CE";"DEL05-CE";"UOP01-DEL05-CE"
747203;2026-01-21;"quarta-feira";"20:58:00";"MG";365;566;"INDIANOPOLIS";"Mal súbito do condutor";"Saída de leito carroçável";"Com Vítimas Feridas";"Plena Noite";"Decrescente";"Chuva";"Simples";"Reta";"Não";1;0;1;0;0;0;1;1;-18,92674767;-47,75859833;"SPRF-MG";"DEL15-MG";"UOP02-DEL15-MG"