"id";"data_inversa";"dia_semana";"horario";"uf";"br";"km";"municipio";"causa_acidente";"tipo_acidente";"classificacao_acidente";"fase_dia";"sentido_via";"condicao_metereologica";"tipo_pista";"tracado_via";"uso_solo";"pessoas";"mortos";"feridos_leves";"feridos_graves";"ilesos";"ignorados";"feridos";"veiculos";"latitude";"longitude";"regional";"delegacia";"uop"
747210;2026-01-21;"quarta-feira";"19:05:00";"SC";282;643,3;"SAO MIGUEL DO OESTE";"Acessar a via sem observar a presença dos outros veículos";"Colisão transversal";"Com Vítimas Feridas";"Pleno dia";"Decrescente";"Céu Claro";"Simples";"Reta";"Não";4;0;2;0;1;1;2;3;-26,76997658;-53,47411601;"SPRF-SC";"DEL07-SC";"UOP03-DEL07-SC"
747213;2026-01-21;"quarta-feira";"20:30:00";"PE";232;33,7;"MORENO";"Manobra de mudança de faixa";"Colisão lateral mesmo sentido";"Com Vítimas Feridas";"Plena Noite";"Decrescente";"Céu Claro";"Dupla";"Reta";"Não";4;0;2;0;2;0;2;2;-8,10693;-35,182557;"SPRF-PE";"DEL02-PE";"UOP02-DEL02PE"
747214;2026-01-21;"quarta-feira";"21:40:00";"DF";20;18;"BRASILIA";"Chuva";"Saída de leito carroçável";"Sem Vítimas";"Plena Noite";"Crescente";"Chuva";"Múltipla";"Reta";"Sim";1;0;0;0;1;0;0;1;-15,58930053;-47,61997163;"SPRF-DF";"DEL02-DF";"UOP01-DEL02-DF"
747215;2026-01-21;"quarta-feira";"15:00:00";"RO";364;410,8;"JARU";"Condutor deixou de manter distância do veículo da frente";"Colisão traseira";"Sem Vítimas";"Pleno dia";"Decrescente";"Nublado";"Simples";"Curva;Declive";"Não";3;0;0;0;1;2;0;3;-10,525604;-62,394316;"SPRF-RO";"DEL03-RO";"UOP02-DEL03-RO"
747222;2026-01-21;"quarta-feira";"22:00:00";"PR";369;156,1;"LONDRINA";"Condutor deixou de manter distância do veículo da frente";"Colisão traseira";"Com Vítimas Feridas";"Plena Noite";"Decrescente";"Céu Claro";"Dupla";"Reta";"Não";3;0;1;0;1;3;1;5;-23,291385;-51,217834;"SPRF-PR";"DEL07-PR";"UOP01-DEL07-PR"
747223;2026-01-21;"quarta-feira";"22:40:00";"SP";116;106,2;"TAUBATE";"Condutor deixou de manter distância do veículo da frente";"Colisão traseira";"Com Vítimas Feridas";"Plena Noite";"Decrescente";"Nublado";"Dupla";"Reta";"Sim";5;0;3;0;1;1;3;3;-23,01580879;-45,52706285;"SPRF-SP";"DEL02-SP";"UOP02-DEL02-SP"
747224;2026-01-21;"quarta-feira";"22:28:00";"SC";101;98,9;"BALNEARIO PICARRAS";"Suicídio (presumido)";"Atropelamento de Pedestre";"Com Vítimas Fatais";"Plena Noite";"Crescente";"Nublado";"Dupla";"Reta";"Sim";4;1;0;0;2;1;0;3;-26,74857207;-48,69543298;"SPRF-SC";"DEL03-SC";"UOP02-DEL03-SC"
747225;2026-01-21;"quarta-feira";"22:20:00";"PR";277;595;"CASCAVEL";"Ingestão de álcool pelo condutor";"Colisão traseira";"Sem Vítimas";"Plena Noite";"Crescente";"Céu Claro";"Múltipla";"Aclive";"Sim";4;0;0;0;3;1;0;3;-24,98156;-53,478154;"SPRF-PR";"DEL04-PR";"UOP01-DEL04-PR"
747226;2026-01-21;"quarta-feira";"23:45:00";"SP";116;104;"TAUBATE";"Velocidade Incompatível";"Colisão traseira";"Com Vítimas Feridas";"Plena Noite";"Decrescente";"Céu Claro";"Dupla";"Reta";"Não";3;0;1;0;1;1;1;3;-23,00003651;-45,49963792;"SPRF-SP";"DEL02-SP";"UOP02-DEL02-SP"
747227;2026-01-21;"quarta-feira";"22:00:00";"GO";50;202;"CAMPO ALEGRE DE GOIAS";"Condutor Dormindo";"Saída de leito carroçável";"Com Vítimas Feridas";"Plena Noite";"Decrescente";"Chuva";"Dupla";"Reta";"Não";2;0;1;0;0;1;1;2;-17,590052;-47,808483;"SPRF-GO";"DEL06-GO";"UOP01-DEL06-GO"
747229;2026-01-21;"quarta-feira";"21:30:00";"PE";232;63;"POMBOS";"Velocidade Incompatível";"Tombamento";"Sem Vítimas";"Plena Noite";"Decrescente";"Nublado";"Dupla";"Curva;Declive";"Não";1;0;0;0;1;0;0;1;-8,158717;-35,430975;"SPRF-PE";"DEL02-PE";"UOP02-DEL02PE"
747230;2026-01-21;"quarta-feira";"23:08:00";"PE";423;54;"LAJEDO";"Transitar na contramão";"Colisão lateral sentido oposto";"Com Vítimas Feridas";"Plena Noite";"Crescente";"Céu Claro";"Simples";"Curva";"Não";3;0;1;1;0;1;2;3;-8,6129111;-36,2969439;"SPRF-PE";"DEL03-PE";"UOP01-DEL03-PE"
747231;2026-01-22;"quinta-feira";"01:10:00";"PR";277;696;"SAO MIGUEL DO IGUACU";"Condutor Dormindo";"Colisão traseira";"Com Vítimas Feridas";"Plena Noite";"Decrescente";"Céu Claro";"Dupla";"Reta";"Sim";3;0;0;1;1;1;1;3;-25,42928835;-54,36764566;"SPRF-PR";"DEL05-PR";"UOP01-DEL05-PR"
747232;2026-01-22;"quinta-feira";"04:30:00";"RN";101;145,1;"GOIANINHA";"Ausência de reação do condutor";"Colisão com objeto";"Com Vítimas Feridas";"Amanhecer";"Crescente";"Céu Claro";"Múltipla";"Reta";"Sim";1;0;0;1;0;0;1;1;-6,25366;-35,214615;"SPRF-RN";"DEL01-RN";"UOP01-DEL01-RN"
747245;2026-01-22;"quinta-feira";"06:15:00";"GO";60;427;"RIO VERDE";"Velocidade Incompatível";"Tombamento";"Com Vítimas Feridas";"Pleno dia";"Crescente";"Nublado";"Dupla";"Curva;Aclive";"Não";2;0;0;1;0;3;1;4;-17,82453028;-51,32125854;"SPRF-GO";"DEL04-GO";"UOP02-DEL04-GO"
747247;2026-01-22;"quinta-feira";"06:40:00";"PA";316;45;"SANTA IZABEL DO PARA";"Condutor deixou de manter distância do veículo da frente";"Colisão traseira";"Com Vítimas Feridas";"Pleno dia";"Crescente";"Nublado";"Dupla";"Reta";"Não";3;0;1;0;1;1;1;3;-1,278305;-48,075668;"SPRF-PA";"DEL01-PA";"UOP01-DEL01-PA"
747251;2026-01-21;"quarta-feira";"23:47:00";"GO";60;19;"RIO VERDE";"Ausência de reação do condutor";"Tombamento";"Sem Vítimas";"Plena Noite";"Crescente";"Chuva";"Dupla";"Declive;Interseção de Vias";"Não";2;0;0;0;1;2;0;3;-17,86719554;-50,7361779;"SPRF-DF";"DEL03-DF";"UOP01-DEL03-DF"
747252;2026-01-22;"quinta-feira";"06:20:00";"PR";277;214,2;"PALMEIRA";"Ausência de reação do condutor";"Tombamento";"Com Vítimas Feridas";"Pleno dia";"Decrescente";"Nublado";"Simples";"Curva;Declive";"Não";1;0;1;0;0;0;1;1;-25,456029;-50,33857;"SPRF-PR";"DEL08-PR";"UOP02-DEL08-PR"
747253;2026-01-22;"quinta-feira";"06:40:00";"RO";364;429;"JARU";"Reação tardia ou ineficiente do condutor";"Saída de leito carroçável";"Com Vítimas Feridas";"Pleno dia";"Decrescente";"Chuva";"Simples";"Curva";"Não";2;0;1;0;0;1;1;2;-10,41480008;-62,50645638;"SPRF-RO";"DEL03-RO";"UOP02-DEL03-RO"
747256;2026-01-22;"quinta-feira";"07:49:00";"RN";101;94,8;"NATAL";"Ausência de reação do condutor";"Colisão traseira";"Com Vítimas Feridas";"Pleno dia";"Decrescente";"Céu Claro";"Múltipla";"Reta";"Sim";4;0;1;0;2;1;1;3;-5,838855;-35,210917;"SPRF-RN";"DEL01-RN";"UOP01-DEL01-RN"
747267;2026-01-22;"quinta-feira";"07:25:00";"BA";101;261;"SANTO ANTONIO DE JESUS";"Pedestre cruzava a pista fora da faixa";"Atropelamento de Pedestre";"Com Vítimas Feridas";"Pleno dia";"Decrescente";"Céu Claro";"Dupla";"Interseção de Vias;Reta";"Sim";2;0;1;0;1;0;1;2;-12,96871219;-39,27312023;"SPRF-BA";"DEL01-BA";"UOP02-DEL01-BA"
747269;2026-01-22;"quinta-feira";"03:50:00";"MA";226;298;"BARRA DO CORDA";"Ultrapassagem Indevida";"Colisão lateral sentido oposto";"Com Vítimas Feridas";"Plena Noite";"Crescente";"Garoa/Chuvisco";"Simples";"Aclive";"Sim";3;0;1;0;1;1;1;3;-5,49829995;-45,23959035;"SPRF-MA";"DEL06-MA";"UOP01-DEL06-MA"
747270;2026-01-22;"quinta-feira";"09:00:00";"MG";381;487;"BETIM";"Carga excessiva e/ou mal acondicionada";"Eventos atípicos";"Com Vítimas Feridas";"Pleno dia";"Crescente";"Chuva";"Simples";"Declive";"Sim";2;0;0;1;0;1;1;2;-19,9573598;-44,1201077;"SPRF-MG";"DEL01-MG";"UOP03-DEL01-MG"
747276;2026-01-22;"quinta-feira";"07:25:00";"PR";116;42,2;"CAMPINA GRANDE DO SUL";"Reação tardia ou ineficiente do condutor";"Tombamento";"Com Vítimas Feridas";"Pleno dia";"Crescente";"Garoa/Chuvisco";"Dupla";"Ponte;Curva";"Não";4;0;1;0;2;1;1;3;-25,17762601;-48,87888763;"SPRF-PR";"DEL01-PR";"UOP02-DEL01-PR"
747279;2026-01-22;"quinta-feira";"09:40:00";"GO";20;44;"FORMOSA";"Pista Escorregadia";"Colisão lateral sentido oposto";"Com Vítimas Feridas";"Pleno dia";"Crescente";"Chuva";"Múltipla";"Curva;Declive";"Não";3;0;1;1;1;0;2;2;-15,47088685;-47,10010529;"SPRF-DF";"DEL02-DF";"UOP02-DEL02-DF"
747280;2026-01-22;"quinta-feira";"08:05:00";"MS";262;376,1;"TERENOS";"Carga excessiva e/ou mal acondicionada";"Colisão com objeto";"Com Vítimas Fatais";"Pleno dia";"Decrescente";"Céu Claro";"Simples";"Reta";"Não";2;1;0;0;1;0;0;2;-20,48290389;-54,83096123;"SPRF-MS";"DEL01-MS";"UOP03-DEL01-MS"
747282;2026-01-22;"quinta-feira";"09:30:00";"SC";282;452,5;"PONTE SERRADA";"Reação tardia ou ineficiente do condutor";"Colisão traseira";"Com Vítimas Feridas";"Pleno dia";"Crescente";"Céu Claro";"Dupla";"Curva";"Não";2;0;1;0;1;0;1;2;-26,91992709;-51,94747925;"SPRF-SC";"DEL07-SC";"UOP04-DEL07-SC"
747287;2026-01-22;"quinta-feira";"08:40:00";"BA";116;11;"VITORIA DA CONQUISTA";"Reação tardia ou ineficiente do condutor";"Engavetamento";"Com Vítimas Feridas";"Pleno dia";"Crescente";"Céu Claro";"Simples";"Reta";"Não";4;0;2;0;2;0;2;3;-14,86755851;-40,87169302;"SPRF-BA";"DEL08-BA";"UOP01-DEL08-BA"
747291;2026-01-22;"quinta-feira";"09:00:00";"MG";365;92,2;"JEQUITAI";"Velocidade Incompatível";"Colisão frontal";"Com Vítimas Feridas";"Pleno dia";"Crescente";"Chuva";"Simples";"Declive;Reta";"Não";7;0;0;1;5;1;1;3;-17,2282682;-44,436913;"SPRF-MG";"DEL12-MG";"UOP01-DEL12-MG"
747292;2026-01-22;"quinta-feira";"10:35:00";"SC";101;131;"CAMBORIU";"Acessar a via sem observar a presença dos outros veículos";"Colisão transversal";"Com Vítimas Feridas";"Pleno dia";"Crescente";"Céu Claro";"Múltipla";"Interseção de Vias;Reta";"Sim";3;0;1;0;2;0;1;2;-26,993544;-48,660642;"SPRF-SC";"DEL04-SC";"UOP03-DEL04-SC"
747295;2026-01-22;"quinta-feira";"11:10:00";"PR";369;95,6;"CORNELIO PROCOPIO";"Manobra de mudança de faixa";"Colisão lateral mesmo sentido";"Com Vítimas Feridas";"Pleno dia";"Crescente";"Sol";"Dupla";"Reta";"Não";4;0;1;0;2;3;1;5;-23,23325844;-50,67931876;"SPRF-PR";"DEL07-PR";"UOP05-DEL07-PR"
747296;2026-01-22;"quinta-feira";"11:00:00";"RS";116;370,5;"TAPES";"Demais falhas mecânicas ou elétricas";"Incêndio";"Sem Vítimas";"Pleno dia";"Decrescente";"Céu Claro";"Dupla";"Curva;Aclive;Em Obras";"Não";2;0;0;0;1;1;0;2;-30,6993717;-51,5787567;"SPRF-RS";"DEL02-RS";"UOP02-DEL02-RS"
747307;2026-01-22;"quinta-feira";"11:55:00";"PR";277;535;"CAMPO BONITO";"Condutor deixou de manter distância do veículo da frente";"Colisão traseira";"Com Vítimas Feridas";"Pleno dia";"Decrescente";"Céu Claro";"Simples";"Reta";"Não";2;0;1;0;1;0;1;2;-25,0996;-52,9768;"SPRF-PR";"DEL04-PR";"UOP04-DEL04-PR"
747310;2026-01-22;"quinta-feira";"05:45:00";"MA";222;460;"SANTA LUZIA";"Animais na Pista";"Saída de leito carroçável";"Com Vítimas Feridas";"Amanhecer";"Crescente";"Garoa/Chuvisco";"Simples";"Curva;Declive";"Sim";2;0;0;1;0;1;1;2;-4,163786;-46,009709;"SPRF-MA";"DEL02-MA";"UOP01-DEL02-MA"
747312;2026-01-22;"quinta-feira";"08:30:00";"MT";70;503;"CUIABA";"Ausência de reação do condutor";"Colisão traseira";"Com Vítimas Feridas";"Pleno dia";"Decrescente";"Céu Claro";"Simples";"Reta";"Não";2;0;0;1;0;1;1;2;-15,70044793;-56,04433391;"SPRF-MT";"DEL01-MT";"UOP02-DEL01-MT"
747313;2026-01-22;"quinta-feira";"06:30:00";"RS";392;189,1;"SANTANA DA BOA VISTA";"Acessar a via sem observar a presença dos outros veículos";"Colisão transversal";"Com Vítimas Feridas";"Pleno dia";"Crescente";"Céu Claro";"Simples";"Reta;Interseção de Vias";"Sim";3;0;1;1;0;2;2;4;-30,89281086;-53,12364785;"SPRF-RS";"DEL09-RS";"UOP02-DEL09-RS"
747319;2026-01-22;"quinta-feira";"10:00:00";"MT";70;2,3;"BARRA DO GARCAS";"Acesso irregular";"Colisão lateral mesmo sentido";"Sem Vítimas";"Pleno dia";"Decrescente";"Chuva";"Simples";"Reta";"Sim";4;0;0;0;2;3;0;5;-15,885514;-52,270831;"SPRF-MT";"DEL07-MT";"UOP01-DEL07-MT"
747323;2026-01-22;"quinta-feira";"10:00:00";"GO";60;424,6;"RIO VERDE";"Reação tardia ou ineficiente do condutor";"Engavetamento";"Com Vítimas Feridas";"Pleno dia";"Crescente";"Nublado";"Dupla";"Reta";"Não";8;0;1;0;6;3;1;6;-17,815235;-51,294763;"SPRF-GO";"DEL04-GO";"UOP02-DEL04-GO"
747325;2026-01-22;"quinta-feira";"09:22:00";"RJ";40;124;"RIO DE JANEIRO";"Ausência de reação do condutor";"Engavetamento";"Com Vítimas Feridas";"Pleno dia";"Crescente";"Chuva";"Dupla";"Reta";"Sim";5;0;2;0;3;0;2;3;-22,81257146;-43,2880747;"SPRF-RJ";"DEL01-RJ";"UOP02-DEL01-RJ"
747330;2026-01-13;"terça-feira";"04:15:00";"PR";376;198;"MARIALVA";"Acesso irregular";"Colisão frontal";"Com Vítimas Feridas";"Plena Noite";"Decrescente";"Céu Claro";"Dupla";"Declive;Reta";"Não";4;0;1;2;1;0;3;2;-23,499696;-51,766619;"SPRF-PR";"DEL09-PR";"UOP01-DEL09-PR"
747339;2026-01-22;"quinta-feira";"14:00:00";"PR";376;184;"SARANDI";"Condutor deixou de manter distância do veículo da frente";"Engavetamento";"Com Vítimas Feridas";"Pleno dia";"Crescente";"Céu Claro";"Dupla";"Aclive;Reta";"Não";5;0;1;0;4;0;1;3;-23,44129;-51,87089;"SPRF-PR";"DEL09-PR";"UOP01-DEL09-PR"
747340;2026-01-22;"quinta-feira";"13:10:00";"RO";364;380;"OURO PRETO DO OESTE";"Reação tardia ou ineficiente do condutor";"Tombamento";"Sem Vítimas";"Pleno dia";"Decrescente";"Nublado";"Simples";"Declive";"Não";2;0;0;0;1;2;0;3;-10,733018;-62,228488;"SPRF-RO";"DEL02-RO";"UOP01-DEL02-RO"
747343;2026-01-22;"quinta-feira";"14:20:00";"RS";290;204,5;"RIO PARDO";"Manobra de mudança de faixa";"Colisão lateral sentido oposto";"Com Vítimas Feridas";"Pleno dia";"Decrescente";"Céu Claro";"Simples";"Reta";"Não";4;0;0;1;2;3;1;6;-30,17214052;-52,2681427;"SPRF-RS";"DEL02-RS";"UOP03-DEL02-RS"
747345;2026-01-22;"quinta-feira";"13:45:00";"RS";116;250;"SAO LEOPOLDO";"Reação tardia ou ineficiente do condutor";"Colisão traseira";"Com Vítimas Feridas";"Pleno dia";"Decrescente";"Céu Claro";"Múltipla";"Reta";"Sim";2;0;1;0;1;0;1;2;-29,78920811;-51,16376845;"SPRF-RS";"DEL01-RS";"UOP02-DEL01-RS"
747348;2026-01-22;"quinta-feira";"10:00:00";"GO";452;107;"BOM JESUS DE GOIAS";"Reação tardia ou ineficiente do condutor";"Colisão lateral mesmo sentido";"Com Vítimas Feridas";"Pleno dia";"Decrescente";"Chuva";"Simples";"Em Obras;Reta";"Não";8;0;4;0;2;2;4;5;-18,14095798;-49,9747467;"SPRF-GO";"DEL03-GO";"UOP02-DEL03-GO"
747355;2026-01-22;"quinta-feira";"13:20:00";"MG";153;157,9;"COMENDADOR GOMES";"Acessar a via sem observar a presença dos outros veículos";"Colisão transversal";"Com Vítimas Feridas";"Pleno dia";"Crescente";"Chuva";"Simples";"Reta;Aclive";"Não";4;0;2;0;1;1;2;3;-19,628322;-48,935197;"SPRF-MG";"DEL13-MG";"UOP02-DEL13-MG"
747357;2026-01-22;"quinta-feira";"15:00:00";"MG";365;594,1;"ARAGUARI";"Chuva";"Saída de leito carroçável";"Com Vítimas Feridas";"Pleno dia";"Crescente";"Chuva";"Simples";"Declive;Reta";"Não";1;0;1;0;0;0;1;1;-18,8809224;-48,0581248;"SPRF-MG";"DEL15-MG";"UOP02-DEL15-MG"
747366;2026-01-22;"quinta-feira";"14:30:00";"MA";230;483,3;"RIACHAO";"Transitar na contramão";"Colisão frontal";"Com Vítimas Fatais";"Pleno dia";"Crescente";"Céu Claro";"Simples";"Curva";"Não";4;1;0;0;1;2;0;4;-7,434854;-46,810781;"SPRF-MA";"DEL05-MA";"UOP01-DEL05-MA"
747370;2026-01-14;"quarta-feira";"08:40:00";"MG";381;517,2;"IGARAPE";"Ausência de reação do condutor";"Colisão traseira";"Com Vítimas Feridas";"Pleno dia";"Decrescente";"Nublado";"Dupla";"Curva;Declive";"Não";5;0;1;1;2;1;2;4;-20,106136;-44,32266;"SPRF-MG";"DEL01-MG";"UOP03-DEL01-MG"
747375;2026-01-22;"quinta-feira";"15:00:00";"BA";116;493;"RAFAEL JAMBEIRO";"Acessar a via sem observar a presença dos outros veículos";"Colisão lateral mesmo sentido";"Sem Vítimas";"Pleno dia";"Crescente";"Céu Claro";"Dupla";"Reta";"Não";3;0;0;0;2;1;0;3;-12,57832311;-39,50962242;"SPRF-BA";"DEL02-BA";"UOP01-DEL02-BA"
747376;2026-01-22;"quinta-feira";"14:05:00";"PR";476;356,8;"UNIAO DA VITORIA";"Velocidade Incompatível";"Engavetamento";"Com Vítimas Feridas";"Pleno dia";"Decrescente";"Céu Claro";"Simples";"Reta";"Não";10;0;3;3;3;1;6;5;-26,19726;-51,04027;"SPRF-PR";"DEL02-PR";"UOP03-DEL02-PR"
747379;2026-01-22;"quinta-feira";"12:00:00";"PI";407;601,7;"ACAUA";"Condutor Dormindo";"Colisão com objeto";"Com Vítimas Feridas";"Pleno dia";"Crescente";"Céu Claro";"Simples";"Curva";"Não";1;0;0;1;0;0;1;1;-8,374442;-41,08323;"SPRF-PI";"DEL04-PI";"UOP01-DEL04-PI"
747385;2026-01-22;"quinta-feira";"17:45:00";"MG";50;62,1;"UBERLANDIA";"Chuva";"Colisão lateral sentido oposto";"Com Vítimas Feridas";"Anoitecer";"Crescente";"Chuva";"Dupla";"Declive";"Não";3;0;0;1;1;1;1;3;-18,83064627;-48,24980585;"SPRF-MG";"DEL15-MG";"UOP02-DEL15-MG"
747388;2026-01-22;"quinta-feira";"19:00:00";"RS";386;436;"NOVA SANTA RITA";"Manobra de mudança de faixa";"Colisão lateral mesmo sentido";"Com Vítimas Feridas";"Pleno dia";"Decrescente";"Céu Claro";"Dupla";"Reta";"Sim";4;0;1;0;1;2;1;4;-29,85382439;-51,26432183;"SPRF-RS";"DEL04-RS";"UOP02-DEL04-RS"
747391;2026-01-22;"quinta-feira";"18:00:00";"MS";163;543;"BANDEIRANTES";"Reação tardia ou ineficiente do condutor";"Colisão traseira";"Com Vítimas Feridas";"Plena Noite";"Crescente";"Céu Claro";"Simples";"Reta";"Não";6;0;1;0;5;0;1;3;-19,93794979;-54,36764114;"SPRF-MS";"DEL01-MS";"UOP02-DEL01-MS"
747394;2026-01-22;"quinta-feira";"17:00:00";"BA";415;62;"ITAPE";"Velocidade Incompatível";"Tombamento";"Com Vítimas Feridas";"Anoitecer";"Crescente";"Céu Claro";"Simples";"Curva";"Não";2;0;1;0;0;1;1;2;-14,856448;-39,41444;"SPRF-BA";"DEL05-BA";"UOP01-DEL05-BA"
747401;2026-01-22;"quinta-feira";"19:50:00";"CE";116;41,7;"HORIZONTE";"Manobra de mudança de faixa";"Colisão lateral mesmo sentido";"Com Vítimas Feridas";"Plena Noite";"Crescente";"Céu Claro";"Dupla";"Reta";"Sim";8;0;1;1;5;1;2;4;-4,10838711;-38,49463463;"SPRF-CE";"DEL01-CE";"UOP02-DEL01-CE"
747409;2026-01-22;"quinta-feira";"19:20:00";"BA";367;135,8;"ITAGIMIRIM";"Velocidade Incompatível";"Tombamento";"Com Vítimas Feridas";"Plena Noite";"Decrescente";"Céu Claro";"Simples";"Curva";"Não";2;0;1;0;0;1;1;2;-16,08497537;-39,65087056;"SPRF-BA";"DEL09-BA";"UOP03-DEL09-BA"
747411;2026-01-22;"quinta-feira";"07:10:00";"MG";251;291;"SALINAS";"Reação tardia ou ineficiente do condutor";"Tombamento";"Com Vítimas Feridas";"Pleno dia";"Crescente";"Nublado";"Simples";"Declive;Reta";"Não";2;0;1;1;0;0;2;1;-16,055727;-42,162176;"SPRF-MG";"DEL12-MG";"UOP02-DEL12-MG"
747414;2026-01-22;"quinta-feira";"20:00:00";"MT";70;515;"VARZEA GRANDE";"Reação tardia ou ineficiente do condutor";"Colisão traseira";"Com Vítimas Feridas";"Plena Noite";"Crescente";"Céu Claro";"Simples";"Reta";"Sim";2;0;0;1;1;0;1;2;-15,70386304;-56,14952356;"SPRF-MT";"DEL01-MT";"UOP02-DEL01-MT"
747423;2026-01-22;"quinta-feira";"21:30:00";"MG";365;407;"PATOS DE MINAS";"Ausência de reação do condutor";"Colisão com objeto";"Sem Vítimas";"Plena Noite";"Decrescente";"Garoa/Chuvisco";"Simples";"Reta";"Sim";2;0;0;0;1;1;0;2;-18,64167052;-46,495471;"SPRF-MG";"DEL10-MG";"UOP01-DEL10-MG"
747424;2026-01-22;"quinta-feira";"00:30:00";"RJ";116;225;"PARACAMBI";"Condutor Dormindo";"Saída de leito carroçável";"Com Vítimas Feridas";"Plena Noite";"Decrescente";"Céu Claro";"Dupla";"Curva";"Sim";2;0;0;1;0;1;1;2;-22,6855068;-43,81303025;"SPRF-RJ";"DEL06-RJ";"UOP02-DEL06-RJ"
747425;2026-01-22;"quinta-feira";"22:20:00";"MT";174;2;"PONTES E LACERDA";"Ingestão de álcool pelo condutor";"Tombamento";"Com Vítimas Feridas";"Plena Noite";"Crescente";"Céu Claro";"Simples";"Curva";"Sim";2;0;1;0;1;0;1;1;-15,25207894;-59,32946563;"SPRF-MT";"DEL04-MT";"UOP01-DEL04-MT"
747426;2026-01-22;"quinta-feira";"23:20:00";"GO";60;41;"ALEXANIA";"Demais falhas mecânicas ou elétricas";"Colisão lateral mesmo sentido";"Sem Vítimas";"Plena Noite";"Decrescente";"Garoa/Chuvisco";"Dupla";"Curva";"Não";3;0;0;0;3;0;0;2;-16,109827;-48,582705;"SPRF-DF";"DEL03-DF";"UOP01-DEL03-DF"
747429;2026-01-22;"quinta-feira";"23:00:00";"PR";376;615,4;"SAO JOSE DOS PINHAIS";"Condutor Dormindo";"Colisão traseira";"Com Vítimas Feridas";"Plena Noite";"Decrescente";"Nublado";"Dupla";"Reta";"Não";3;0;1;0;1;2;1;4;-25,57503352;-49,17960819;"SPRF-PR";"DEL01-PR";"UOP04-DEL01-PR"
747431;2026-01-22;"quinta-feira";"23:50:00";"SC";101;102,3;"BALNEARIO PICARRAS";"Estacionar ou parar em local proibido";"Colisão traseira";"Com Vítimas Feridas";"Plena Noite";"Decrescente";"Céu Claro";"Múltipla";"Reta";"Sim";3;0;1;0;1;1;1;3;-26,77495992;-48,68548242;"SPRF-SC";"DEL03-SC";"UOP02-DEL03-SC"
747434;2026-01-23;"sexta-feira";"00:30:00";"SC";470;192,1;"POUSO REDONDO";"Transitar na contramão";"Colisão lateral sentido oposto";"Com Vítimas Feridas";"Plena Noite";"Crescente";"Céu Claro";"Simples";"Curva";"Não";5;0;3;0;1;1;3;2;-27,2992363;-50,07614963;"SPRF-SC";"DEL04-SC";"UOP02-DEL04-SC"
747438;2026-01-23;"sexta-feira";"02:30:00";"TO";153;416;"MIRANORTE";"Reação tardia ou ineficiente do condutor";"Tombamento";"Com Vítimas Feridas";"Plena Noite";"Decrescente";"Nublado";"Dupla";"Reta";"Sim";2;0;1;0;0;1;1;2;-9,551807;-48,600622;"SPRF-TO";"DEL01-TO";"UOP01-DEL01-TO"
747439;2026-01-23;"sexta-feira";"03:55:00";"GO";50;204,3;"CAMPO ALEGRE DE GOIAS";"Condutor Dormindo";"Saída de leito carroçável";"Com Vítimas Feridas";"Plena Noite";"Crescente";"Nublado";"Dupla";"Reta";"Não";2;0;1;0;0;2;1;3;-17,607119;-47,790288;"SPRF-GO";"DEL06-GO";"UOP01-DEL06-GO"
747448;2026-01-22;"quinta-feira";"22:00:00";"PI";230;163;"SAO JOAO DA VARJOTA";"Condutor Dormindo";"Saída de leito carroçável";"Com Vítimas Feridas";"Plena Noite";"Crescente";"Céu Claro";"Simples";"Reta";"Não";1;0;0;1;0;0;1;1;-6,929452;-41,847017;"SPRF-PI";"DEL04-PI";"UOP01-DEL04-PI"
747451;2026-01-23;"sexta-feira";"06:04:00";"SC";282;16,4;"PALHOCA";"Acessar a via sem observar a presença dos outros veículos";"Colisão lateral sentido oposto";"Com Vítimas Feridas";"Pleno dia";"Decrescente";"Céu Claro";"Simples";"Interseção de Vias;Reta";"Sim";3;0;1;0;2;0;1;3;-27,6617831;-48,68456352;"SPRF-SC";"DEL01-SC";"UOP02-DEL01-SC"
747452;2026-01-23;"sexta-feira";"05:00:00";"PR";376;314;"ORTIGUEIRA";"Condutor Dormindo";"Colisão traseira";"Com Vítimas Feridas";"Amanhecer";"Decrescente";"Céu Claro";"Dupla";"Aclive;Reta";"Não";3;0;1;0;1;1;1;3;-24,00200642;-51,08588666;"SPRF-PR";"DEL07-PR";"UOP02-DEL07-PR"
747464;2026-01-23;"sexta-feira";"07:30:00";"MG";116;681;"MIRADOURO";"Velocidade Incompatível";"Tombamento";"Com Vítimas Feridas";"Pleno dia";"Crescente";"Garoa/Chuvisco";"Simples";"Curva;Aclive";"Não";2;0;1;0;0;1;1;2;-20,956189;-42,350258;"SPRF-MG";"DEL07-MG";"UOP02-DEL07-MG"
747465;2026-01-23;"sexta-feira";"08:08:00";"MG";381;560;"ITAGUARA";"Velocidade Incompatível";"Capotamento";"Com Vítimas Feridas";"Pleno dia";"Crescente";"Chuva";"Dupla";"Curva;Declive";"Não";1;0;0;1;0;0;1;1;-20,33816958;-44,44242934;"SPRF-MG";"DEL04-MG";"UOP03-DEL04-MG"