"id";"data_inversa";"dia_semana";"horario";"uf";"br";"km";"municipio";"causa_acidente";"tipo_acidente";"classificacao_acidente";"fase_dia";"sentido_via";"condicao_metereologica";"tipo_pista";"tracado_via";"uso_solo";"pessoas";"mortos";"feridos_leves";"feridos_graves";"ilesos";"ignorados";"feridos";"veiculos";"latitude";"longitude";"regional";"delegacia";"uop"
747477;2026-01-23;"sexta-feira";"06:20:00";"MT";70;721;"CACERES";"Reação tardia ou ineficiente do condutor";"Saída de leito carroçável";"Com Vítimas Feridas";"Pleno dia";"Crescente";"Céu Claro";"Simples";"Curva";"Não";2;0;1;0;0;2;1;3;-16,24895688;-57,52372742;"SPRF-MT";"DEL03-MT";"UOP01-DEL03-MT"
747479;2026-01-23;"sexta-feira";"07:50:00";"PR";376;182,9;"SARANDI";"Reação tardia ou ineficiente do condutor";"Colisão lateral mesmo sentido";"Com Vítimas Fatais";"Pleno dia";"Crescente";"Sol";"Dupla";"Reta;Em Obras";"Sim";6;1;0;1;2;3;1;6;-23,436277;-51,879967;"SPRF-PR";"DEL09-PR";"UOP01-DEL09-PR"
747483;2026-01-23;"sexta-feira";"07:40:00";"MS";163;800;"SONORA";"Ausência de reação do condutor";"Saída de leito carroçável";"Com Vítimas Fatais";"Pleno dia";"Crescente";"Céu Claro";"Simples";"Ponte;Reta";"Não";1;1;0;0;0;0;0;1;-17,91468538;-54,68963027;"SPRF-MS";"DEL06-MS";"UOP01-DEL06-MS"
747491;2026-01-23;"sexta-feira";"09:20:00";"RS";285;292,8;"PASSO FUNDO";"Reação tardia ou ineficiente do condutor";"Colisão traseira";"Com Vítimas Feridas";"Pleno dia";"Decrescente";"Céu Claro";"Simples";"Retorno Regulamentado";"Sim";2;0;2;0;0;0;2;2;-28,23689003;-52,37574069;"SPRF-RS";"DEL08-RS";"UOP03-DEL08-RS"
747499;2026-01-23;"sexta-feira";"09:20:00";"MA";10;252;"IMPERATRIZ";"Ausência de reação do condutor";"Colisão traseira";"Com Vítimas Feridas";"Pleno dia";"Crescente";"Nublado";"Simples";"Reta";"Sim";2;0;1;0;0;1;1;2;-5,53119;-47,47138;"SPRF-MA";"DEL04-MA";"UOP01-DEL04-MA"
747502;2026-01-23;"sexta-feira";"11:30:00";"SP";116;394,2;"MIRACATU";"Velocidade Incompatível";"Colisão lateral mesmo sentido";"Com Vítimas Feridas";"Pleno dia";"Crescente";"Chuva";"Dupla";"Reta";"Sim";3;0;1;0;1;1;1;3;-24,28707286;-47,45245317;"SPRF-SP";"DEL04-SP";"UOP02-DEL04-SP"
747509;2026-01-23;"sexta-feira";"09:10:00";"MA";135;194;"ALTO ALEGRE DO MARANHAO";"Reação tardia ou ineficiente do condutor";"Colisão lateral mesmo sentido";"Sem Vítimas";"Pleno dia";"Crescente";"Nublado";"Simples";"Reta;Aclive";"Não";4;0;0;0;4;0;0;2;-4,148581;-44,470003;"SPRF-MA";"DEL03-MA";"UOP01-DEL03-MA"
747510;2026-01-23;"sexta-feira";"11:41:00";"RS";392;4;"RIO GRANDE";"Reação tardia ou ineficiente do condutor";"Colisão transversal";"Com Vítimas Feridas";"Pleno dia";"Decrescente";"Céu Claro";"Simples";"Interseção de Vias;Reta";"Sim";3;0;1;0;2;0;1;2;-32,144856;-52,108835;"SPRF-RS";"DEL07-RS";"UOP02-DEL07-RS"
747515;2026-01-16;"sexta-feira";"08:30:00";"GO";70;1,3;"AGUAS LINDAS DE GOIAS";"Avarias e/ou desgaste excessivo no pneu";"Colisão traseira";"Com Vítimas Fatais";"Pleno dia";"Decrescente";"Céu Claro";"Dupla";"Aclive;Curva";"Sim";2;1;0;0;1;0;0;2;-15,76904417;-48,22989464;"SPRF-DF";"DEL03-DF";"UOP02-DEL03-DF"
747520;2026-01-23;"sexta-feira";"12:50:00";"ES";101;406,5;"ITAPEMIRIM";"Ausência de sinalização";"Tombamento";"Sem Vítimas";"Pleno dia";"Decrescente";"Nublado";"Simples";"Declive;Curva";"Não";2;0;0;0;1;2;0;3;-20,8933732;-41,0267865;"SPRF-ES";"DEL03-ES";"UOP02-DEL03-ES"
747522;2026-01-23;"sexta-feira";"10:20:00";"RJ";101;330;"RIO DE JANEIRO";"Ausência de reação do condutor";"Colisão lateral mesmo sentido";"Sem Vítimas";"Pleno dia";"Crescente";"Chuva";"Dupla";"Reta";"Sim";4;0;0;0;3;1;0;3;-22,86858331;-43,17935944;"SPRF-RJ";"DEL02-RJ";"UOP01-DEL02-RJ"
747524;2026-01-23;"sexta-feira";"12:22:00";"GO";153;564,6;"PROFESSOR JAMIL";"Velocidade Incompatível";"Colisão traseira";"Com Vítimas Feridas";"Pleno dia";"Crescente";"Nublado";"Dupla";"Reta";"Sim";3;0;1;0;2;0;1;2;-17,247305;-49,241718;"SPRF-GO";"DEL03-GO";"UOP01-DEL03-GO"
747530;2026-01-23;"sexta-feira";"11:44:00";"GO";60;305;"ACREUNA";"Animais na Pista";"Colisão traseira";"Com Vítimas Feridas";"Pleno dia";"Crescente";"Céu Claro";"Dupla";"Declive;Reta";"Não";4;0;2;0;2;0;2;2;-17,399706;-50,388254;"SPRF-GO";"DEL04-GO";"UOP02-DEL04-GO"
747536;2026-01-23;"sexta-feira";"12:00:00";"SC";153;94,1;"CONCORDIA";"Conversão proibida";"Colisão lateral mesmo sentido";"Com Vítimas Feridas";"Pleno dia";"Decrescente";"Céu Claro";"Simples";"Curva;Aclive";"Não";4;0;1;0;2;1;1;4;-27,23047638;-51,95270252;"SPRF-SC";"DEL07-SC";"UOP04-DEL07-SC"
747541;2026-01-23;"sexta-feira";"14:05:00";"RO";364;10;"VILHENA";"Reação tardia ou ineficiente do condutor";"Colisão transversal";"Com Vítimas Feridas";"Pleno dia";"Crescente";"Céu Claro";"Simples";"Reta";"Sim";3;0;1;0;1;2;1;4;-12,749983;-60,10822;"SPRF-RO";"DEL04-RO";"UOP01-DEL04-RO"
747543;2026-01-23;"sexta-feira";"13:30:00";"SP";153;266;"MARILIA";"Velocidade Incompatível";"Colisão traseira";"Com Vítimas Feridas";"Pleno dia";"Decrescente";"Céu Claro";"Simples";"Reta";"Não";3;0;1;0;1;1;1;3;-22,315423;-49,898128;"SPRF-SP";"DEL07-SP";"UOP02-DEL07-SP"
747544;2026-01-23;"sexta-feira";"14:30:00";"PR";116;93;"SAO JOSE DOS PINHAIS";"Acessar a via sem observar a presença dos outros veículos";"Colisão transversal";"Sem Vítimas";"Pleno dia";"Decrescente";"Céu Claro";"Dupla";"Interseção de Vias;Curva";"Não";3;0;0;0;2;1;0;3;-25,51822717;-49,13264561;"SPRF-PR";"DEL01-PR";"UOP07-DEL01-PR"
747552;2026-01-23;"sexta-feira";"14:26:00";"MT";163;1102;"GUARANTA DO NORTE";"Velocidade Incompatível";"Colisão com objeto";"Com Vítimas Fatais";"Pleno dia";"Crescente";"Nublado";"Simples";"Curva;Declive";"Não";2;1;0;0;0;1;0;2;-9,648637;-54,8724326;"SPRF-MT";"DEL06-MT";"UOP03-DEL06-MT"
747555;2026-01-23;"sexta-feira";"16:00:00";"MG";381;753;"TRES CORACOES";"Ausência de reação do condutor";"Saída de leito carroçável";"Com Vítimas Feridas";"Pleno dia";"Decrescente";"Chuva";"Dupla";"Curva";"Não";4;0;1;1;1;2;2;4;-21,664732;-45,309373;"SPRF-MG";"DEL16-MG";"UOP02-DEL16-MG"
747556;2026-01-23;"sexta-feira";"15:40:00";"DF";60;13,9;"BRASILIA";"Acumulo de água sobre o pavimento";"Saída de leito carroçável";"Sem Vítimas";"Pleno dia";"Crescente";"Chuva";"Dupla";"Reta";"Não";1;0;0;0;1;0;0;1;-15,934744;-48,169326;"SPRF-DF";"DEL03-DF";"UOP01-DEL03-DF"
747557;2026-01-23;"sexta-feira";"15:00:00";"RS";386;164;"ALMIRANTE TAMANDARE DO SUL";"Ausência de reação do condutor";"Saída de leito carroçável";"Com Vítimas Feridas";"Pleno dia";"Crescente";"Céu Claro";"Simples";"Reta";"Não";4;0;2;0;2;0;2;1;-28,19266;-52,8276;"SPRF-RS";"DEL08-RS";"UOP01-DEL08-RS"
747558;2026-01-23;"sexta-feira";"15:45:00";"MG";40;515;"RIBEIRAO DAS NEVES";"Reação tardia ou ineficiente do condutor";"Colisão traseira";"Com Vítimas Feridas";"Pleno dia";"Crescente";"Chuva";"Dupla";"Aclive;Reta";"Sim";6;0;1;0;3;4;1;7;-19,80763093;-44,09595648;"SPRF-MG";"DEL01-MG";"UOP02-DEL01-MG"
747562;2026-01-23;"sexta-feira";"15:20:00";"MG";116;765;"LEOPOLDINA";"Acessar a via sem observar a presença dos outros veículos";"Colisão transversal";"Com Vítimas Feridas";"Pleno dia";"Crescente";"Chuva";"Simples";"Interseção de Vias;Rotatória";"Sim";2;0;1;0;1;0;1;2;-21,52045631;-42,6508335;"SPRF-MG";"DEL07-MG";"UOP01-DEL07-MG"
747569;2026-01-23;"sexta-feira";"15:45:00";"MG";365;475;"PATROCINIO";"Ausência de reação do condutor";"Colisão traseira";"Com Vítimas Feridas";"Pleno dia";"Crescente";"Céu Claro";"Simples";"Curva";"Sim";10;0;7;0;2;2;7;4;-18,92151;-47,01673;"SPRF-MG";"DEL10-MG";"UOP01-DEL10-MG"
747595;2026-01-23;"sexta-feira";"17:50:00";"SC";101;396;"MARACAJA";"Condutor deixou de manter distância do veículo da frente";"Colisão traseira";"Com Vítimas Fatais";"Pleno dia";"Decrescente";"Nublado";"Dupla";"Aclive;Reta";"Não";3;1;0;0;1;1;0;3;-28,83672717;-49,42115871;"SPRF-SC";"DEL02-SC";"UOP02-DEL02-SC"
747597;2026-01-23;"sexta-feira";"18:50:00";"PR";163;182;"SANTA TEREZA DO OESTE";"Velocidade Incompatível";"Colisão lateral mesmo sentido";"Com Vítimas Feridas";"Anoitecer";"Decrescente";"Céu Claro";"Dupla";"Curva";"Sim";3;0;1;0;1;1;1;3;-25,1349459;-53,5840854;"SPRF-PR";"DEL05-PR";"UOP05-DEL05-PR"
747598;2026-01-23;"sexta-feira";"06:00:00";"MA";222;328,7;"IGARAPE DO MEIO";"Acostamento em desnível";"Tombamento";"Sem Vítimas";"Amanhecer";"Crescente";"Céu Claro";"Simples";"Reta";"Não";2;0;0;0;1;1;0;2;-3,58640847;-45,06351471;"SPRF-MA";"DEL02-MA";"UOP01-DEL02-MA"
747600;2026-01-23;"sexta-feira";"19:05:00";"BA";116;414;"FEIRA DE SANTANA";"Acessar a via sem observar a presença dos outros veículos";"Colisão com objeto";"Com Vítimas Feridas";"Plena Noite";"Crescente";"Céu Claro";"Dupla";"Reta";"Não";3;0;0;2;1;0;2;2;-12,1578833;-38,9651433;"SPRF-BA";"DEL02-BA";"UOP01-DEL02-BA"
747604;2026-01-23;"sexta-feira";"17:30:00";"ES";101;78;"SAO MATEUS";"Problema com o freio";"Incêndio";"Sem Vítimas";"Anoitecer";"Crescente";"Nublado";"Simples";"Declive";"Não";2;0;0;0;1;2;0;3;-18,8098114;-39,89761703;"SPRF-ES";"DEL04-ES";"UOP02-DEL04-ES"
747608;2026-01-23;"sexta-feira";"17:41:00";"MS";163;213;"CAARAPO";"Ultrapassagem Indevida";"Colisão lateral mesmo sentido";"Com Vítimas Fatais";"Pleno dia";"Decrescente";"Céu Claro";"Simples";"Declive;Reta";"Não";7;1;3;1;1;3;4;7;-22,5722742;-54,81900662;"SPRF-MS";"DEL04-MS";"UOP02-DEL04-MS"
747618;2026-01-23;"sexta-feira";"20:40:00";"ES";101;65,3;"SAO MATEUS";"Ingestão de álcool pelo condutor";"Colisão lateral sentido oposto";"Sem Vítimas";"Anoitecer";"Crescente";"Céu Claro";"Simples";"Reta";"Não";3;0;0;0;2;2;0;4;-18,7140508;-39,8782362;"SPRF-ES";"DEL04-ES";"UOP02-DEL04-ES"
747621;2026-01-23;"sexta-feira";"19:35:00";"SE";101;142;"ESTANCIA";"Falta de elemento de contenção que evite a saída do leito carroçável";"Saída de leito carroçável";"Sem Vítimas";"Plena Noite";"Crescente";"Céu Claro";"Dupla";"Reta";"Não";2;0;0;0;0;2;0;2;-11,1896624;-37,4051279;"SPRF-SE";"DEL02-SE";"UOP01-DEL02-SE"
747625;2026-01-23;"sexta-feira";"20:20:00";"RJ";101;69;"CAMPOS DOS GOYTACAZES";"Retorno proibido";"Colisão traseira";"Com Vítimas Feridas";"Plena Noite";"Crescente";"Chuva";"Simples";"Reta";"Sim";4;0;1;0;2;1;1;4;-21,774603;-41,362;"SPRF-RJ";"DEL08-RJ";"UOP02-DEL08-RJ"
747629;2026-01-23;"sexta-feira";"20:00:00";"RJ";40;110;"DUQUE DE CAXIAS";"Objeto estático sobre o leito carroçável";"Colisão traseira";"Com Vítimas Feridas";"Plena Noite";"Crescente";"Chuva";"Dupla";"Reta";"Não";3;0;1;0;1;1;1;3;-22,66627;-43,28488;"SPRF-RJ";"DEL01-RJ";"UOP02-DEL01-RJ"
747631;2026-01-23;"sexta-feira";"20:10:00";"MT";163;983;"TERRA NOVA DO NORTE";"Ausência de sinalização";"Colisão traseira";"Com Vítimas Fatais";"Plena Noite";"Crescente";"Nublado";"Simples";"Reta";"Não";3;1;0;0;1;2;0;4;-10,637859;-55,133539;"SPRF-MT";"DEL06-MT";"UOP03-DEL06-MT"
747634;2026-01-23;"sexta-feira";"22:20:00";"RJ";101;243;"SILVA JARDIM";"Acessar a via sem observar a presença dos outros veículos";"Colisão traseira";"Sem Vítimas";"Plena Noite";"Decrescente";"Céu Claro";"Dupla";"Reta";"Não";2;0;0;0;2;0;0;2;-22,639375;-42,46748;"SPRF-RJ";"DEL02-RJ";"UOP03-DEL02-RJ"
747641;2026-01-23;"sexta-feira";"21:01:00";"AL";101;36,2;"JOAQUIM GOMES";"Velocidade Incompatível";"Colisão traseira";"Com Vítimas Feridas";"Plena Noite";"Decrescente";"Nublado";"Dupla";"Curva";"Não";2;0;0;1;0;1;1;2;-9,134766;-35,77137;"SPRF-AL";"DEL01-AL";"UOP02-DEL01-AL"
747646;2026-01-23;"sexta-feira";"19:07:00";"PR";277;372;"GUARAPUAVA";"Condutor deixou de manter distância do veículo da frente";"Colisão frontal";"Com Vítimas Feridas";"Pleno dia";"Crescente";"Céu Claro";"Simples";"Declive;Reta";"Não";6;0;1;0;4;3;1;6;-25,42264;-51,66581;"SPRF-PR";"DEL08-PR";"UOP01-DEL08-PR"
747647;2026-01-23;"sexta-feira";"23:20:00";"PB";104;130;"CAMPINA GRANDE";"Conversão proibida";"Colisão lateral mesmo sentido";"Com Vítimas Feridas";"Plena Noite";"Crescente";"Céu Claro";"Simples";"Em Obras;Reta";"Sim";2;0;0;1;1;0;1;2;-7,282482;-35,889187;"SPRF-PB";"DEL02-PB";"UOP01-DEL02-PB"
747651;2026-01-24;"sábado";"00:00:00";"SP";116;103,2;"TAUBATE";"Ausência de reação do condutor";"Engavetamento";"Com Vítimas Feridas";"Plena Noite";"Decrescente";"Nublado";"Dupla";"Reta;Declive";"Não";10;0;3;1;5;1;4;4;-22,99945851;-45,4985318;"SPRF-SP";"DEL02-SP";"UOP02-DEL02-SP"
747652;2026-01-23;"sexta-feira";"14:20:00";"MS";463;45,6;"PONTA PORA";"Reação tardia ou ineficiente do condutor";"Saída de leito carroçável";"Sem Vítimas";"Pleno dia";"Decrescente";"Céu Claro";"Simples";"Reta";"Não";3;0;0;0;1;3;0;4;-22,343699;-55,203225;"SPRF-MS";"DEL04-MS";"UOP03-DEL04-MS"
747654;2026-01-24;"sábado";"01:30:00";"SC";282;644,5;"SAO MIGUEL DO OESTE";"Velocidade Incompatível";"Saída de leito carroçável";"Com Vítimas Feridas";"Plena Noite";"Decrescente";"Céu Claro";"Simples";"Curva";"Não";2;0;1;0;1;0;1;2;-26,76503374;-53,48541347;"SPRF-SC";"DEL07-SC";"UOP03-DEL07-SC"
747658;2026-01-23;"sexta-feira";"23:30:00";"SP";116;546;"BARRA DO TURVO";"Reação tardia ou ineficiente do condutor";"Engavetamento";"Com Vítimas Feridas";"Plena Noite";"Crescente";"Chuva";"Múltipla";"Curva;Declive";"Não";14;0;3;0;10;5;3;16;-24,94687279;-48,42780304;"SPRF-SP";"DEL05-SP";"UOP02-DEL05-SP"
747660;2026-01-24;"sábado";"03:00:00";"MG";262;397,9;"PARA DE MINAS";"Velocidade Incompatível";"Tombamento";"Com Vítimas Feridas";"Plena Noite";"Crescente";"Nublado";"Dupla";"Curva";"Não";4;0;0;1;2;1;1;3;-19,88997855;-44,62210715;"SPRF-MG";"DEL01-MG";"UOP03-DEL01-MG"
747663;2026-01-24;"sábado";"03:00:00";"ES";101;62,3;"SAO MATEUS";"Transitar na contramão";"Colisão lateral sentido oposto";"Com Vítimas Feridas";"Plena Noite";"Crescente";"Céu Claro";"Dupla";"Aclive";"Não";2;0;0;1;0;1;1;2;-18,648944;-39,8734455;"SPRF-ES";"DEL04-ES";"UOP02-DEL04-ES"
747664;2026-01-24;"sábado";"02:10:00";"PA";10;218,8;"IPIXUNA DO PARA";"Reação tardia ou ineficiente do condutor";"Saída de leito carroçável";"Com Vítimas Fatais";"Plena Noite";"Crescente";"Chuva";"Simples";"Curva;Declive";"Não";3;1;1;0;0;1;1;2;-2,518883;-47,506147;"SPRF-PA";"DEL02-PA";"UOP01-DEL02-PA"
747665;2026-01-24;"sábado";"01:40:00";"MG";116;249,8;"TEOFILO OTONI";"Demais falhas mecânicas ou elétricas";"Incêndio";"Sem Vítimas";"Plena Noite";"Decrescente";"Nublado";"Simples";"Curva";"Não";2;0;0;0;1;1;0;2;-17,642398;-41,498358;"SPRF-MG";"DEL11-MG";"UOP01-DEL11-MG"
747677;2026-01-23;"sexta-feira";"06:00:00";"RS";116;311;"GUAIBA";"Demais falhas mecânicas ou elétricas";"Saída de leito carroçável";"Sem Vítimas";"Pleno dia";"Decrescente";"Céu Claro";"Dupla";"Curva";"Não";1;0;0;0;1;0;0;1;-30,2045377;-51,4008804;"SPRF-RS";"DEL02-RS";"UOP01-DEL02-RS"
747684;2026-01-24;"sábado";"03:30:00";"GO";414;209;"NIQUELANDIA";"Chuva";"Derramamento de carga";"Sem Vítimas";"Plena Noite";"Crescente";"Chuva";"Simples";"Curva";"Não";2;0;0;0;1;2;0;3;-14,50424179;-48,51905823;"SPRF-GO";"DEL07-GO";"UOP02-DEL07-GO"
747690;2026-01-24;"sábado";"06:15:00";"BA";324;605;"SIMOES FILHO";"Reação tardia ou ineficiente do condutor";"Saída de leito carroçável";"Com Vítimas Feridas";"Pleno dia";"Crescente";"Nublado";"Dupla";"Reta";"Sim";2;0;1;0;1;0;1;2;-12,802095;-38,403998;"SPRF-BA";"DEL01-BA";"UOP01-DEL01-BA"
747692;2026-01-24;"sábado";"03:55:00";"MG";262;449,9;"NOVA SERRANA";"Ultrapassagem Indevida";"Colisão frontal";"Com Vítimas Feridas";"Pleno dia";"Crescente";"Céu Claro";"Simples";"Reta";"Não";2;0;1;1;0;0;2;2;-19,82458;-45,07931;"SPRF-MG";"DEL08-MG";"UOP03-DEL08-MG"
747694;2026-01-24;"sábado";"05:35:00";"BA";324;607,5;"SIMOES FILHO";"Ausência de reação do condutor";"Colisão traseira";"Com Vítimas Fatais";"Amanhecer";"Crescente";"Céu Claro";"Dupla";"Reta;Aclive";"Sim";6;1;2;2;1;0;4;2;-12,818107;-38,407198;"SPRF-BA";"DEL01-BA";"UOP01-DEL01-BA"
747696;2026-01-24;"sábado";"07:53:00";"SP";116;565;"BARRA DO TURVO";"Chuva";"Colisão transversal";"Com Vítimas Feridas";"Pleno dia";"Crescente";"Garoa/Chuvisco";"Dupla";"Declive;Curva";"Não";3;0;0;1;1;2;1;4;-25,04906492;-48,55311853;"SPRF-SP";"DEL05-SP";"UOP02-DEL05-SP"
747698;2026-01-24;"sábado";"06:20:00";"RS";386;20,9;"FREDERICO WESTPHALEN";"Transitar na contramão";"Colisão frontal";"Com Vítimas Fatais";"Pleno dia";"Crescente";"Céu Claro";"Simples";"Curva";"Não";2;1;0;0;1;0;0;2;-27,2721217;-53,3479602;"SPRF-RS";"DEL08-RS";"UOP02-DEL08-RS"
747704;2026-01-23;"sexta-feira";"15:30:00";"GO";364;352;"MINEIROS";"Reação tardia ou ineficiente do condutor";"Tombamento";"Com Vítimas Feridas";"Pleno dia";"Crescente";"Céu Claro";"Simples";"Curva;Declive";"Não";1;0;1;0;0;0;1;1;-17,379433;-52,92548;"SPRF-GO";"DEL05-GO";"UOP01-DEL05-GO"
747714;2026-01-24;"sábado";"09:00:00";"PR";476;210;"LAPA";"Ausência de reação do condutor";"Saída de leito carroçável";"Com Vítimas Feridas";"Pleno dia";"Crescente";"Sol";"Simples";"Curva;Aclive";"Não";3;0;1;0;1;2;1;4;-25,7845945;-49,8455222;"SPRF-PR";"DEL01-PR";"UOP06-DEL01-PR"
747720;2026-01-23;"sexta-feira";"17:26:00";"MT";163;1004;"TERRA NOVA DO NORTE";"Ultrapassagem Indevida";"Saída de leito carroçável";"Com Vítimas Feridas";"Pleno dia";"Decrescente";"Chuva";"Simples";"Reta";"Não";2;0;1;0;0;1;1;2;-10,45576;-55,063735;"SPRF-MT";"DEL06-MT";"UOP03-DEL06-MT"
747737;2026-01-24;"sábado";"12:24:00";"SE";101;91;"NOSSA SENHORA DO SOCORRO";"Velocidade Incompatível";"Saída de leito carroçável";"Com Vítimas Feridas";"Pleno dia";"Crescente";"Céu Claro";"Dupla";"Curva";"Não";2;0;1;0;0;1;1;2;-10,90099;-37,13236;"SPRF-SE";"DEL01-SE";"UOP01-DEL01-SE"
747738;2026-01-24;"sábado";"11:45:00";"ES";262;81;"DOMINGOS MARTINS";"Velocidade Incompatível";"Tombamento";"Com Vítimas Feridas";"Pleno dia";"Decrescente";"Sol";"Simples";"Curva";"Não";2;0;0;1;0;1;1;2;-20,40770758;-40,9479332;"SPRF-ES";"DEL01-ES";"UOP02-DEL01-ES"
747739;2026-01-24;"sábado";"12:20:00";"MG";116;515,4;"UBAPORANGA";"Demais falhas mecânicas ou elétricas";"Saída de leito carroçável";"Com Vítimas Feridas";"Pleno dia";"Crescente";"Nublado";"Simples";"Curva";"Não";1;0;1;0;0;0;1;1;-19,6947031;-42,1179156;"SPRF-MG";"DEL06-MG";"UOP02-DEL06-MG"
747746;2026-01-24;"sábado";"13:20:00";"RJ";101;229;"SILVA JARDIM";"Reação tardia ou ineficiente do condutor";"Saída de leito carroçável";"Sem Vítimas";"Pleno dia";"Decrescente";"Nublado";"Dupla";"Curva";"Não";5;0;0;0;4;1;0;4;-22,56598809;-42,37255096;"SPRF-RJ";"DEL02-RJ";"UOP03-DEL02-RJ"
747748;2026-01-24;"sábado";"12:33:00";"PE";101;65,6;"RECIFE";"Reação tardia ou ineficiente do condutor";"Engavetamento";"Com Vítimas Feridas";"Pleno dia";"Decrescente";"Céu Claro";"Múltipla";"Reta";"Sim";4;0;1;0;2;2;1;5;-8,03048;-34,94283;"SPRF-PE";"DEL01-PE";"UOP01-DEL01-PE"
747758;2026-01-24;"sábado";"13:40:00";"SP";116;327;"JUQUITIBA";"Manobra de mudança de faixa";"Colisão traseira";"Com Vítimas Feridas";"Pleno dia";"Decrescente";"Céu Claro";"Dupla";"Reta";"Não";6;0;1;0;4;1;1;3;-23,93610765;-47,07685661;"SPRF-SP";"DEL04-SP";"UOP03-DEL04-SP"
747759;2026-01-24;"sábado";"15:02:00";"PR";376;622,1;"SAO JOSE DOS PINHAIS";"Velocidade Incompatível";"Colisão traseira";"Com Vítimas Feridas";"Pleno dia";"Decrescente";"Céu Claro";"Dupla";"Aclive";"Não";4;0;1;0;1;2;1;4;-25,632038;-49,16275;"SPRF-PR";"DEL01-PR";"UOP04-DEL01-PR"
747761;2026-01-24;"sábado";"15:00:00";"MG";365;427;"PATOS DE MINAS";"Transitar na contramão";"Colisão frontal";"Com Vítimas Fatais";"Pleno dia";"Decrescente";"Garoa/Chuvisco";"Simples";"Declive;Reta;Ponte";"Não";3;2;0;0;0;3;0;5;-18,74407;-46,63098;"SPRF-MG";"DEL10-MG";"UOP01-DEL10-MG"
747771;2026-01-11;"domingo";"17:15:00";"MG";40;505,3;"RIBEIRAO DAS NEVES";"Ingestão de álcool pelo condutor";"Colisão lateral mesmo sentido";"Sem Vítimas";"Pleno dia";"Crescente";"Céu Claro";"Dupla";"Declive;Reta";"Sim";3;0;0;0;0;3;0;3;-19,74136;-44,14881;"SPRF-MG";"DEL02-MG";"UOP01-DEL02-MG"
747775;2026-01-24;"sábado";"12:14:00";"MG";365;253;"BURITIZEIRO";"Ausência de reação do condutor";"Saída de leito carroçável";"Com Vítimas Feridas";"Pleno dia";"Decrescente";"Nublado";"Simples";"Aclive;Curva";"Não";2;0;1;0;0;1;1;2;-17,51179;-45,28023;"SPRF-MG";"DEL10-MG";"UOP02-DEL010-MG"
747780;2026-01-24;"sábado";"16:12:00";"SC";116;283;"CAPAO ALTO";"Fumaça";"Colisão com objeto";"Com Vítimas Feridas";"Pleno dia";"Crescente";"Céu Claro";"Simples";"Aclive;Reta";"Não";3;0;1;0;1;1;1;3;-28,06531;-50,5744643;"SPRF-SC";"DEL05-SC";"UOP02-DEL05-SC"
747782;2026-01-24;"sábado";"16:50:00";"PE";101;83;"JABOATAO DOS GUARARAPES";"Condutor deixou de manter distância do veículo da frente";"Colisão traseira";"Sem Vítimas";"Pleno dia";"Decrescente";"Céu Claro";"Dupla";"Aclive;Curva";"Não";2;0;0;0;2;0;0;2;-8,17716875;-34,94455934;"SPRF-PE";"DEL01-PE";"UOP01-DEL01-PE"
747787;2026-01-24;"sábado";"17:20:00";"SC";101;176;"GOVERNADOR CELSO RAMOS";"Manobra de mudança de faixa";"Colisão lateral mesmo sentido";"Com Vítimas Feridas";"Pleno dia";"Decrescente";"Nublado";"Dupla";"Interseção de Vias;Curva";"Não";3;0;1;0;1;1;1;3;-27,35039187;-48,63248197;"SPRF-SC";"DEL01-SC";"UOP01-DEL01-SC"
747797;2026-01-24;"sábado";"14:00:00";"GO";153;577;"PROFESSOR JAMIL";"Acumulo de água sobre o pavimento";"Saída de leito carroçável";"Com Vítimas Feridas";"Pleno dia";"Crescente";"Chuva";"Dupla";"Reta";"Não";2;0;1;0;0;1;1;2;-17,35591;-49,248228;"SPRF-GO";"DEL03-GO";"UOP01-DEL03-GO"
747798;2026-01-24;"sábado";"17:10:00";"RS";290;568;"ALEGRETE";"Manobra de mudança de faixa";"Tombamento";"Com Vítimas Feridas";"Pleno dia";"Crescente";"Céu Claro";"Simples";"Declive;Reta";"Não";2;0;1;0;0;1;1;2;-29,84472842;-55,66034015;"SPRF-RS";"DEL13-RS";"UOP02-DEL13-RS"
747801;2026-01-24;"sábado";"17:45:00";"SC";101;262;"GAROPABA";"Reação tardia ou ineficiente do condutor";"Colisão lateral mesmo sentido";"Com Vítimas Feridas";"Pleno dia";"Decrescente";"Céu Claro";"Múltipla";"Reta";"Não";7;0;3;0;3;1;3;3;-28,03851454;-48,71081328;"SPRF-SC";"DEL02-SC";"UOP03-DEL02-SC"
747803;2026-01-24;"sábado";"15:20:00";"RS";285;598;"SANTO ANTONIO DAS MISSOES";"Acessar a via sem observar a presença dos outros veículos";"Colisão transversal";"Com Vítimas Feridas";"Pleno dia";"Crescente";"Sol";"Simples";"Reta";"Sim";3;0;1;0;1;1;1;3;-28,48906133;-55,25110245;"SPRF-RS";"DEL12-RS";"UOP01-DEL12-RS"
747811;2026-01-24;"sábado";"19:00:00";"ES";101;299,6;"VIANA";"Demais falhas mecânicas ou elétricas";"Engavetamento";"Com Vítimas Feridas";"Plena Noite";"Crescente";"Nublado";"Simples";"Aclive";"Sim";5;0;1;0;3;1;1;4;-20,3559495;-40,4278698;"SPRF-ES";"DEL01-ES";"UOP01-DEL01-ES"