"id";"data_inversa";"dia_semana";"horario";"uf";"br";"km";"municipio";"causa_acidente";"tipo_acidente";"classificacao_acidente";"fase_dia";"sentido_via";"condicao_metereologica";"tipo_pista";"tracado_via";"uso_solo";"pessoas";"mortos";"feridos_leves";"feridos_graves";"ilesos";"ignorados";"feridos";"veiculos";"latitude";"longitude";"regional";"delegacia";"uop"
747812;2026-01-24;"sábado";"11:40:00";"BA";116;226;"EUCLIDES DA CUNHA";"Área urbana sem a presença de local apropriado para a travessia de pedestres";"Atropelamento de Pedestre";"Com Vítimas Feridas";"Pleno dia";"Decrescente";"Céu Claro";"Simples";"Reta";"Não";2;0;0;1;0;1;1;2;-10,59840303;-38,97460707;"SPRF-BA";"DEL07-BA";"UOP03-DEL07-BA"
747813;2026-01-24;"sábado";"12:00:00";"MT";163;112;"RONDONOPOLIS";"Reação tardia ou ineficiente do condutor";"Colisão com objeto";"Com Vítimas Fatais";"Pleno dia";"Crescente";"Sol";"Dupla";"Declive;Reta";"Não";9;2;2;3;1;4;5;8;-16,54869139;-54,67216076;"SPRF-MT";"DEL02-MT";"UOP01-DEL02-MT"
747829;2026-01-24;"sábado";"21:05:00";"ES";262;43,2;"DOMINGOS MARTINS";"Ingestão de álcool pelo condutor";"Saída de leito carroçável";"Com Vítimas Feridas";"Plena Noite";"Decrescente";"Céu Claro";"Simples";"Curva;Aclive";"Sim";1;0;1;0;0;0;1;1;-20,38505403;-40,64456487;"SPRF-ES";"DEL01-ES";"UOP01-DEL01-ES"
747833;2026-01-24;"sábado";"21:10:00";"BA";116;474,5;"SANTO ESTEVAO";"Ingestão de álcool pelo condutor";"Colisão traseira";"Sem Vítimas";"Plena Noite";"Decrescente";"Céu Claro";"Dupla";"Reta";"Não";3;0;0;0;2;1;0;3;-12,501223;-39,352655;"SPRF-BA";"DEL02-BA";"UOP01-DEL02-BA"
747837;2026-01-24;"sábado";"16:40:00";"MS";158;28,6;"PARANAIBA";"Demais falhas mecânicas ou elétricas";"Eventos atípicos";"Sem Vítimas";"Pleno dia";"Decrescente";"Céu Claro";"Simples";"Reta;Aclive";"Não";3;0;0;0;2;1;0;3;-19,222193;-51,522617;"SPRF-MS";"DEL08-MS";"UOP01-DEL08-MS"
747842;2026-01-24;"sábado";"22:22:00";"RJ";101;323;"NITEROI";"Condutor deixou de manter distância do veículo da frente";"Colisão traseira";"Com Vítimas Feridas";"Pleno dia";"Crescente";"Nublado";"Dupla";"Reta";"Sim";2;0;1;0;0;1;1;2;-22,87681822;-43,11739612;"SPRF-RJ";"DEL02-RJ";"UOP01-DEL02-RJ"
747843;2026-01-24;"sábado";"21:45:00";"PR";376;182,5;"SARANDI";"Demais falhas mecânicas ou elétricas";"Incêndio";"Sem Vítimas";"Plena Noite";"Crescente";"Céu Claro";"Múltipla";"Reta";"Sim";2;0;0;0;1;1;0;2;-23,43333703;-51,88510634;"SPRF-PR";"DEL09-PR";"UOP01-DEL09-PR"
747847;2026-01-24;"sábado";"21:45:00";"RJ";101;404,4;"ITAGUAI";"Acessar a via sem observar a presença dos outros veículos";"Colisão traseira";"Sem Vítimas";"Plena Noite";"Decrescente";"Chuva";"Dupla";"Reta";"Sim";4;0;0;0;3;1;0;4;-22,86492021;-43,79860489;"SPRF-RJ";"DEL03-RJ";"UOP01-DEL03-RJ"
747848;2026-01-24;"sábado";"19:50:00";"RS";116;166;"CAXIAS DO SUL";"Velocidade Incompatível";"Colisão transversal";"Com Vítimas Feridas";"Plena Noite";"Decrescente";"Céu Claro";"Simples";"Curva";"Não";5;0;0;2;1;2;2;3;-29,25025901;-51,15939201;"SPRF-RS";"DEL05-RS";"UOP02-DEL05-RS"
747849;2026-01-24;"sábado";"20:26:00";"GO";50;310;"CUMARI";"Problema com o freio";"Incêndio";"Sem Vítimas";"Plena Noite";"Crescente";"Céu Claro";"Dupla";"Reta";"Não";2;0;0;0;1;1;0;2;-18,400626;-48,075229;"SPRF-GO";"DEL06-GO";"UOP01-DEL06-GO"
747859;2026-01-24;"sábado";"21:30:00";"PR";476;309;"PAULO FRONTIN";"Velocidade Incompatível";"Saída de leito carroçável";"Com Vítimas Feridas";"Plena Noite";"Decrescente";"Nublado";"Simples";"Reta";"Não";2;0;1;0;0;2;1;3;-26,04020375;-50,70264673;"SPRF-PR";"DEL02-PR";"UOP03-DEL02-PR"
747860;2026-01-25;"domingo";"00:30:00";"PR";476;182;"LAPA";"Velocidade Incompatível";"Saída de leito carroçável";"Com Vítimas Feridas";"Plena Noite";"Decrescente";"Céu Claro";"Simples";"Curva";"Não";1;0;0;1;0;0;1;1;-25,7169525;-49,6138947;"SPRF-PR";"DEL01-PR";"UOP06-DEL01-PR"
747869;2026-01-25;"domingo";"01:10:00";"RS";293;4;"PELOTAS";"Manobra de mudança de faixa";"Colisão lateral mesmo sentido";"Com Vítimas Feridas";"Plena Noite";"Decrescente";"Céu Claro";"Simples";"Reta;Interseção de Vias";"Sim";3;0;2;0;1;0;2;2;-31,75694431;-52,3898549;"SPRF-RS";"DEL07-RS";"UOP01-DEL07-RS"
747873;2026-01-25;"domingo";"00:10:00";"SP";459;17;"PIQUETE";"Acumulo de água sobre o pavimento";"Colisão lateral sentido oposto";"Com Vítimas Feridas";"Plena Noite";"Crescente";"Chuva";"Simples";"Curva;Aclive";"Não";2;0;1;0;1;0;1;2;-22,6298563;-45,16170502;"SPRF-SP";"DEL08-SP";"UOP02-DEL08-SP"
747874;2026-01-25;"domingo";"03:10:00";"BA";101;713;"EUNAPOLIS";"Reação tardia ou ineficiente do condutor";"Colisão lateral sentido oposto";"Sem Vítimas";"Plena Noite";"Crescente";"Chuva";"Simples";"Reta";"Não";3;0;0;0;1;4;0;5;-16,339847;-39,581022;"SPRF-BA";"DEL09-BA";"UOP01-DEL09-BA"
747879;2026-01-25;"domingo";"04:50:00";"SC";101;209,6;"SAO JOSE";"Ingestão de álcool pelo condutor";"Colisão traseira";"Com Vítimas Feridas";"Plena Noite";"Crescente";"Nublado";"Múltipla";"Reta";"Sim";3;0;0;1;1;1;1;3;-27,61828172;-48,64466608;"SPRF-SC";"DEL01-SC";"UOP01-DEL01-SC"
747881;2026-01-25;"domingo";"05:00:00";"MG";381;879,8;"ESTIVA";"Ausência de reação do condutor";"Colisão traseira";"Com Vítimas Feridas";"Amanhecer";"Crescente";"Nublado";"Dupla";"Aclive;Reta";"Não";5;0;2;0;2;1;2;2;-22,45253428;-46,00266767;"SPRF-MG";"DEL16-MG";"UOP01-DEL16-MG"
747889;2026-01-24;"sábado";"21:26:00";"MT";364;221;"RONDONOPOLIS";"Condutor deixou de manter distância do veículo da frente";"Colisão traseira";"Com Vítimas Feridas";"Plena Noite";"Decrescente";"Céu Claro";"Dupla";"Declive";"Não";5;0;3;0;1;2;3;4;-16,34020183;-54,74514122;"SPRF-MT";"DEL02-MT";"UOP01-DEL02-MT"
747892;2026-01-24;"sábado";"22:30:00";"MG";40;305,5;"TRES MARIAS";"Estacionar ou parar em local proibido";"Colisão traseira";"Sem Vítimas";"Plena Noite";"Decrescente";"Nublado";"Simples";"Reta";"Sim";3;0;0;0;1;2;0;3;-18,4008;-45,0962;"SPRF-MG";"DEL14-MG";"UOP02-DEL14-MG"
747899;2026-01-25;"domingo";"06:25:00";"PR";277;678;"MEDIANEIRA";"Ingestão de álcool pelo condutor";"Colisão traseira";"Com Vítimas Feridas";"Amanhecer";"Decrescente";"Céu Claro";"Dupla";"Retorno Regulamentado;Reta";"Não";4;0;2;0;2;0;2;2;-25,31423555;-54,15101051;"SPRF-PR";"DEL05-PR";"UOP01-DEL05-PR"
747919;2026-01-25;"domingo";"08:05:00";"PR";277;585,9;"CASCAVEL";"Ingestão de álcool pelo condutor";"Colisão traseira";"Com Vítimas Feridas";"Pleno dia";"Crescente";"Céu Claro";"Dupla";"Reta";"Não";4;0;1;0;2;1;1;3;-24,96947093;-53,39756971;"SPRF-PR";"DEL04-PR";"UOP01-DEL04-PR"
747921;2026-01-21;"quarta-feira";"06:50:00";"RN";101;103;"PARNAMIRIM";"Condutor deixou de manter distância do veículo da frente";"Colisão traseira";"Com Vítimas Feridas";"Pleno dia";"Decrescente";"Céu Claro";"Múltipla";"Reta";"Sim";3;0;1;1;0;1;2;2;-5,89045001;-35,24916021;"SPRF-RN";"DEL01-RN";"UOP01-DEL01-RN"
747923;2026-01-25;"domingo";"08:30:00";"MG";365;650,2;"UBERLANDIA";"Demais falhas mecânicas ou elétricas";"Incêndio";"Sem Vítimas";"Pleno dia";"Crescente";"Sol";"Dupla";"Reta;Declive";"Não";1;0;0;0;1;0;0;1;-18,87400634;-48,53319883;"SPRF-MG";"DEL15-MG";"UOP01-DEL15-MG"
747928;2026-01-25;"domingo";"04:40:00";"CE";116;389,9;"ICO";"Reação tardia ou ineficiente do condutor";"Saída de leito carroçável";"Com Vítimas Fatais";"Plena Noite";"Decrescente";"Céu Claro";"Simples";"Reta;Declive";"Não";2;1;0;0;0;1;0;2;-6,52237;-38,86157;"SPRF-CE";"DEL05-CE";"UOP01-DEL05-CE"
747936;2026-01-25;"domingo";"09:25:00";"MG";251;401,2;"GRAO MOGOL";"Ausência de reação do condutor";"Colisão com objeto";"Com Vítimas Feridas";"Pleno dia";"Crescente";"Nublado";"Simples";"Reta;Declive";"Não";2;0;0;1;0;9;1;10;-16,228;-42,90313;"SPRF-MG";"DEL12-MG";"UOP01-DEL12-MG"
747937;2026-01-25;"domingo";"07:45:00";"MG";116;552,7;"SANTA BARBARA DO LESTE";"Velocidade Incompatível";"Incêndio";"Com Vítimas Feridas";"Pleno dia";"Decrescente";"Céu Claro";"Simples";"Reta";"Não";2;0;1;0;0;1;1;2;-19,99948309;-42,14115143;"SPRF-MG";"DEL06-MG";"UOP02-DEL06-MG"
747940;2026-01-25;"domingo";"10:30:00";"SE";101;203;"CRISTINAPOLIS";"Pista Escorregadia";"Queda de ocupante de veículo";"Com Vítimas Feridas";"Pleno dia";"Decrescente";"Nublado";"Simples";"Reta";"Não";3;0;1;0;1;3;1;5;-11,502328;-37,784843;"SPRF-SE";"DEL02-SE";"UOP03-DEL02-SE"
747944;2026-01-25;"domingo";"08:30:00";"MT";174;334;"CONQUISTA DOESTE";"Condutor deixou de manter distância do veículo da frente";"Colisão lateral mesmo sentido";"Com Vítimas Feridas";"Pleno dia";"Decrescente";"Nublado";"Simples";"Reta";"Não";5;0;2;0;2;1;2;4;-14,849247;-59,306732;"SPRF-MT";"DEL04-MT";"UOP01-DEL04-MT"
747950;2026-01-25;"domingo";"17:02:00";"MT";163;750;"SORRISO";"Trafegar com motocicleta (ou similar) entre as faixas";"Colisão lateral mesmo sentido";"Com Vítimas Feridas";"Pleno dia";"Crescente";"Céu Claro";"Dupla";"Curva;Interseção de Vias";"Sim";4;0;1;1;1;3;2;5;-12,57185941;-55,72682835;"SPRF-MT";"DEL06-MT";"UOP01-DEL06-MT"
747956;2026-01-25;"domingo";"11:41:00";"ES";101;370,2;"ANCHIETA";"Acessar a via sem observar a presença dos outros veículos";"Colisão transversal";"Com Vítimas Feridas";"Pleno dia";"Crescente";"Céu Claro";"Simples";"Retorno Regulamentado;Reta;Em Obras";"Não";4;0;1;1;1;1;2;3;-20,77089919;-40,76339118;"SPRF-ES";"DEL03-ES";"UOP01-DEL03-ES"
747958;2026-01-25;"domingo";"20:40:00";"PA";230;701;"BRASIL NOVO";"Transitar na contramão";"Colisão frontal";"Com Vítimas Feridas";"Plena Noite";"Crescente";"Nublado";"Simples";"Reta";"Não";3;0;1;0;1;1;1;2;-3,31997;-52,56798;"SPRF-PA";"DEL04-PA";"UOP01-DEL04-PA"
747959;2026-01-25;"domingo";"15:10:00";"RO";364;228;"CACOAL";"Ausência de reação do condutor";"Colisão traseira";"Com Vítimas Fatais";"Pleno dia";"Crescente";"Nublado";"Simples";"Reta";"Não";9;1;0;1;6;2;1;5;-11,489748;-61,380843;"SPRF-RO";"DEL02-RO";"UOP02-DEL02-RO"
747975;2026-01-25;"domingo";"18:30:00";"BA";101;824;"PRADO";"Velocidade Incompatível";"Tombamento";"Com Vítimas Feridas";"Plena Noite";"Crescente";"Nublado";"Simples";"Declive;Curva";"Não";4;0;1;0;0;3;1;2;-17,14358;-39,568391;"SPRF-BA";"DEL09-BA";"UOP02-DEL09-BA"
747980;2026-01-25;"domingo";"23:44:00";"BA";116;15,8;"VITORIA DA CONQUISTA";"Acessar a via sem observar a presença dos outros veículos";"Colisão transversal";"Com Vítimas Feridas";"Plena Noite";"Crescente";"Nevoeiro/Neblina";"Simples";"Reta";"Sim";4;0;3;0;0;1;3;2;-14,901201;-40,852212;"SPRF-BA";"DEL08-BA";"UOP01-DEL08-BA"
747981;2026-01-25;"domingo";"13:40:00";"BA";116;701,9;"JEQUIE";"Curva acentuada";"Tombamento";"Com Vítimas Feridas";"Pleno dia";"Decrescente";"Chuva";"Simples";"Curva";"Não";2;0;1;0;0;1;1;2;-14,06856543;-40,20644188;"SPRF-BA";"DEL03-BA";"UOP01-DEL03-BA"
747984;2026-01-25;"domingo";"23:55:00";"RS";386;395,7;"TRIUNFO";"Pedestre andava na pista";"Atropelamento de Pedestre";"Com Vítimas Fatais";"Plena Noite";"Crescente";"Céu Claro";"Simples";"Curva";"Não";3;1;0;0;1;1;0;3;-29,72698843;-51,63410555;"SPRF-RS";"DEL04-RS";"UOP02-DEL04-RS"
747987;2026-01-25;"domingo";"23:30:00";"MS";262;245;"RIBAS DO RIO PARDO";"Condutor Dormindo";"Colisão frontal";"Com Vítimas Feridas";"Plena Noite";"Crescente";"Nublado";"Simples";"Reta";"Não";3;0;0;1;1;1;1;3;-20,455233;-53,73217;"SPRF-MS";"DEL01-MS";"UOP05-DEL01-MS"
747996;2026-01-25;"domingo";"17:00:00";"MT";364;398;"CUIABA";"Demais falhas mecânicas ou elétricas";"Colisão com objeto";"Com Vítimas Feridas";"Pleno dia";"Crescente";"Nublado";"Dupla";"Reta";"Sim";6;0;0;1;5;0;1;2;-15,66694;-55,95803;"SPRF-MT";"DEL01-MT";"UOP02-DEL01-MT"
748002;2026-01-25;"domingo";"15:00:00";"MG";262;545;"LUZ";"Velocidade Incompatível";"Tombamento";"Com Vítimas Feridas";"Pleno dia";"Decrescente";"Céu Claro";"Simples";"Curva;Declive";"Não";2;0;1;0;0;2;1;3;-19,708505;-45,916525;"SPRF-MG";"DEL08-MG";"UOP02-DEL08-MG"
748008;2026-01-26;"segunda-feira";"03:00:00";"SC";101;14;"GARUVA";"Demais falhas mecânicas ou elétricas";"Eventos atípicos";"Sem Vítimas";"Plena Noite";"Decrescente";"Céu Claro";"Dupla";"Reta;Aclive";"Não";2;0;0;0;1;1;0;2;-26,09339566;-48,8647601;"SPRF-SC";"DEL03-SC";"UOP01-DEL03-SC"
748014;2026-01-26;"segunda-feira";"04:00:00";"PR";376;292;"SERTANOPOLIS";"Ausência de reação do condutor";"Tombamento";"Com Vítimas Feridas";"Plena Noite";"Crescente";"Céu Claro";"Dupla";"Curva;Aclive;Viaduto";"Não";1;0;1;0;0;0;1;1;-23;-51;"SPRF-PR";"DEL07-PR";"UOP02-DEL07-PR"
748015;2026-01-25;"domingo";"14:05:00";"MG";365;856,4;"SANTA VITORIA";"Mal súbito do condutor";"Colisão frontal";"Com Vítimas Fatais";"Pleno dia";"Decrescente";"Chuva";"Simples";"Reta";"Não";4;3;0;0;0;2;0;4;-19,031389;-50,375675;"SPRF-MG";"DEL15-MG";"UOP03-DEL15-MG"
748021;2026-01-25;"domingo";"13:30:00";"SC";470;193,7;"POUSO REDONDO";"Velocidade Incompatível";"Tombamento";"Com Vítimas Feridas";"Pleno dia";"Decrescente";"Céu Claro";"Simples";"Curva;Declive";"Não";2;0;0;1;0;1;1;2;-27,30194047;-50,07982342;"SPRF-SC";"DEL04-SC";"UOP02-DEL04-SC"
748028;2026-01-25;"domingo";"22:00:00";"MG";50;124;"UBERABA";"Entrada inopinada do pedestre";"Atropelamento de Pedestre";"Com Vítimas Feridas";"Plena Noite";"Decrescente";"Céu Claro";"Simples";"Reta";"Não";3;0;1;0;1;1;1;3;-19,34282;-48,094675;"SPRF-MG";"DEL13-MG";"UOP01-DEL13-MG"
748032;2026-01-25;"domingo";"12:20:00";"MG";116;665,2;"SAO FRANCISCO DO GLORIA";"Ausência de reação do condutor";"Tombamento";"Com Vítimas Feridas";"Pleno dia";"Crescente";"Céu Claro";"Simples";"Curva";"Não";2;0;2;0;0;0;2;1;-20,80650878;-42,31058121;"SPRF-MG";"DEL07-MG";"UOP02-DEL07-MG"
748044;2026-01-25;"domingo";"09:00:00";"SC";282;443;"PONTE SERRADA";"Velocidade Incompatível";"Colisão com objeto";"Com Vítimas Feridas";"Pleno dia";"Crescente";"Sol";"Simples";"Curva";"Não";2;0;1;0;0;1;1;2;-26,9227405;-51,87943053;"SPRF-SC";"DEL07-SC";"UOP04-DEL07-SC"
748046;2026-01-26;"segunda-feira";"05:00:00";"PR";163;260;"TOLEDO";"Demais falhas mecânicas ou elétricas";"Incêndio";"Sem Vítimas";"Amanhecer";"Crescente";"Céu Claro";"Dupla";"Reta;Aclive";"Não";1;0;0;0;1;0;0;1;-24,6402867;-53,85840766;"SPRF-PR";"DEL06-PR";"UOP02-DEL06-PR"
748050;2026-01-25;"domingo";"16:30:00";"GO";153;560;"PROFESSOR JAMIL";"Ausência de reação do condutor";"Saída de leito carroçável";"Sem Vítimas";"Pleno dia";"Crescente";"Chuva";"Dupla";"Curva";"Não";1;0;0;0;1;0;0;1;-17,213506;-49,226073;"SPRF-GO";"DEL03-GO";"UOP01-DEL03-GO"
748057;2026-01-26;"segunda-feira";"06:00:00";"MG";50;132;"UBERABA";"Manobra de mudança de faixa";"Colisão traseira";"Com Vítimas Feridas";"Amanhecer";"Decrescente";"Céu Claro";"Dupla";"Aclive;Reta";"Não";6;0;4;0;1;1;4;2;-19,54743561;-48,03615332;"SPRF-MG";"DEL13-MG";"UOP01-DEL13-MG"
748058;2026-01-25;"domingo";"09:35:00";"MG";381;531;"ITATIAIUCU";"Pista esburacada";"Saída de leito carroçável";"Com Vítimas Feridas";"Pleno dia";"Decrescente";"Céu Claro";"Dupla";"Curva";"Não";3;0;0;1;1;1;1;2;-20,164472;-44,364765;"SPRF-MG";"DEL04-MG";"UOP03-DEL04-MG"
748060;2026-01-25;"domingo";"09:50:00";"RO";364;767;"PORTO VELHO";"Acumulo de água sobre o pavimento";"Colisão transversal";"Sem Vítimas";"Pleno dia";"Crescente";"Chuva";"Simples";"Reta";"Não";3;0;0;0;3;0;0;2;-9,16343583;-64,202279;"SPRF-RO";"DEL01-RO";"UOP02-DEL01-RO"
748065;2026-01-26;"segunda-feira";"06:50:00";"MS";163;462;"CAMPO GRANDE";"Manobra de mudança de faixa";"Tombamento";"Com Vítimas Feridas";"Pleno dia";"Crescente";"Céu Claro";"Simples";"Reta";"Não";2;0;1;0;1;0;1;2;-20,61709443;-54,57503406;"SPRF-MS";"DEL01-MS";"UOP01-DEL01-MS"
748066;2026-01-25;"domingo";"11:00:00";"PR";153;518;"GENERAL CARNEIRO";"Acumulo de areia ou detritos sobre o pavimento";"Colisão frontal";"Com Vítimas Feridas";"Pleno dia";"Decrescente";"Céu Claro";"Simples";"Curva";"Não";2;0;1;0;1;0;1;2;-26,60096247;-51,46327239;"SPRF-PR";"DEL02-PR";"UOP03-DEL02-PR"
748070;2026-01-25;"domingo";"18:20:00";"MT";70;316;"DOM AQUINO";"Ultrapassagem Indevida";"Colisão lateral sentido oposto";"Com Vítimas Feridas";"Anoitecer";"Decrescente";"Céu Claro";"Simples";"Curva";"Não";5;0;1;0;3;5;1;9;-15,509175;-54,641376;"SPRF-MT";"DEL05-MT";"UOP01-DEL05-MT"
748075;2026-01-26;"segunda-feira";"06:00:00";"RO";364;504,2;"ARIQUEMES";"Ausência de reação do condutor";"Colisão traseira";"Sem Vítimas";"Pleno dia";"Crescente";"Nublado";"Simples";"Reta";"Não";3;0;0;0;3;0;0;2;-10,002693;-63,00899;"SPRF-RO";"DEL03-RO";"UOP01-DEL03-RO"
748077;2026-01-26;"segunda-feira";"07:00:00";"RJ";116;210;"SEROPEDICA";"Conversão proibida";"Colisão transversal";"Com Vítimas Feridas";"Pleno dia";"Crescente";"Nublado";"Dupla";"Reta";"Não";4;0;1;0;2;1;1;3;-22,720075;-43,688195;"SPRF-RJ";"DEL06-RJ";"UOP02-DEL06-RJ"
748078;2026-01-25;"domingo";"10:10:00";"MT";163;1073,6;"GUARANTA DO NORTE";"Demais falhas mecânicas ou elétricas";"Incêndio";"Sem Vítimas";"Pleno dia";"Crescente";"Sol";"Simples";"Reta";"Não";2;0;0;0;1;3;0;4;-9,8762;-54,8964;"SPRF-MT";"DEL06-MT";"UOP03-DEL06-MT"
748084;2026-01-26;"segunda-feira";"07:00:00";"GO";153;308;"RIALMA";"Ingestão de álcool pelo condutor";"Colisão traseira";"Com Vítimas Feridas";"Pleno dia";"Crescente";"Nevoeiro/Neblina";"Simples";"Reta;Aclive";"Não";2;0;1;0;0;1;1;2;-15,375405;-49,556461;"SPRF-GO";"DEL02-GO";"UOP02-DEL02-GO"
748085;2026-01-25;"domingo";"22:40:00";"SP";116;348;"MIRACATU";"Ausência de reação do condutor";"Tombamento";"Com Vítimas Feridas";"Plena Noite";"Crescente";"Nublado";"Dupla";"Reta;Aclive";"Sim";1;0;1;0;0;0;1;1;-24,04933134;-47,20004657;"SPRF-SP";"DEL04-SP";"UOP03-DEL04-SP"
748090;2026-01-26;"segunda-feira";"07:55:00";"BA";101;900;"CARAVELAS";"Acessar a via sem observar a presença dos outros veículos";"Colisão frontal";"Com Vítimas Feridas";"Pleno dia";"Decrescente";"Céu Claro";"Simples";"Reta";"Não";3;0;2;0;1;0;2;2;-17,655298;-39,771633;"SPRF-BA";"DEL09-BA";"UOP02-DEL09-BA"
748096;2026-01-26;"segunda-feira";"08:30:00";"PR";376;488;"PONTA GROSSA";"Ausência de reação do condutor";"Colisão traseira";"Com Vítimas Feridas";"Pleno dia";"Crescente";"Céu Claro";"Dupla";"Reta;Aclive";"Não";5;0;1;0;4;0;1;2;-25,1310874;-50,17112659;"SPRF-PR";"DEL03-PR";"UOP04-DEL03-PR"
748107;2026-01-26;"segunda-feira";"01:30:00";"BA";242;207;"ITABERABA";"Manobra de mudança de faixa";"Colisão lateral sentido oposto";"Com Vítimas Feridas";"Plena Noite";"Decrescente";"Céu Claro";"Simples";"Reta;Aclive";"Não";3;0;1;0;1;2;1;4;-12,51903902;-39,96379852;"SPRF-BA";"DEL06-BA";"UOP02-DEL06-BA"
748109;2026-01-26;"segunda-feira";"09:30:00";"MG";381;481;"CONTAGEM";"Pista esburacada";"Colisão lateral mesmo sentido";"Com Vítimas Feridas";"Pleno dia";"Crescente";"Céu Claro";"Múltipla";"Reta";"Sim";4;0;1;0;2;2;1;5;-19,95824397;-44,059762;"SPRF-MG";"DEL01-MG";"UOP03-DEL01-MG"
748110;2026-01-26;"segunda-feira";"06:25:00";"MG";381;524,9;"BRUMADINHO";"Velocidade Incompatível";"Colisão com objeto";"Com Vítimas Feridas";"Pleno dia";"Crescente";"Nublado";"Dupla";"Curva;Declive";"Não";1;0;1;0;0;0;1;1;-20,14382669;-44,32054218;"SPRF-MG";"DEL04-MG";"UOP03-DEL04-MG"
748111;2026-01-26;"segunda-feira";"08:25:00";"PR";376;675,9;"GUARATUBA";"Demais falhas mecânicas ou elétricas";"Incêndio";"Sem Vítimas";"Pleno dia";"Crescente";"Nublado";"Simples";"Retorno Regulamentado;Reta";"Não";2;0;0;0;1;1;0;2;-25,94567451;-48,90796116;"SPRF-PR";"DEL01-PR";"UOP04-DEL01-PR"
748114;2026-01-26;"segunda-feira";"09:00:00";"MA";135;69;"SANTA RITA";"Ultrapassagem Indevida";"Colisão lateral mesmo sentido";"Com Vítimas Fatais";"Pleno dia";"Crescente";"Céu Claro";"Dupla";"Reta";"Sim";3;1;0;0;1;3;0;5;-3,13853163;-44,32530332;"SPRF-MA";"DEL01-MA";"UOP02-DEL01-MA"
748115;2026-01-26;"segunda-feira";"10:44:00";"CE";304;53,3;"ARACATI";"Acessar a via sem observar a presença dos outros veículos";"Colisão transversal";"Com Vítimas Feridas";"Pleno dia";"Crescente";"Céu Claro";"Simples";"Reta;Interseção de Vias";"Não";4;0;0;1;2;1;1;3;-4,57354707;-37,7377766;"SPRF-CE";"DEL03-CE";"UOP02-DEL03-CE"
748119;2026-01-26;"segunda-feira";"07:00:00";"PE";110;101;"SERTANIA";"Reação tardia ou ineficiente do condutor";"Tombamento";"Com Vítimas Feridas";"Pleno dia";"Crescente";"Sol";"Simples";"Reta";"Não";1;0;1;0;0;0;1;1;-8,383802;-37,317643;"SPRF-PE";"DEL04-PE";"UOP02-DEL04-PE"
748128;2026-01-26;"segunda-feira";"10:00:00";"MG";40;734,1;"SANTOS DUMONT";"Condutor Dormindo";"Saída de leito carroçável";"Com Vítimas Feridas";"Pleno dia";"Crescente";"Nublado";"Simples";"Curva";"Não";1;0;1;0;0;0;1;1;-21,3850481;-43,57004643;"SPRF-MG";"DEL05-MG";"UOP01-DEL05-MG"
748134;2026-01-25;"domingo";"17:45:00";"MT";364;479;"JANGADA";"Ingestão de álcool pelo condutor";"Saída de leito carroçável";"Sem Vítimas";"Anoitecer";"Decrescente";"Nublado";"Simples";"Reta;Aclive";"Não";2;0;0;0;1;3;0;4;-15,24738245;-56,47398518;"SPRF-MT";"DEL01-MT";"UOP02-DEL01-MT"
748138;2026-01-26;"segunda-feira";"13:30:00";"MT";163;931;"ITAUBA";"Ultrapassagem Indevida";"Colisão lateral mesmo sentido";"Com Vítimas Feridas";"Pleno dia";"Decrescente";"Céu Claro";"Simples";"Reta";"Não";3;0;0;1;1;4;1;6;-11,049058;-55,271405;"SPRF-MT";"DEL06-MT";"UOP02-DEL06-MT"
748142;2026-01-26;"segunda-feira";"15:50:00";"MG";365;753;"ITUIUTABA";"Conversão proibida";"Colisão transversal";"Com Vítimas Feridas";"Pleno dia";"Decrescente";"Céu Claro";"Simples";"Reta;Declive";"Sim";2;0;1;1;0;0;2;2;-18,96622965;-49,48984623;"SPRF-MG";"DEL15-MG";"UOP03-DEL15-MG"
748143;2026-01-26;"segunda-feira";"14:30:00";"TO";153;288;"PRESIDENTE KENNEDY";"Demais falhas mecânicas ou elétricas";"Incêndio";"Sem Vítimas";"Pleno dia";"Crescente";"Nublado";"Simples";"Declive;Reta";"Não";2;0;0;0;1;1;0;2;-8,428933;-48,482425;"SPRF-TO";"DEL02-TO";"UOP02-DEL02-TO"
748144;2026-01-26;"segunda-feira";"15:35:00";"PE";101;119;"ESCADA";"Manobra de mudança de faixa";"Colisão traseira";"Com Vítimas Feridas";"Pleno dia";"Decrescente";"Céu Claro";"Dupla";"Reta";"Não";4;0;2;1;0;1;3;2;-8,353082;-35,170482;"SPRF-PE";"DEL01-PE";"UOP03-DEL01-PE"
748150;2026-01-26;"segunda-feira";"16:20:00";"DF";20;6;"BRASILIA";"Problema com o freio";"Saída de leito carroçável";"Com Vítimas Feridas";"Pleno dia";"Crescente";"Céu Claro";"Dupla";"Aclive";"Sim";7;0;0;5;1;1;5;3;-15,664827;-47,805373;"SPRF-DF";"DEL02-DF";"UOP01-DEL02-DF"
748154;2026-01-26;"segunda-feira";"12:00:00";"SP";116;162;"JACAREI";"Reação tardia ou ineficiente do condutor";"Colisão lateral mesmo sentido";"Com Vítimas Feridas";"Pleno dia";"Decrescente";"Sol";"Dupla";"Reta";"Não";4;0;1;0;1;2;1;3;-23,28063238;-45,98281503;"SPRF-SP";"DEL02-SP";"UOP01-DEL02-SP"