"id";"data_inversa";"dia_semana";"horario";"uf";"br";"km";"municipio";"causa_acidente";"tipo_acidente";"classificacao_acidente";"fase_dia";"sentido_via";"condicao_metereologica";"tipo_pista";"tracado_via";"uso_solo";"pessoas";"mortos";"feridos_leves";"feridos_graves";"ilesos";"ignorados";"feridos";"veiculos";"latitude";"longitude";"regional";"delegacia";"uop"
748156;2026-01-26;"segunda-feira";"12:00:00";"BA";101;871,8;"TEIXEIRA DE FREITAS";"Reação tardia ou ineficiente do condutor";"Colisão traseira";"Com Vítimas Feridas";"Pleno dia";"Decrescente";"Céu Claro";"Simples";"Curva;Declive";"Não";5;0;3;0;1;1;3;3;-17,501328;-39,70216;"SPRF-BA";"DEL09-BA";"UOP02-DEL09-BA"
748161;2026-01-26;"segunda-feira";"14:50:00";"MG";40;586,7;"ITABIRITO";"Velocidade Incompatível";"Saída de leito carroçável";"Com Vítimas Feridas";"Pleno dia";"Crescente";"Nublado";"Simples";"Curva";"Não";2;0;1;0;0;1;1;2;-20,34859036;-43,92243862;"SPRF-MG";"DEL01-MG";"UOP02-DEL01-MG"
748166;2026-01-26;"segunda-feira";"17:08:00";"RJ";356;174,4;"SAO JOAO DA BARRA";"Reação tardia ou ineficiente do condutor";"Colisão transversal";"Com Vítimas Feridas";"Pleno dia";"Crescente";"Céu Claro";"Simples";"Interseção de Vias;Curva";"Não";3;0;0;1;1;1;1;3;-21,718062;-41,057405;"SPRF-RJ";"DEL08-RJ";"UOP02-DEL08-RJ"
748167;2026-01-26;"segunda-feira";"12:50:00";"MG";365;445;"GUIMARANIA";"Reação tardia ou ineficiente do condutor";"Saída de leito carroçável";"Sem Vítimas";"Pleno dia";"Decrescente";"Céu Claro";"Dupla";"Aclive";"Não";2;0;0;0;1;1;0;2;-18,81002;-46,76996;"SPRF-MG";"DEL10-MG";"UOP01-DEL10-MG"
748168;2026-01-22;"quinta-feira";"16:00:00";"MT";70;124;"GENERAL CARNEIRO";"Ausência de reação do condutor";"Tombamento";"Sem Vítimas";"Pleno dia";"Decrescente";"Céu Claro";"Simples";"Curva";"Não";2;0;0;0;1;3;0;4;-15,598798;-53,11914;"SPRF-MT";"DEL07-MT";"UOP01-DEL07-MT"
748180;2026-01-26;"segunda-feira";"17:59:00";"PE";101;68,5;"RECIFE";"Manobra de mudança de faixa";"Colisão lateral mesmo sentido";"Com Vítimas Feridas";"Pleno dia";"Decrescente";"Céu Claro";"Dupla";"Reta";"Sim";7;0;1;1;3;2;2;6;-8,05482;-34,94632;"SPRF-PE";"DEL01-PE";"UOP01-DEL01-PE"
748182;2026-01-26;"segunda-feira";"15:00:00";"MA";316;248;"BOM JARDIM";"Demais falhas mecânicas ou elétricas";"Incêndio";"Com Vítimas Feridas";"Pleno dia";"Decrescente";"Nublado";"Simples";"Reta";"Não";1;0;0;1;0;0;1;1;-3,64206;-45,490392;"SPRF-MA";"DEL02-MA";"UOP01-DEL02-MA"
748183;2026-01-26;"segunda-feira";"17:05:00";"MT";364;563;"NOBRES";"Ausência de reação do condutor";"Colisão traseira";"Com Vítimas Feridas";"Pleno dia";"Crescente";"Céu Claro";"Simples";"Viaduto";"Sim";3;0;1;0;1;2;1;4;-14,71586668;-56,32295609;"SPRF-MT";"DEL01-MT";"UOP01-DEL01-MT"
748187;2026-01-26;"segunda-feira";"13:30:00";"PR";153;135;"VENTANIA";"Velocidade Incompatível";"Tombamento";"Com Vítimas Feridas";"Pleno dia";"Crescente";"Céu Claro";"Simples";"Curva;Declive";"Não";2;0;0;1;0;1;1;2;-24,04182955;-50,25038354;"SPRF-PR";"DEL07-PR";"UOP04-DEL07-PR"
748195;2026-01-26;"segunda-feira";"07:10:00";"MT";163;1102;"GUARANTA DO NORTE";"Velocidade Incompatível";"Tombamento";"Com Vítimas Feridas";"Pleno dia";"Decrescente";"Nublado";"Simples";"Curva";"Não";3;0;1;0;0;3;1;4;-9,7596628;-54,89572704;"SPRF-MT";"DEL06-MT";"UOP03-DEL06-MT"
748203;2026-01-24;"sábado";"14:22:00";"PA";163;500;"ITAITUBA";"Reação tardia ou ineficiente do condutor";"Tombamento";"Com Vítimas Feridas";"Pleno dia";"Crescente";"Chuva";"Simples";"Curva;Declive";"Não";2;0;1;0;0;3;1;4;-5,4997;-55,831;"SPRF-PA";"DEL05-PA";"UOP03-DEL05-PA"
748207;2026-01-26;"segunda-feira";"18:00:00";"SC";163;71,2;"SAO MIGUEL DO OESTE";"Acessar a via sem observar a presença dos outros veículos";"Colisão transversal";"Com Vítimas Feridas";"Pleno dia";"Crescente";"Céu Claro";"Dupla";"Reta;Interseção de Vias";"Sim";3;0;0;1;1;2;1;4;-26,72547564;-53,51306168;"SPRF-SC";"DEL07-SC";"UOP03-DEL07-SC"
748222;2026-01-26;"segunda-feira";"21:50:00";"BA";324;589;"CANDEIAS";"Animais na Pista";"Atropelamento de Animal";"Com Vítimas Feridas";"Plena Noite";"Decrescente";"Céu Claro";"Dupla";"Reta";"Não";5;0;3;0;1;1;3;3;-12,6859783;-38,4662117;"SPRF-BA";"DEL01-BA";"UOP01-DEL01-BA"
748227;2026-01-26;"segunda-feira";"21:30:00";"PR";277;359;"GUARAPUAVA";"Conversão proibida";"Colisão frontal";"Com Vítimas Feridas";"Plena Noite";"Crescente";"Céu Claro";"Simples";"Reta";"Não";4;0;3;0;1;0;3;2;-25,39790614;-51,53515613;"SPRF-PR";"DEL08-PR";"UOP01-DEL08-PR"
748228;2026-01-26;"segunda-feira";"22:20:00";"SE";235;14,9;"NOSSA SENHORA DO SOCORRO";"Pedestre andava na pista";"Atropelamento de Pedestre";"Com Vítimas Feridas";"Plena Noite";"Crescente";"Céu Claro";"Simples";"Reta";"Não";2;0;1;0;0;1;1;2;-10,85214272;-37,19909415;"SPRF-SE";"DEL01-SE";"UOP01-DEL01-SE"
748230;2026-01-26;"segunda-feira";"23:08:00";"RJ";101;327;"NITEROI";"Ausência de reação do condutor";"Colisão traseira";"Com Vítimas Fatais";"Plena Noite";"Crescente";"Céu Claro";"Múltipla";"Reta";"Não";3;1;0;0;1;1;0;3;-22,86986447;-43,16621399;"SPRF-RJ";"DEL02-RJ";"UOP01-DEL02-RJ"
748232;2026-01-26;"segunda-feira";"20:30:00";"GO";60;39;"ALEXANIA";"Animais na Pista";"Atropelamento de Animal";"Com Vítimas Feridas";"Plena Noite";"Decrescente";"Céu Claro";"Dupla";"Aclive;Ponte";"Não";5;0;1;0;3;1;1;4;-16,113533;-48,558252;"SPRF-DF";"DEL03-DF";"UOP01-DEL03-DF"
748236;2026-01-27;"terça-feira";"01:30:00";"SP";116;279;"EMBU DAS ARTES";"Pedestre andava na pista";"Atropelamento de Pedestre";"Com Vítimas Feridas";"Plena Noite";"Decrescente";"Céu Claro";"Dupla";"Reta";"Sim";3;0;1;0;1;1;1;3;-23,6439415;-46,83969498;"SPRF-SP";"DEL04-SP";"UOP01-DEL04-SP"
748237;2026-01-26;"segunda-feira";"20:00:00";"PI";135;288,8;"CRISTINO CASTRO";"Reação tardia ou ineficiente do condutor";"Colisão frontal";"Com Vítimas Fatais";"Plena Noite";"Crescente";"Nublado";"Simples";"Reta;Declive";"Não";6;3;0;1;0;5;1;6;-8,649808;-44,034072;"SPRF-PI";"DEL03-PI";"UOP02-DEL03-PI"
748238;2026-01-26;"segunda-feira";"22:10:00";"MT";364;350;"SANTO ANTONIO DO LEVERGER";"Demais falhas mecânicas ou elétricas";"Saída de leito carroçável";"Com Vítimas Feridas";"Plena Noite";"Crescente";"Ignorado";"Dupla";"Declive;Curva";"Não";2;0;1;0;0;1;1;2;-15,79357147;-55,58561683;"SPRF-MT";"DEL05-MT";"UOP02-DEL05-MT"
748239;2026-01-27;"terça-feira";"04:20:00";"MG";153;24;"CENTRALINA";"Ausência de reação do condutor";"Saída de leito carroçável";"Com Vítimas Feridas";"Plena Noite";"Crescente";"Céu Claro";"Dupla";"Declive;Reta";"Não";3;0;1;1;0;1;2;2;-18,6321976;-49,1833232;"SPRF-MG";"DEL15-MG";"UOP03-DEL15-MG"
748240;2026-01-27;"terça-feira";"02:55:00";"RS";116;253;"SAPUCAIA DO SUL";"Condutor Dormindo";"Colisão com objeto";"Sem Vítimas";"Plena Noite";"Crescente";"Céu Claro";"Múltipla";"Viaduto";"Sim";2;0;0;0;1;1;0;2;-29,81665026;-51,16971471;"SPRF-RS";"DEL01-RS";"UOP02-DEL01-RS"
748242;2026-01-27;"terça-feira";"05:20:00";"RJ";101;63,5;"CAMPOS DOS GOYTACAZES";"Condutor desrespeitou a iluminação vermelha do semáforo";"Colisão transversal";"Com Vítimas Feridas";"Amanhecer";"Crescente";"Céu Claro";"Simples";"Reta;Interseção de Vias";"Não";3;0;1;0;1;1;1;3;-21,745109;-41,335145;"SPRF-RJ";"DEL08-RJ";"UOP02-DEL08-RJ"
748254;2026-01-27;"terça-feira";"08:05:00";"SC";282;220;"LAGES";"Ultrapassagem Indevida";"Colisão lateral mesmo sentido";"Sem Vítimas";"Pleno dia";"Crescente";"Céu Claro";"Simples";"Rotatória";"Sim";3;0;0;0;3;0;0;2;-27,794612;-50,327574;"SPRF-SC";"DEL05-SC";"UOP01-DEL05-SC"
748255;2026-01-27;"terça-feira";"08:00:00";"PR";476;144;"CURITIBA";"Manobra de mudança de faixa";"Colisão lateral mesmo sentido";"Com Vítimas Feridas";"Pleno dia";"Decrescente";"Nublado";"Dupla";"Reta";"Sim";4;0;1;0;2;2;1;5;-25,54340834;-49,31416406;"SPRF-PR";"DEL01-PR";"UOP06-DEL01-PR"
748270;2026-01-24;"sábado";"07:10:00";"RS";285;646;"SANTO ANTONIO DAS MISSOES";"Condutor Dormindo";"Colisão lateral sentido oposto";"Sem Vítimas";"Pleno dia";"Crescente";"Céu Claro";"Simples";"Reta";"Não";3;0;0;0;2;1;0;3;-28,60761624;-55,70685133;"SPRF-RS";"DEL12-RS";"UOP01-DEL12-RS"
748278;2026-01-27;"terça-feira";"08:55:00";"SP";116;379,6;"MIRACATU";"Reação tardia ou ineficiente do condutor";"Colisão traseira";"Com Vítimas Feridas";"Pleno dia";"Decrescente";"Sol";"Dupla";"Reta";"Não";4;0;2;0;2;0;2;2;-24,21607027;-47,36742069;"SPRF-SP";"DEL04-SP";"UOP02-DEL04-SP"
748279;2026-01-27;"terça-feira";"10:15:00";"DF";40;3;"BRASILIA";"Velocidade Incompatível";"Tombamento";"Com Vítimas Feridas";"Pleno dia";"Crescente";"Sol";"Dupla";"Reta";"Sim";5;0;1;1;3;0;2;3;-16,01206;-47,98238;"SPRF-DF";"DEL01-DF";"UOP01-DEL01-DF"
748281;2026-01-27;"terça-feira";"09:45:00";"BA";324;532;"CONCEICAO DO JACUIPE";"Velocidade Incompatível";"Saída de leito carroçável";"Com Vítimas Feridas";"Pleno dia";"Decrescente";"Céu Claro";"Dupla";"Reta";"Não";2;0;1;0;1;0;1;1;-12,353805;-38,831307;"SPRF-BA";"DEL01-BA";"UOP03-DEL01-BA"
748282;2026-01-27;"terça-feira";"08:35:00";"MG";116;88;"MEDINA";"Reação tardia ou ineficiente do condutor";"Colisão traseira";"Com Vítimas Feridas";"Pleno dia";"Crescente";"Céu Claro";"Simples";"Curva;Declive";"Não";7;0;4;0;2;1;4;3;-16,336574;-41,469995;"SPRF-MG";"DEL11-MG";"UOP02-DEL11-MG"
748283;2026-01-27;"terça-feira";"10:50:00";"MG";354;752,7;"ITAMONTE";"Condutor deixou de manter distância do veículo da frente";"Colisão traseira";"Sem Vítimas";"Pleno dia";"Crescente";"Sol";"Simples";"Reta;Interseção de Vias";"Sim";4;0;0;0;4;0;0;2;-22,276;-44,876;"SPRF-MG";"DEL17-MG";"UOP01-DEL17-MG"
748284;2026-01-27;"terça-feira";"10:40:00";"GO";153;699;"ITUMBIARA";"Condutor deixou de manter distância do veículo da frente";"Colisão traseira";"Com Vítimas Feridas";"Pleno dia";"Crescente";"Céu Claro";"Dupla";"Retorno Regulamentado";"Sim";5;0;1;0;4;0;1;2;-18,37755904;-49,2102626;"SPRF-GO";"DEL03-GO";"UOP02-DEL03-GO"
748287;2026-01-27;"terça-feira";"08:30:00";"MG";381;691;"LAVRAS";"Acessar a via sem observar a presença dos outros veículos";"Colisão traseira";"Com Vítimas Feridas";"Pleno dia";"Decrescente";"Nublado";"Dupla";"Reta";"Não";2;0;1;0;1;0;1;2;-21,210203;-45,123555;"SPRF-MG";"DEL04-MG";"UOP02-DEL04-MG"
748294;2026-01-25;"domingo";"21:40:00";"RO";364;369;"JI-PARANA";"Ausência de reação do condutor";"Colisão traseira";"Com Vítimas Feridas";"Plena Noite";"Decrescente";"Nublado";"Múltipla";"Reta";"Sim";3;0;0;1;0;4;1;5;-10,899148;-61,930767;"SPRF-RO";"DEL02-RO";"UOP01-DEL02-RO"
748295;2026-01-27;"terça-feira";"12:45:00";"MA";135;12;"SAO LUIS";"Retorno proibido";"Colisão traseira";"Com Vítimas Feridas";"Pleno dia";"Crescente";"Nublado";"Dupla";"Reta";"Sim";2;0;1;0;1;0;1;2;-2,672255;-44,29162;"SPRF-MA";"DEL01-MA";"UOP01-DEL01-MA"
748297;2026-01-27;"terça-feira";"10:50:00";"MG";381;492;"BETIM";"Mal súbito do condutor";"Colisão com objeto";"Com Vítimas Feridas";"Pleno dia";"Crescente";"Céu Claro";"Simples";"Reta";"Sim";3;0;1;0;1;1;1;3;-19,96399101;-44,16950226;"SPRF-MG";"DEL01-MG";"UOP03-DEL01-MG"
748303;2026-01-27;"terça-feira";"11:30:00";"MG";251;428;"GRAO MOGOL";"Velocidade Incompatível";"Tombamento";"Com Vítimas Fatais";"Pleno dia";"Decrescente";"Céu Claro";"Simples";"Curva;Declive";"Não";2;1;0;0;0;1;0;2;-16,32524;-43,12292;"SPRF-MG";"DEL12-MG";"UOP01-DEL12-MG"
748308;2026-01-27;"terça-feira";"13:00:00";"PR";376;4;"MARINGA";"Demais falhas mecânicas ou elétricas";"Incêndio";"Sem Vítimas";"Pleno dia";"Decrescente";"Céu Claro";"Dupla";"Reta";"Não";2;0;0;0;1;1;0;2;-23,38022404;-51,95874151;"SPRF-PR";"DEL09-PR";"UOP01-DEL09-PR"
748312;2026-01-27;"terça-feira";"14:10:00";"PR";376;621;"SAO JOSE DOS PINHAIS";"Reação tardia ou ineficiente do condutor";"Colisão traseira";"Com Vítimas Feridas";"Pleno dia";"Decrescente";"Céu Claro";"Dupla";"Reta";"Não";3;0;0;1;1;1;1;3;-25,62650352;-49,1651028;"SPRF-PR";"DEL01-PR";"UOP04-DEL01-PR"
748317;2026-01-23;"sexta-feira";"22:50:00";"SE";101;105,1;"SAO CRISTOVAO";"Ausência de reação do condutor";"Colisão com objeto";"Sem Vítimas";"Plena Noite";"Decrescente";"Céu Claro";"Dupla";"Reta";"Não";1;0;0;0;1;0;0;1;-10,95826373;-37,2346501;"SPRF-SE";"DEL02-SE";"UOP01-DEL02-SE"
748318;2026-01-27;"terça-feira";"14:30:00";"PR";277;214,2;"PALMEIRA";"Ausência de reação do condutor";"Colisão lateral sentido oposto";"Sem Vítimas";"Pleno dia";"Crescente";"Céu Claro";"Simples";"Curva;Declive";"Não";4;0;0;0;3;4;0;7;-25,456128;-50,338455;"SPRF-PR";"DEL08-PR";"UOP02-DEL08-PR"
748327;2026-01-27;"terça-feira";"14:20:00";"MG";262;33,2;"MANHUACU";"Manobra de mudança de faixa";"Colisão lateral mesmo sentido";"Com Vítimas Feridas";"Pleno dia";"Decrescente";"Céu Claro";"Simples";"Reta";"Não";2;0;1;0;1;0;1;2;-20,25954;-42,017451;"SPRF-MG";"DEL06-MG";"UOP03-DEL06-MG"
748329;2026-01-27;"terça-feira";"15:50:00";"ES";101;302;"VIANA";"Pedestre andava na pista";"Atropelamento de Pedestre";"Com Vítimas Feridas";"Pleno dia";"Decrescente";"Céu Claro";"Dupla";"Curva";"Não";2;0;0;1;1;0;1;2;-20,37441288;-40,44250073;"SPRF-ES";"DEL01-ES";"UOP01-DEL01-ES"
748330;2026-01-27;"terça-feira";"15:30:00";"SE";101;203,3;"CRISTINAPOLIS";"Reação tardia ou ineficiente do condutor";"Tombamento";"Com Vítimas Feridas";"Pleno dia";"Crescente";"Sol";"Simples";"Declive;Reta";"Não";3;0;1;0;1;2;1;4;-11,49651;-37,7808;"SPRF-SE";"DEL02-SE";"UOP03-DEL02-SE"
748333;2026-01-27;"terça-feira";"14:30:00";"RN";304;241,7;"RIACHUELO";"Acessar a via sem observar a presença dos outros veículos";"Colisão lateral mesmo sentido";"Com Vítimas Feridas";"Pleno dia";"Crescente";"Sol";"Simples";"Reta";"Sim";3;0;1;0;1;1;1;3;-5,80993906;-35,82370162;"SPRF-RN";"DEL01-RN";"UOP02-DEL01-RN"
748338;2026-01-27;"terça-feira";"16:00:00";"MG";381;811,7;"CAREACU";"Reação tardia ou ineficiente do condutor";"Colisão traseira";"Com Vítimas Feridas";"Pleno dia";"Decrescente";"Céu Claro";"Dupla";"Curva";"Não";4;0;0;1;2;1;1;3;-22,007772;-45,677767;"SPRF-MG";"DEL16-MG";"UOP02-DEL16-MG"
748341;2026-01-27;"terça-feira";"15:40:00";"MG";381;502;"BETIM";"Condutor deixou de manter distância do veículo da frente";"Colisão traseira";"Com Vítimas Feridas";"Pleno dia";"Crescente";"Nublado";"Múltipla";"Reta";"Não";2;0;1;0;1;0;1;2;-20,01741763;-44,2249018;"SPRF-MG";"DEL01-MG";"UOP03-DEL01-MG"
748342;2026-01-27;"terça-feira";"16:55:00";"GO";414;305;"VILA PROPICIO";"Transitar na contramão";"Colisão frontal";"Com Vítimas Fatais";"Anoitecer";"Crescente";"Céu Claro";"Simples";"Reta";"Não";3;1;0;0;1;1;0;3;-15,25119;-48,688463;"SPRF-GO";"DEL02-GO";"UOP01-DEL02-GO"
748344;2026-01-27;"terça-feira";"14:15:00";"SC";101;50,5;"JOINVILLE";"Carga excessiva e/ou mal acondicionada";"Derramamento de carga";"Com Vítimas Feridas";"Pleno dia";"Decrescente";"Céu Claro";"Dupla";"Reta";"Não";2;0;1;0;1;0;1;2;-26,39081851;-48,83975856;"SPRF-SC";"DEL03-SC";"UOP01-DEL03-SC"
748349;2026-01-27;"terça-feira";"12:55:00";"RS";287;329,5;"SAO VICENTE DO SUL";"Acessar a via sem observar a presença dos outros veículos";"Colisão transversal";"Com Vítimas Feridas";"Pleno dia";"Decrescente";"Céu Claro";"Simples";"Interseção de Vias";"Não";3;0;1;0;1;2;1;4;-29,685088;-54,664082;"SPRF-RS";"DEL09-RS";"UOP01-DEL09-RS"
748351;2026-01-27;"terça-feira";"10:10:00";"PR";369;67,9;"SANTA MARIANA";"Velocidade Incompatível";"Tombamento";"Com Vítimas Feridas";"Pleno dia";"Crescente";"Céu Claro";"Simples";"Aclive";"Não";2;0;1;0;0;1;1;2;-23,1303071;-50,4698305;"SPRF-PR";"DEL07-PR";"UOP05-DEL07-PR"
748352;2026-01-27;"terça-feira";"17:00:00";"RS";386;439;"CANOAS";"Velocidade Incompatível";"Tombamento";"Com Vítimas Feridas";"Pleno dia";"Decrescente";"Céu Claro";"Múltipla";"Declive;Curva";"Sim";2;0;1;0;0;1;1;2;-29,8821322;-51,23464465;"SPRF-RS";"DEL04-RS";"UOP02-DEL04-RS"
748367;2026-01-27;"terça-feira";"17:00:00";"MG";251;316,7;"SALINAS";"Condutor deixou de manter distância do veículo da frente";"Colisão traseira";"Com Vítimas Feridas";"Pleno dia";"Decrescente";"Sol";"Simples";"Reta";"Não";5;0;4;0;0;1;4;2;-16,16064315;-42,31375694;"SPRF-MG";"DEL12-MG";"UOP02-DEL12-MG"
748370;2026-01-27;"terça-feira";"07:20:00";"MG";116;410;"GOVERNADOR VALADARES";"Acessar a via sem observar a presença dos outros veículos";"Colisão transversal";"Com Vítimas Feridas";"Pleno dia";"Decrescente";"Céu Claro";"Dupla";"Retorno Regulamentado";"Sim";2;0;1;0;1;0;1;2;-18,860786;-41,974422;"SPRF-MG";"DEL06-MG";"UOP01-DEL06-MG"
748373;2026-01-27;"terça-feira";"18:40:00";"MG";40;516,8;"RIBEIRAO DAS NEVES";"Manobra de mudança de faixa";"Colisão lateral mesmo sentido";"Com Vítimas Feridas";"Plena Noite";"Crescente";"Céu Claro";"Dupla";"Curva;Aclive";"Sim";3;0;1;0;1;1;1;3;-19,8225163;-44,084188;"SPRF-MG";"DEL01-MG";"UOP02-DEL01-MG"
748374;2026-01-27;"terça-feira";"17:20:00";"PE";104;83,8;"AGRESTINA";"Ausência de reação do condutor";"Colisão transversal";"Com Vítimas Feridas";"Anoitecer";"Decrescente";"Céu Claro";"Simples";"Reta;Aclive";"Não";3;0;1;0;1;2;1;4;-8,43142;-35,95882;"SPRF-PE";"DEL02-PE";"UOP01-DEL02-PE"
748375;2026-01-27;"terça-feira";"14:28:00";"BA";324;540;"AMELIA RODRIGUES";"Acumulo de óleo sobre o pavimento";"Saída de leito carroçável";"Com Vítimas Feridas";"Pleno dia";"Decrescente";"Chuva";"Dupla";"Reta";"Não";2;0;1;0;0;1;1;2;-12,39437142;-38,77489328;"SPRF-BA";"DEL01-BA";"UOP03-DEL01-BA"
748376;2026-01-27;"terça-feira";"19:30:00";"ES";101;382,7;"RIO NOVO DO SUL";"Entrada inopinada do pedestre";"Atropelamento de Pedestre";"Com Vítimas Fatais";"Plena Noite";"Crescente";"Céu Claro";"Simples";"Reta";"Não";2;1;0;0;1;0;0;2;-20,82335683;-40,851717;"SPRF-ES";"DEL03-ES";"UOP01-DEL03-ES"
748385;2026-01-27;"terça-feira";"19:30:00";"PE";423;22,2;"SAO CAITANO";"Reação tardia ou ineficiente do condutor";"Capotamento";"Com Vítimas Feridas";"Plena Noite";"Crescente";"Céu Claro";"Simples";"Curva";"Não";1;0;1;0;0;0;1;1;-8,354017;-36,171949;"SPRF-PE";"DEL03-PE";"UOP02-DEL03-PE"
748400;2026-01-27;"terça-feira";"18:00:00";"MT";70;509;"CUIABA";"Manobra de mudança de faixa";"Colisão lateral mesmo sentido";"Com Vítimas Feridas";"Anoitecer";"Crescente";"Céu Claro";"Dupla";"Reta";"Não";5;0;1;0;3;4;1;6;-15,7;-56,081;"SPRF-MT";"DEL01-MT";"UOP02-DEL01-MT"
748403;2026-01-27;"terça-feira";"17:30:00";"MG";40;234;"SAO GONCALO DO ABAETE";"Demais falhas mecânicas ou elétricas";"Tombamento";"Com Vítimas Feridas";"Anoitecer";"Crescente";"Céu Claro";"Simples";"Reta";"Não";3;0;2;0;0;1;2;2;-18,02322111;-45,53858757;"SPRF-MG";"DEL14-MG";"UOP02-DEL14-MG"
748404;2026-01-27;"terça-feira";"19:30:00";"MG";40;332;"FELIXLANDIA";"Reação tardia ou ineficiente do condutor";"Colisão traseira";"Com Vítimas Feridas";"Plena Noite";"Crescente";"Nublado";"Simples";"Declive";"Não";3;0;1;0;1;1;1;3;-18,575369;-45,017054;"SPRF-MG";"DEL14-MG";"UOP02-DEL14-MG"
748412;2026-01-27;"terça-feira";"22:01:00";"BA";101;83,3;"EUNAPOLIS";"Entrada inopinada do pedestre";"Atropelamento de Pedestre";"Com Vítimas Feridas";"Plena Noite";"Decrescente";"Céu Claro";"Simples";"Reta";"Sim";3;0;1;0;1;1;1;3;-16,373202;-39,573165;"SPRF-BA";"DEL01-BA";"UOP04-DEL01-BA"
748415;2026-01-27;"terça-feira";"23:29:00";"MS";359;212;"COXIM";"Ausência de reação do condutor";"Colisão com objeto";"Com Vítimas Feridas";"Plena Noite";"Crescente";"Garoa/Chuvisco";"Simples";"Reta";"Não";2;0;1;0;0;1;1;2;-18,476;-54,582;"SPRF-MS";"DEL06-MS";"UOP01-DEL06-MS"
748417;2026-01-28;"quarta-feira";"01:45:00";"SP";116;122;"CACAPAVA";"Ausência de reação do condutor";"Colisão traseira";"Com Vítimas Feridas";"Plena Noite";"Decrescente";"Céu Claro";"Dupla";"Reta";"Não";2;0;0;1;1;0;1;2;-23,08377318;-45,6641798;"SPRF-SP";"DEL02-SP";"UOP02-DEL02-SP"
748418;2026-01-28;"quarta-feira";"04:04:00";"SP";116;199;"ARUJA";"Ausência de reação do condutor";"Colisão traseira";"Com Vítimas Feridas";"Plena Noite";"Crescente";"Vento";"Dupla";"Aclive;Reta";"Sim";3;0;1;0;1;2;1;4;-23,4020333;-46,3134483;"SPRF-SP";"DEL01-SP";"UOP01-DEL01-SP"
748419;2026-01-28;"quarta-feira";"01:15:00";"PR";277;410,9;"CANDOI";"Ultrapassagem Indevida";"Colisão frontal";"Com Vítimas Fatais";"Plena Noite";"Decrescente";"Céu Claro";"Simples";"Reta;Declive";"Não";2;1;0;0;1;0;0;2;-25,427;-52,0116;"SPRF-PR";"DEL04-PR";"UOP02-DEL04-PR"
748422;2026-01-28;"quarta-feira";"05:25:00";"TO";153;498;"PARAISO DO TOCANTINS";"Condutor deixou de manter distância do veículo da frente";"Colisão traseira";"Com Vítimas Feridas";"Amanhecer";"Decrescente";"Chuva";"Simples";"Reta";"Sim";3;0;0;1;1;3;1;5;-10,186802;-48,880048;"SPRF-TO";"DEL01-TO";"UOP01-DEL01-TO"
748425;2026-01-27;"terça-feira";"15:10:00";"PR";153;519,1;"GENERAL CARNEIRO";"Condutor Dormindo";"Colisão frontal";"Com Vítimas Feridas";"Pleno dia";"Crescente";"Sol";"Simples";"Curva";"Não";3;0;0;1;1;1;1;3;-26,59207;-51,45449;"SPRF-PR";"DEL02-PR";"UOP03-DEL02-PR"
748430;2026-01-28;"quarta-feira";"05:50:00";"RS";116;64,2;"CAMPESTRE DA SERRA";"Transitar na contramão";"Colisão frontal";"Com Vítimas Feridas";"Amanhecer";"Crescente";"Céu Claro";"Simples";"Declive;Curva";"Não";2;0;1;0;0;1;1;2;-28,67244;-51,06388;"SPRF-RS";"DEL05-RS";"UOP03-DEL05-RS"
748431;2026-01-28;"quarta-feira";"02:30:00";"MT";70;121;"GENERAL CARNEIRO";"Reação tardia ou ineficiente do condutor";"Capotamento";"Com Vítimas Feridas";"Plena Noite";"Crescente";"Céu Claro";"Simples";"Reta";"Não";3;0;1;0;1;1;1;2;-15,609117;-53,098363;"SPRF-MT";"DEL07-MT";"UOP01-DEL07-MT"
748433;2026-01-28;"quarta-feira";"05:45:00";"PR";153;30,6;"SANTO ANTONIO DA PLATINA";"Condutor Dormindo";"Colisão frontal";"Com Vítimas Feridas";"Amanhecer";"Decrescente";"Céu Claro";"Simples";"Reta";"Não";3;0;0;1;1;1;1;3;-23,2235415;-50,02182162;"SPRF-PR";"DEL07-PR";"UOP04-DEL07-PR"
748436;2026-01-28;"quarta-feira";"06:55:00";"PE";232;10,1;"JABOATAO DOS GUARARAPES";"Condutor deixou de manter distância do veículo da frente";"Colisão traseira";"Com Vítimas Feridas";"Pleno dia";"Decrescente";"Nublado";"Dupla";"Reta;Declive";"Sim";4;0;1;0;3;0;1;3;-8,07944;-34,988007;"SPRF-PE";"DEL01-PE";"UOP01-DEL01-PE"
748440;2026-01-28;"quarta-feira";"08:07:00";"SP";116;280;"EMBU DAS ARTES";"Manobra de mudança de faixa";"Colisão traseira";"Com Vítimas Feridas";"Pleno dia";"Decrescente";"Céu Claro";"Dupla";"Reta";"Sim";5;0;2;0;0;3;2;5;-23,6457988;-46,84112215;"SPRF-SP";"DEL04-SP";"UOP01-DEL04-SP"