"id";"data_inversa";"dia_semana";"horario";"uf";"br";"km";"municipio";"causa_acidente";"tipo_acidente";"classificacao_acidente";"fase_dia";"sentido_via";"condicao_metereologica";"tipo_pista";"tracado_via";"uso_solo";"pessoas";"mortos";"feridos_leves";"feridos_graves";"ilesos";"ignorados";"feridos";"veiculos";"latitude";"longitude";"regional";"delegacia";"uop"
748446;2026-01-28;"quarta-feira";"07:30:00";"PR";277;285;"PRUDENTOPOLIS";"Acessar a via sem observar a presença dos outros veículos";"Colisão lateral mesmo sentido";"Com Vítimas Feridas";"Pleno dia";"Decrescente";"Céu Claro";"Simples";"Reta;Retorno Regulamentado";"Sim";4;0;2;0;1;2;2;4;-25,31988001;-50,96935272;"SPRF-PR";"DEL08-PR";"UOP02-DEL08-PR"
748448;2026-01-28;"quarta-feira";"07:50:00";"PR";376;668,4;"GUARATUBA";"Reação tardia ou ineficiente do condutor";"Colisão traseira";"Com Vítimas Feridas";"Pleno dia";"Crescente";"Céu Claro";"Dupla";"Declive";"Não";4;0;1;0;2;2;1;5;-25,869683;-48,934905;"SPRF-PR";"DEL01-PR";"UOP04-DEL01-PR"
748450;2026-01-28;"quarta-feira";"09:05:00";"SC";101;147;"ITAPEMA";"Acessar a via sem observar a presença dos outros veículos";"Colisão lateral mesmo sentido";"Com Vítimas Feridas";"Pleno dia";"Decrescente";"Sol";"Dupla";"Interseção de Vias";"Sim";4;0;1;0;2;1;1;3;-27,08905493;-48,61271795;"SPRF-SC";"DEL04-SC";"UOP03-DEL04-SC"
748459;2026-01-28;"quarta-feira";"09:30:00";"MG";381;490;"BETIM";"Ausência de reação do condutor";"Colisão traseira";"Com Vítimas Feridas";"Pleno dia";"Decrescente";"Céu Claro";"Dupla";"Aclive;Reta";"Não";2;0;2;0;0;0;2;1;-19,956844;-44,150464;"SPRF-MG";"DEL01-MG";"UOP03-DEL01-MG"
748461;2026-01-28;"quarta-feira";"07:30:00";"SC";280;29,5;"ARAQUARI";"Desrespeitar a preferência no cruzamento";"Colisão transversal";"Com Vítimas Feridas";"Pleno dia";"Decrescente";"Céu Claro";"Simples";"Reta";"Não";2;0;0;1;1;0;1;2;-26,413238;-48,757712;"SPRF-SC";"DEL03-SC";"UOP03-DEL03-SC"
748464;2026-01-28;"quarta-feira";"08:00:00";"MG";153;90;"PRATA";"Demais falhas mecânicas ou elétricas";"Incêndio";"Sem Vítimas";"Pleno dia";"Crescente";"Céu Claro";"Dupla";"Aclive";"Não";2;0;0;0;1;1;0;2;-19,149403;-48,962373;"SPRF-MG";"DEL15-MG";"UOP03-DEL15-MG"
748471;2026-01-28;"quarta-feira";"06:43:00";"RJ";101;58;"CAMPOS DOS GOYTACAZES";"Acessar a via sem observar a presença dos outros veículos";"Colisão transversal";"Com Vítimas Fatais";"Pleno dia";"Crescente";"Céu Claro";"Simples";"Reta;Interseção de Vias";"Sim";2;1;0;0;1;0;0;2;-21,707921;-41,309113;"SPRF-RJ";"DEL08-RJ";"UOP01-DEL08-RJ"
748474;2026-01-28;"quarta-feira";"11:25:00";"MG";40;272;"SAO GONCALO DO ABAETE";"Acessar a via sem observar a presença dos outros veículos";"Colisão transversal";"Com Vítimas Feridas";"Pleno dia";"Crescente";"Sol";"Simples";"Reta;Em Obras";"Não";7;0;1;0;5;2;1;5;-18,18678;-45,256;"SPRF-MG";"DEL14-MG";"UOP02-DEL14-MG"
748479;2026-01-28;"quarta-feira";"11:40:00";"SP";116;441;"REGISTRO";"Ausência de reação do condutor";"Colisão traseira";"Com Vítimas Feridas";"Pleno dia";"Decrescente";"Céu Claro";"Dupla";"Reta";"Sim";3;0;1;0;1;1;1;3;-24,47083658;-47,82360284;"SPRF-SP";"DEL05-SP";"UOP01-DEL05-SP"
748498;2026-01-21;"quarta-feira";"14:00:00";"GO";60;465;"JATAI";"Demais falhas mecânicas ou elétricas";"Saída de leito carroçável";"Sem Vítimas";"Pleno dia";"Crescente";"Céu Claro";"Dupla";"Reta";"Não";2;0;0;0;1;1;0;2;-17,893137;-51,66075;"SPRF-GO";"DEL05-GO";"UOP01-DEL05-GO"
748500;2026-01-28;"quarta-feira";"10:30:00";"BA";324;591;"CANDEIAS";"Ausência de reação do condutor";"Colisão traseira";"Com Vítimas Feridas";"Pleno dia";"Crescente";"Chuva";"Dupla";"Reta";"Não";5;0;1;0;3;1;1;3;-12,69515148;-38,46471643;"SPRF-BA";"DEL01-BA";"UOP01-DEL01-BA"
748503;2026-01-28;"quarta-feira";"14:20:00";"GO";60;92,2;"ANAPOLIS";"Acumulo de água sobre o pavimento";"Saída de leito carroçável";"Com Vítimas Feridas";"Pleno dia";"Decrescente";"Chuva";"Dupla";"Curva";"Sim";2;0;2;0;0;0;2;1;-16,35231814;-48,91452882;"SPRF-GO";"DEL02-GO";"UOP01-DEL02-GO"
748505;2026-01-28;"quarta-feira";"13:00:00";"MG";365;597;"UBERLANDIA";"Ausência de reação do condutor";"Colisão frontal";"Com Vítimas Feridas";"Pleno dia";"Crescente";"Nublado";"Múltipla";"Declive;Curva";"Não";2;0;0;1;1;0;1;2;-18,8722238;-48,085338;"SPRF-MG";"DEL15-MG";"UOP01-DEL15-MG"
748506;2026-01-28;"quarta-feira";"13:50:00";"BA";324;541;"AMELIA RODRIGUES";"Chuva";"Colisão traseira";"Sem Vítimas";"Pleno dia";"Decrescente";"Chuva";"Dupla";"Declive";"Não";2;0;0;0;1;1;0;2;-12,3962665;-38,7688701;"SPRF-BA";"DEL01-BA";"UOP03-DEL01-BA"
748512;2026-01-28;"quarta-feira";"13:30:00";"SE";101;183;"UMBAUBA";"Ausência de reação do condutor";"Colisão lateral sentido oposto";"Com Vítimas Feridas";"Pleno dia";"Crescente";"Céu Claro";"Simples";"Reta;Declive";"Sim";3;0;1;0;1;1;1;3;-11,38313242;-37,66607606;"SPRF-SE";"DEL02-SE";"UOP03-DEL02-SE"
748513;2026-01-28;"quarta-feira";"15:00:00";"ES";101;347;"GUARAPARI";"Ausência de sinalização";"Colisão traseira";"Com Vítimas Feridas";"Pleno dia";"Crescente";"Céu Claro";"Dupla";"Reta";"Não";4;0;0;1;2;1;1;3;-20,65687994;-40,61868668;"SPRF-ES";"DEL03-ES";"UOP01-DEL03-ES"
748515;2026-01-28;"quarta-feira";"10:00:00";"CE";116;495;"BREJO SANTO";"Reação tardia ou ineficiente do condutor";"Engavetamento";"Com Vítimas Feridas";"Pleno dia";"Decrescente";"Céu Claro";"Simples";"Ponte;Reta;Em Obras";"Não";12;0;7;1;3;2;8;6;-7,428807;-38,970547;"SPRF-CE";"DEL05-CE";"UOP03-DEL05-CE"
748520;2026-01-28;"quarta-feira";"14:22:00";"MT";364;277;"JACIARA";"Problema com o freio";"Colisão lateral sentido oposto";"Com Vítimas Fatais";"Pleno dia";"Decrescente";"Chuva";"Simples";"Declive";"Sim";8;1;3;0;3;6;3;11;-15,95022961;-55,00116348;"SPRF-MT";"DEL05-MT";"UOP02-DEL05-MT"
748526;2026-01-28;"quarta-feira";"13:00:00";"RO";364;33;"VILHENA";"Ultrapassagem Indevida";"Incêndio";"Sem Vítimas";"Pleno dia";"Crescente";"Céu Claro";"Simples";"Reta";"Não";2;0;0;0;2;0;0;2;-12,52022954;-60,41174412;"SPRF-RO";"DEL04-RO";"UOP01-DEL04-RO"
748528;2026-01-28;"quarta-feira";"13:30:00";"CE";222;126;"ITAPAJE";"Ultrapassagem Indevida";"Saída de leito carroçável";"Com Vítimas Feridas";"Pleno dia";"Crescente";"Chuva";"Simples";"Reta;Declive";"Não";2;0;1;0;0;1;1;2;-3,702528;-39,609791;"SPRF-CE";"DEL04-CE";"UOP03-DEL04-CE"
748529;2026-01-28;"quarta-feira";"16:00:00";"PA";155;83;"RIO MARIA";"Reação tardia ou ineficiente do condutor";"Colisão lateral mesmo sentido";"Com Vítimas Feridas";"Pleno dia";"Crescente";"Céu Claro";"Simples";"Interseção de Vias";"Sim";2;0;1;0;1;0;1;2;-7,317288;-50,048087;"SPRF-PA";"DEL03-PA";"UOP01-DEL03-PA"
748533;2026-01-28;"quarta-feira";"15:30:00";"MT";364;402;"CUIABA";"Acesso irregular";"Colisão transversal";"Sem Vítimas";"Pleno dia";"Decrescente";"Chuva";"Dupla";"Reta";"Sim";7;0;0;0;6;1;0;4;-15,65098324;-55,99716861;"SPRF-MT";"DEL01-MT";"UOP02-DEL01-MT"
748534;2026-01-28;"quarta-feira";"16:24:00";"PE";232;82;"GRAVATA";"Condutor deixou de manter distância do veículo da frente";"Colisão traseira";"Com Vítimas Feridas";"Pleno dia";"Decrescente";"Céu Claro";"Dupla";"Reta";"Sim";2;0;0;1;1;0;1;2;-8,20217;-35,59396;"SPRF-PE";"DEL02-PE";"UOP02-DEL02PE"
748535;2026-01-28;"quarta-feira";"11:35:00";"MT";158;520,8;"CANARANA";"Ultrapassagem Indevida";"Colisão lateral mesmo sentido";"Sem Vítimas";"Pleno dia";"Crescente";"Nublado";"Simples";"Reta;Declive";"Não";4;0;0;0;3;2;0;5;-13,69364959;-52,01878309;"SPRF-MT";"DEL07-MT";"UOP02-DEL07-MT"
748539;2026-01-28;"quarta-feira";"15:30:00";"SC";101;95;"BARRA VELHA";"Acessar a via sem observar a presença dos outros veículos";"Colisão transversal";"Com Vítimas Feridas";"Pleno dia";"Decrescente";"Sol";"Dupla";"Interseção de Vias;Viaduto";"Não";3;0;2;0;1;0;2;2;-26,71845939;-48,70200098;"SPRF-SC";"DEL03-SC";"UOP02-DEL03-SC"
748545;2026-01-28;"quarta-feira";"15:30:00";"GO";60;389;"RIO VERDE";"Acessar a via sem observar a presença dos outros veículos";"Colisão lateral mesmo sentido";"Com Vítimas Feridas";"Pleno dia";"Crescente";"Céu Claro";"Dupla";"Reta";"Sim";2;0;0;1;1;0;1;2;-17,824455;-50,958367;"SPRF-GO";"DEL04-GO";"UOP02-DEL04-GO"
748546;2026-01-28;"quarta-feira";"15:50:00";"BA";116;575;"BREJOES";"Acessar a via sem observar a presença dos outros veículos";"Colisão frontal";"Com Vítimas Feridas";"Pleno dia";"Crescente";"Chuva";"Simples";"Reta;Aclive";"Sim";3;0;1;0;2;0;1;2;-13,0832133;-39,9622983;"SPRF-BA";"DEL03-BA";"UOP02-DEL03-BA"
748548;2026-01-28;"quarta-feira";"13:53:00";"MT";364;400;"CUIABA";"Ausência de reação do condutor";"Saída de leito carroçável";"Sem Vítimas";"Pleno dia";"Decrescente";"Chuva";"Dupla";"Viaduto";"Não";2;0;0;0;1;1;0;2;-15,65826133;-55,98013826;"SPRF-MT";"DEL01-MT";"UOP02-DEL01-MT"
748550;2026-01-28;"quarta-feira";"16:25:00";"RS";392;6,5;"RIO GRANDE";"Condutor deixou de manter distância do veículo da frente";"Colisão traseira";"Sem Vítimas";"Pleno dia";"Crescente";"Céu Claro";"Simples";"Reta";"Sim";4;0;0;0;3;1;0;4;-32,0887558;-52,10715652;"SPRF-RS";"DEL07-RS";"UOP02-DEL07-RS"
748562;2026-01-28;"quarta-feira";"17:25:00";"BA";415;49;"ITABUNA";"Conversão proibida";"Colisão lateral mesmo sentido";"Com Vítimas Feridas";"Anoitecer";"Decrescente";"Céu Claro";"Simples";"Reta";"Sim";4;0;1;0;2;1;1;3;-14,819571;-39,305185;"SPRF-BA";"DEL05-BA";"UOP01-DEL05-BA"
748564;2026-01-28;"quarta-feira";"16:30:00";"MG";251;349;"FRUTA DE LEITE";"Demais falhas mecânicas ou elétricas";"Saída de leito carroçável";"Sem Vítimas";"Pleno dia";"Decrescente";"Céu Claro";"Simples";"Reta";"Não";2;0;0;0;1;1;0;2;-16,25694973;-42,51996517;"SPRF-MG";"DEL12-MG";"UOP02-DEL12-MG"
748566;2026-01-28;"quarta-feira";"14:40:00";"RO";364;296,1;"PRESIDENTE MEDICI";"Ausência de reação do condutor";"Colisão traseira";"Com Vítimas Feridas";"Pleno dia";"Crescente";"Céu Claro";"Simples";"Reta";"Não";2;0;1;0;1;0;1;2;-11,299022;-61,892857;"SPRF-RO";"DEL02-RO";"UOP01-DEL02-RO"
748573;2026-01-28;"quarta-feira";"17:30:00";"MG";251;471;"FRANCISCO SA";"Pista Escorregadia";"Saída de leito carroçável";"Com Vítimas Feridas";"Anoitecer";"Crescente";"Chuva";"Simples";"Reta;Declive";"Não";3;0;0;1;1;1;1;2;-16,46626976;-43,43383572;"SPRF-MG";"DEL12-MG";"UOP01-DEL12-MG"
748575;2026-01-28;"quarta-feira";"18:29:00";"CE";222;38;"CAUCAIA";"Transitar na contramão";"Colisão frontal";"Com Vítimas Fatais";"Plena Noite";"Decrescente";"Céu Claro";"Simples";"Reta";"Não";3;1;0;0;2;0;0;2;-3,69048469;-38,89454985;"SPRF-CE";"DEL01-CE";"UOP01-DEL01-CE"
748576;2026-01-28;"quarta-feira";"13:50:00";"RJ";116;136;"MAGE";"Demais falhas mecânicas ou elétricas";"Incêndio";"Sem Vítimas";"Pleno dia";"Decrescente";"Céu Claro";"Dupla";"Reta";"Não";1;0;0;0;1;0;0;1;-22,64899107;-43,17699314;"SPRF-RJ";"DEL04-RJ";"UOP02-DEL04-RJ"
748578;2026-01-28;"quarta-feira";"16:05:00";"MG";116;537,2;"SANTA RITA DE MINAS";"Reação tardia ou ineficiente do condutor";"Colisão traseira";"Com Vítimas Feridas";"Pleno dia";"Crescente";"Nublado";"Simples";"Reta";"Sim";3;0;1;0;1;1;1;3;-19,873409;-42,132641;"SPRF-MG";"DEL06-MG";"UOP02-DEL06-MG"
748579;2026-01-28;"quarta-feira";"20:00:00";"SP";116;305;"SAO LOURENCO DA SERRA";"Transtornos Mentais (exceto suicidio)";"Colisão traseira";"Com Vítimas Feridas";"Plena Noite";"Decrescente";"Céu Claro";"Múltipla";"Aclive;Curva";"Sim";5;0;1;0;3;4;1;8;-23,842773;-46,932227;"SPRF-SP";"DEL04-SP";"UOP01-DEL04-SP"
748582;2026-01-28;"quarta-feira";"15:40:00";"BA";242;497;"OLIVEIRA DOS BREJINHOS";"Problema com o freio";"Incêndio";"Sem Vítimas";"Pleno dia";"Crescente";"Nublado";"Simples";"Curva";"Não";2;0;0;0;1;1;0;2;-12,38156;-42,41322;"SPRF-BA";"DEL06-BA";"UOP01-DEL06-BA"
748588;2026-01-28;"quarta-feira";"17:30:00";"BA";116;223;"EUCLIDES DA CUNHA";"Velocidade Incompatível";"Tombamento";"Com Vítimas Feridas";"Pleno dia";"Crescente";"Céu Claro";"Simples";"Reta";"Não";2;0;1;0;0;1;1;2;-10,56205277;-38,98987055;"SPRF-BA";"DEL07-BA";"UOP03-DEL07-BA"
748589;2026-01-28;"quarta-feira";"18:45:00";"MG";365;505;"PATROCINIO";"Demais falhas mecânicas ou elétricas";"Incêndio";"Com Vítimas Feridas";"Plena Noite";"Crescente";"Nublado";"Simples";"Reta";"Não";1;0;1;0;0;0;1;1;-18,95490071;-47,26246104;"SPRF-MG";"DEL10-MG";"UOP01-DEL10-MG"
748591;2026-01-28;"quarta-feira";"16:00:00";"GO";153;591,1;"PIRACANJUBA";"Frear bruscamente";"Tombamento";"Com Vítimas Feridas";"Pleno dia";"Decrescente";"Nublado";"Dupla";"Aclive;Reta";"Não";2;0;1;0;0;1;1;2;-17,46816;-49,217813;"SPRF-GO";"DEL03-GO";"UOP01-DEL03-GO"
748593;2026-01-28;"quarta-feira";"21:05:00";"SC";101;258;"PAULO LOPES";"Condutor deixou de manter distância do veículo da frente";"Colisão traseira";"Com Vítimas Feridas";"Plena Noite";"Decrescente";"Céu Claro";"Dupla";"Aclive";"Não";2;0;1;0;0;1;1;2;-28,00733279;-48,69292665;"SPRF-SC";"DEL02-SC";"UOP03-DEL02-SC"
748597;2026-01-28;"quarta-feira";"20:30:00";"PR";376;238,4;"APUCARANA";"Ausência de reação do condutor";"Colisão traseira";"Com Vítimas Fatais";"Plena Noite";"Crescente";"Céu Claro";"Múltipla";"Reta";"Não";5;1;0;2;1;2;2;4;-23,58362339;-51,46239383;"SPRF-PR";"DEL07-PR";"UOP03-DEL07-PR"
748599;2026-01-28;"quarta-feira";"18:30:00";"MG";262;709,9;"PERDIZES";"Demais falhas mecânicas ou elétricas";"Incêndio";"Sem Vítimas";"Anoitecer";"Crescente";"Nublado";"Simples";"Reta";"Não";2;0;0;0;1;3;0;4;-19,621977;-47,238507;"SPRF-MG";"DEL08-MG";"UOP01-DEL08-MG"
748600;2026-01-28;"quarta-feira";"19:30:00";"MG";381;948;"EXTREMA";"Acessar a via sem observar a presença dos outros veículos";"Colisão transversal";"Com Vítimas Feridas";"Plena Noite";"Crescente";"Chuva";"Dupla";"Reta;Retorno Regulamentado";"Sim";8;0;1;0;6;1;1;5;-22,87312839;-46,3633287;"SPRF-MG";"DEL16-MG";"UOP03-DEL16-MG"
748605;2026-01-28;"quarta-feira";"18:40:00";"GO";414;278;"VILA PROPICIO";"Ausência de reação do condutor";"Colisão lateral sentido oposto";"Com Vítimas Feridas";"Anoitecer";"Crescente";"Nublado";"Simples";"Curva";"Não";3;0;1;0;1;1;1;3;-15,059015;-48,721398;"SPRF-GO";"DEL07-GO";"UOP02-DEL07-GO"
748607;2026-01-29;"quinta-feira";"00:10:00";"SP";116;207;"GUARULHOS";"Pedestre andava na pista";"Atropelamento de Pedestre";"Com Vítimas Fatais";"Plena Noite";"Crescente";"Céu Claro";"Múltipla";"Reta;Desvio Temporário;Em Obras";"Sim";2;1;0;0;1;0;0;2;-23,42085;-46,388807;"SPRF-SP";"DEL01-SP";"UOP01-DEL01-SP"
748608;2026-01-28;"quarta-feira";"21:45:00";"MT";364;261;"SAO PEDRO DA CIPA";"Ausência de reação do condutor";"Colisão lateral mesmo sentido";"Com Vítimas Feridas";"Plena Noite";"Crescente";"Nublado";"Dupla";"Reta";"Sim";3;0;1;0;1;3;1;5;-16,00595239;-54,91508452;"SPRF-MT";"DEL02-MT";"UOP01-DEL02-MT"
748609;2026-01-28;"quarta-feira";"21:50:00";"SC";116;134;"SANTA CECILIA";"Ausência de reação do condutor";"Colisão com objeto";"Com Vítimas Feridas";"Plena Noite";"Decrescente";"Chuva";"Simples";"Declive;Reta";"Não";4;0;1;3;0;0;4;2;-26,9246592;-50,4424057;"SPRF-SC";"DEL06-SC";"UOP02-DEL06-SC"
748613;2026-01-28;"quarta-feira";"23:45:00";"MT";364;398;"CUIABA";"Avarias e/ou desgaste excessivo no pneu";"Eventos atípicos";"Sem Vítimas";"Plena Noite";"Crescente";"Céu Claro";"Dupla";"Reta";"Não";2;0;0;0;1;1;0;2;-15,66350556;-55,96763527;"SPRF-MT";"DEL01-MT";"UOP02-DEL01-MT"
748616;2026-01-29;"quinta-feira";"02:10:00";"ES";101;443,6;"MIMOSO DO SUL";"Reação tardia ou ineficiente do condutor";"Tombamento";"Com Vítimas Feridas";"Plena Noite";"Decrescente";"Céu Claro";"Simples";"Curva";"Não";3;0;2;0;0;1;2;2;-21,10377865;-41,25405382;"SPRF-ES";"DEL03-ES";"UOP02-DEL03-ES"
748618;2026-01-29;"quinta-feira";"00:30:00";"RJ";493;56,9;"DUQUE DE CAXIAS";"Reação tardia ou ineficiente do condutor";"Colisão traseira";"Com Vítimas Feridas";"Plena Noite";"Decrescente";"Céu Claro";"Dupla";"Reta";"Não";2;0;1;0;1;0;1;2;-22,6644722;-43,36629868;"SPRF-RJ";"DEL01-RJ";"UOP03-DEL01-RJ"
748621;2026-01-29;"quinta-feira";"03:35:00";"PR";116;13;"QUATRO BARRAS";"Condutor deixou de manter distância do veículo da frente";"Colisão traseira";"Com Vítimas Feridas";"Plena Noite";"Decrescente";"Chuva";"Dupla";"Reta";"Sim";2;0;1;0;1;0;1;2;-25,36159068;-49,07831892;"SPRF-PR";"DEL01-PR";"UOP02-DEL01-PR"
748623;2026-01-29;"quinta-feira";"05:40:00";"GO";153;523;"HIDROLANDIA";"Reação tardia ou ineficiente do condutor";"Saída de leito carroçável";"Com Vítimas Feridas";"Amanhecer";"Decrescente";"Céu Claro";"Dupla";"Reta";"Não";2;0;1;0;1;0;1;1;-16,907152;-49,253846;"SPRF-GO";"DEL01-GO";"UOP03-DEL01-GO"
748624;2026-01-29;"quinta-feira";"04:35:00";"SC";470;65;"INDAIAL";"Ingestão de álcool pelo condutor";"Colisão frontal";"Com Vítimas Feridas";"Plena Noite";"Crescente";"Céu Claro";"Simples";"Reta;Em Obras";"Sim";4;0;0;1;3;0;1;4;-26,8706026;-49,21520978;"SPRF-SC";"DEL04-SC";"UOP01-DEL04-SC"
748629;2026-01-28;"quarta-feira";"22:00:00";"MG";40;70;"PARACATU";"Ultrapassagem Indevida";"Colisão lateral sentido oposto";"Com Vítimas Feridas";"Plena Noite";"Decrescente";"Ignorado";"Simples";"Reta";"Não";6;0;1;2;2;1;3;2;-17,24131944;-46,82362877;"SPRF-MG";"DEL14-MG";"UOP01-DEL14-MG"
748640;2026-01-25;"domingo";"11:30:00";"SP";116;549;"BARRA DO TURVO";"Demais falhas mecânicas ou elétricas";"Incêndio";"Sem Vítimas";"Pleno dia";"Decrescente";"Céu Claro";"Simples";"Curva";"Não";2;0;0;0;1;1;0;2;-24,9661448;-48,4695407;"SPRF-SP";"DEL05-SP";"UOP02-DEL05-SP"
748643;2026-01-29;"quinta-feira";"06:50:00";"ES";101;53,6;"CONCEICAO DA BARRA";"Condutor deixou de manter distância do veículo da frente";"Colisão traseira";"Com Vítimas Feridas";"Pleno dia";"Crescente";"Céu Claro";"Simples";"Aclive;Reta";"Não";22;0;8;0;13;2;8;4;-18,62374191;-39,88120526;"SPRF-ES";"DEL04-ES";"UOP02-DEL04-ES"
748646;2026-01-29;"quinta-feira";"08:20:00";"MG";381;789;"SAO GONCALO DO SAPUCAI";"Acessar a via sem observar a presença dos outros veículos";"Colisão traseira";"Com Vítimas Feridas";"Pleno dia";"Decrescente";"Céu Claro";"Dupla";"Reta";"Não";4;0;0;1;1;3;1;5;-21,8736463;-45,5392002;"SPRF-MG";"DEL16-MG";"UOP02-DEL16-MG"
748657;2026-01-29;"quinta-feira";"06:44:00";"PR";116;44,4;"CAMPINA GRANDE DO SUL";"Chuva";"Saída de leito carroçável";"Com Vítimas Feridas";"Pleno dia";"Decrescente";"Chuva";"Dupla";"Curva";"Não";7;0;3;1;2;2;4;5;-25,194008;-48,888267;"SPRF-PR";"DEL01-PR";"UOP02-DEL01-PR"
748669;2026-01-29;"quinta-feira";"10:15:00";"MG";116;276,3;"TEOFILO OTONI";"Entrada inopinada do pedestre";"Atropelamento de Pedestre";"Com Vítimas Feridas";"Pleno dia";"Decrescente";"Sol";"Múltipla";"Reta";"Sim";4;0;1;0;1;2;1;3;-17,85410709;-41,51419044;"SPRF-MG";"DEL11-MG";"UOP01-DEL11-MG"
748670;2026-01-29;"quinta-feira";"10:30:00";"RJ";393;131;"SAPUCAIA";"Velocidade Incompatível";"Tombamento";"Com Vítimas Feridas";"Pleno dia";"Crescente";"Sol";"Simples";"Curva;Declive";"Sim";2;0;1;0;0;1;1;2;-21,98938257;-42,90275133;"SPRF-RJ";"DEL05-RJ";"UOP01-DEL05-RJ"
748674;2026-01-29;"quinta-feira";"10:49:00";"GO";60;384,9;"RIO VERDE";"Ausência de reação do condutor";"Tombamento";"Sem Vítimas";"Pleno dia";"Decrescente";"Céu Claro";"Múltipla";"Aclive";"Sim";2;0;0;0;1;3;0;4;-17,81022;-50,927042;"SPRF-GO";"DEL04-GO";"UOP02-DEL04-GO"
748678;2026-01-29;"quinta-feira";"07:40:00";"MT";364;440;"VARZEA GRANDE";"Mal súbito do condutor";"Saída de leito carroçável";"Com Vítimas Feridas";"Pleno dia";"Decrescente";"Céu Claro";"Simples";"Curva";"Não";2;0;1;0;0;2;1;3;-15,602025;-56,20489;"SPRF-MT";"DEL01-MT";"UOP02-DEL01-MT"
748679;2026-01-29;"quinta-feira";"10:25:00";"RJ";116;205;"SEROPEDICA";"Ausência de reação do condutor";"Colisão traseira";"Com Vítimas Fatais";"Pleno dia";"Decrescente";"Sol";"Dupla";"Reta";"Não";3;2;0;0;1;0;0;2;-22,726678;-43,649908;"SPRF-RJ";"DEL06-RJ";"UOP02-DEL06-RJ"
748686;2026-01-14;"quarta-feira";"09:00:00";"MT";70;220;"GENERAL CARNEIRO";"Velocidade Incompatível";"Tombamento";"Com Vítimas Feridas";"Pleno dia";"Decrescente";"Céu Claro";"Simples";"Curva";"Não";2;0;1;0;0;2;1;3;-15,682233;-53,849582;"SPRF-MT";"DEL05-MT";"UOP01-DEL05-MT"
748694;2026-01-29;"quinta-feira";"13:30:00";"GO";364;262;"MINEIROS";"Problema com o freio";"Tombamento";"Com Vítimas Feridas";"Pleno dia";"Decrescente";"Céu Claro";"Simples";"Reta";"Não";1;0;1;0;0;0;1;1;-17,665981;-52,241628;"SPRF-GO";"DEL05-GO";"UOP01-DEL05-GO"
748695;2026-01-29;"quinta-feira";"11:00:00";"SC";101;115;"ITAJAI";"Reação tardia ou ineficiente do condutor";"Colisão lateral mesmo sentido";"Com Vítimas Feridas";"Pleno dia";"Decrescente";"Nublado";"Múltipla";"Reta";"Sim";2;0;0;1;0;1;1;2;-26,87579357;-48,7272321;"SPRF-SC";"DEL04-SC";"UOP04-DEL04-SC"
748700;2026-01-29;"quinta-feira";"13:04:00";"RS";386;288,7;"SAO JOSE DO HERVAL";"Velocidade Incompatível";"Colisão lateral sentido oposto";"Com Vítimas Feridas";"Pleno dia";"Decrescente";"Chuva";"Simples";"Curva";"Não";16;0;1;0;14;2;1;5;-29,08771;-52,25556;"SPRF-RS";"DEL04-RS";"UOP03-DEL04-RS"
748701;2026-01-29;"quinta-feira";"13:45:00";"RS";285;495,3;"ENTRE-IJUIS";"Reação tardia ou ineficiente do condutor";"Saída de leito carroçável";"Com Vítimas Feridas";"Pleno dia";"Crescente";"Céu Claro";"Simples";"Reta";"Não";2;0;1;0;0;2;1;3;-28,37685227;-54,25455376;"SPRF-RS";"DEL10-RS";"UOP01-DEL10-RS"
748708;2026-01-29;"quinta-feira";"07:20:00";"RS";290;377,9;"VILA NOVA DO SUL";"Ausência de reação do condutor";"Saída de leito carroçável";"Com Vítimas Feridas";"Pleno dia";"Crescente";"Nublado";"Simples";"Reta";"Não";2;0;0;1;0;1;1;2;-30,350264;-53,942629;"SPRF-RS";"DEL09-RS";"UOP02-DEL09-RS"
748713;2026-01-29;"quinta-feira";"12:50:00";"MT";163;750;"SORRISO";"Acessar a via sem observar a presença dos outros veículos";"Colisão lateral mesmo sentido";"Com Vítimas Feridas";"Pleno dia";"Crescente";"Céu Claro";"Dupla";"Reta";"Não";2;0;0;1;1;0;1;2;-12,57151087;-55,72649628;"SPRF-MT";"DEL06-MT";"UOP01-DEL06-MT"
748716;2026-01-29;"quinta-feira";"14:30:00";"SC";101;91,5;"BALNEARIO PICARRAS";"Condutor deixou de manter distância do veículo da frente";"Colisão traseira";"Com Vítimas Feridas";"Pleno dia";"Crescente";"Nublado";"Dupla";"Reta";"Sim";4;0;2;0;1;1;2;3;-26,74017693;-48,69849868;"SPRF-SC";"DEL03-SC";"UOP02-DEL03-SC"
748724;2026-01-29;"quinta-feira";"13:21:00";"PR";277;679;"MEDIANEIRA";"Reação tardia ou ineficiente do condutor";"Colisão traseira";"Com Vítimas Feridas";"Pleno dia";"Decrescente";"Céu Claro";"Dupla";"Reta;Declive";"Sim";5;0;1;1;3;0;2;4;-25,31449651;-54,15145811;"SPRF-PR";"DEL05-PR";"UOP01-DEL05-PR"