"id";"data_inversa";"dia_semana";"horario";"uf";"br";"km";"municipio";"causa_acidente";"tipo_acidente";"classificacao_acidente";"fase_dia";"sentido_via";"condicao_metereologica";"tipo_pista";"tracado_via";"uso_solo";"pessoas";"mortos";"feridos_leves";"feridos_graves";"ilesos";"ignorados";"feridos";"veiculos";"latitude";"longitude";"regional";"delegacia";"uop"
749046;2026-01-30;"sexta-feira";"23:15:00";"SC";101;210;"SAO JOSE";"Condutor deixou de manter distância do veículo da frente";"Colisão traseira";"Com Vítimas Feridas";"Plena Noite";"Decrescente";"Céu Claro";"Múltipla";"Aclive;Reta";"Sim";2;0;1;0;0;1;1;2;-27,61763484;-48,64631144;"SPRF-SC";"DEL01-SC";"UOP01-DEL01-SC"
749049;2026-01-30;"sexta-feira";"23:45:00";"SC";101;229,6;"PALHOCA";"Demais falhas mecânicas ou elétricas";"Incêndio";"Sem Vítimas";"Plena Noite";"Crescente";"Céu Claro";"Dupla";"Reta";"Não";2;0;0;0;1;1;0;2;-27,77195;-48,633375;"SPRF-SC";"DEL01-SC";"UOP02-DEL01-SC"
749051;2026-01-30;"sexta-feira";"17:00:00";"MT";174;504;"COMODORO";"Ultrapassagem Indevida";"Colisão frontal";"Com Vítimas Fatais";"Pleno dia";"Crescente";"Céu Claro";"Simples";"Reta";"Não";4;1;1;0;0;9;1;11;-13,47143333;-59,84184265;"SPRF-MT";"DEL04-MT";"UOP02-DEL04-MT"
749053;2026-01-30;"sexta-feira";"23:48:00";"CE";20;252,7;"MADALENA";"Transitar no Acostamento";"Colisão traseira";"Com Vítimas Feridas";"Plena Noite";"Decrescente";"Céu Claro";"Simples";"Reta";"Não";4;0;0;1;1;4;1;6;-4,766563;-39,491203;"SPRF-CE";"DEL02-CE";"UOP02-DEL02-CE"
749055;2026-01-30;"sexta-feira";"20:35:00";"RJ";393;125;"SAPUCAIA";"Acumulo de óleo sobre o pavimento";"Colisão com objeto";"Com Vítimas Feridas";"Plena Noite";"Decrescente";"Chuva";"Simples";"Curva";"Sim";2;0;1;0;0;1;1;2;-21,95838168;-42,85582142;"SPRF-RJ";"DEL05-RJ";"UOP01-DEL05-RJ"
749056;2026-01-30;"sexta-feira";"21:00:00";"MT";364;489;"JANGADA";"Ausência de reação do condutor";"Colisão traseira";"Com Vítimas Fatais";"Plena Noite";"Crescente";"Céu Claro";"Simples";"Reta";"Não";5;1;2;0;1;5;2;8;-15,24942081;-56,47117281;"SPRF-MT";"DEL01-MT";"UOP02-DEL01-MT"
749060;2026-01-31;"sábado";"01:50:00";"CE";116;150,2;"RUSSAS";"Carga excessiva e/ou mal acondicionada";"Tombamento";"Com Vítimas Feridas";"Plena Noite";"Decrescente";"Céu Claro";"Simples";"Rotatória";"Não";1;0;1;0;0;0;1;1;-4,8447427;-38,04208629;"SPRF-CE";"DEL03-CE";"UOP01-DEL03-CE"
749069;2026-01-31;"sábado";"03:20:00";"PE";101;184;"PALMARES";"Condutor Dormindo";"Colisão com objeto";"Com Vítimas Fatais";"Plena Noite";"Crescente";"Céu Claro";"Dupla";"Reta";"Sim";3;1;0;0;1;2;0;4;-8,668503;-35,574413;"SPRF-PE";"DEL01-PE";"UOP03-DEL01-PE"
749072;2026-01-31;"sábado";"02:10:00";"PR";277;341;"GUARAPUAVA";"Velocidade Incompatível";"Colisão com objeto";"Com Vítimas Feridas";"Plena Noite";"Crescente";"Céu Claro";"Dupla";"Declive;Curva";"Não";2;0;1;0;0;1;1;2;-25,34074;-51,41374667;"SPRF-PR";"DEL08-PR";"UOP01-DEL08-PR"
749075;2026-01-31;"sábado";"02:05:00";"GO";452;108,2;"BOM JESUS DE GOIAS";"Condutor Dormindo";"Colisão traseira";"Com Vítimas Feridas";"Plena Noite";"Crescente";"Nublado";"Simples";"Reta";"Não";2;0;1;0;0;1;1;2;-18,142255;-49,965448;"SPRF-GO";"DEL03-GO";"UOP02-DEL03-GO"
749076;2026-01-31;"sábado";"05:00:00";"AL";316;265,5;"SATUBA";"Reação tardia ou ineficiente do condutor";"Saída de leito carroçável";"Com Vítimas Feridas";"Amanhecer";"Decrescente";"Céu Claro";"Simples";"Curva";"Não";3;0;0;2;1;0;2;2;-9,587398;-35,856407;"SPRF-AL";"DEL02-AL";"UOP01-DEL02-AL"
749080;2026-01-31;"sábado";"04:55:00";"SC";101;150,2;"ITAPEMA";"Ingestão de álcool pelo condutor";"Colisão traseira";"Sem Vítimas";"Amanhecer";"Decrescente";"Céu Claro";"Múltipla";"Reta";"Sim";2;0;0;0;2;0;0;2;-27,120163;-48,609187;"SPRF-SC";"DEL04-SC";"UOP03-DEL04-SC"
749084;2026-01-31;"sábado";"05:41:00";"PR";277;2,8;"PARANAGUA";"Reação tardia ou ineficiente do condutor";"Colisão transversal";"Com Vítimas Feridas";"Amanhecer";"Crescente";"Céu Claro";"Simples";"Reta;Interseção de Vias";"Sim";2;0;0;1;1;0;1;2;-25,54628342;-48,56017565;"SPRF-PR";"DEL01-PR";"UOP05-DEL01-PR"
749085;2026-01-30;"sexta-feira";"18:00:00";"PR";373;181;"PONTA GROSSA";"Ingestão de álcool pelo condutor";"Saída de leito carroçável";"Com Vítimas Feridas";"Pleno dia";"Decrescente";"Céu Claro";"Simples";"Declive;Curva";"Não";2;0;1;0;0;1;1;2;-25,04304139;-50,25875899;"SPRF-PR";"DEL03-PR";"UOP01-DEL03-PR"
749089;2026-01-31;"sábado";"06:00:00";"PE";101;163,4;"AGUA PRETA";"Ausência de reação do condutor";"Saída de leito carroçável";"Com Vítimas Fatais";"Pleno dia";"Decrescente";"Céu Claro";"Dupla";"Curva";"Não";2;1;0;0;0;1;0;2;-8,5536;-35,44952;"SPRF-PE";"DEL01-PE";"UOP03-DEL01-PE"
749090;2026-01-31;"sábado";"03:45:00";"GO";153;110;"SANTA TEREZA DE GOIAS";"Ausência de reação do condutor";"Saída de leito carroçável";"Com Vítimas Fatais";"Plena Noite";"Crescente";"Nublado";"Dupla";"Aclive;Curva";"Não";3;2;0;0;0;2;0;3;-13,742921;-49,03072;"SPRF-GO";"DEL07-GO";"UOP01-DEL07-GO"
749091;2026-01-31;"sábado";"05:50:00";"PR";277;243;"IRATI";"Suicídio (presumido)";"Colisão frontal";"Com Vítimas Fatais";"Amanhecer";"Decrescente";"Céu Claro";"Simples";"Reta";"Sim";4;1;0;0;2;1;0;3;-25,46037705;-50,60308528;"SPRF-PR";"DEL08-PR";"UOP02-DEL08-PR"
749092;2026-01-30;"sexta-feira";"19:30:00";"RJ";40;35;"AREAL";"Velocidade Incompatível";"Colisão traseira";"Com Vítimas Feridas";"Plena Noite";"Crescente";"Chuva";"Dupla";"Curva";"Não";2;0;1;0;1;0;1;2;-22,21331153;-43,13421249;"SPRF-RJ";"DEL05-RJ";"UOP02-DEL05-RJ"
749096;2026-01-31;"sábado";"06:20:00";"ES";101;285,9;"CARIACICA";"Condutor deixou de manter distância do veículo da frente";"Colisão traseira";"Com Vítimas Feridas";"Pleno dia";"Crescente";"Nublado";"Dupla";"Declive;Curva";"Não";3;0;1;0;1;1;1;3;-20,25757391;-40,37733603;"SPRF-ES";"DEL01-ES";"UOP01-DEL01-ES"
749106;2026-01-31;"sábado";"07:00:00";"SP";116;148;"SAO JOSE DOS CAMPOS";"Reação tardia ou ineficiente do condutor";"Colisão lateral mesmo sentido";"Com Vítimas Feridas";"Pleno dia";"Decrescente";"Sol";"Dupla";"Reta";"Sim";5;0;2;0;2;1;2;4;-23,21031273;-45,88987827;"SPRF-SP";"DEL02-SP";"UOP01-DEL02-SP"
749107;2026-01-20;"terça-feira";"06:40:00";"PR";153;34;"SANTO ANTONIO DA PLATINA";"Velocidade Incompatível";"Saída de leito carroçável";"Com Vítimas Fatais";"Pleno dia";"Crescente";"Céu Claro";"Simples";"Curva;Declive";"Não";2;1;0;0;0;1;0;2;-23,24405314;-50,03876352;"SPRF-PR";"DEL07-PR";"UOP04-DEL07-PR"
749121;2026-01-31;"sábado";"06:31:00";"BA";116;886,5;"CANDIDO SALES";"Reação tardia ou ineficiente do condutor";"Colisão traseira";"Com Vítimas Feridas";"Pleno dia";"Crescente";"Céu Claro";"Simples";"Reta;Declive";"Não";5;0;1;0;3;2;1;5;-15,337309;-41,160433;"SPRF-BA";"DEL08-BA";"UOP03-DEL08-BA"
749125;2026-01-31;"sábado";"09:15:00";"MG";365;681;"MONTE ALEGRE DE MINAS";"Condutor Dormindo";"Colisão lateral mesmo sentido";"Com Vítimas Feridas";"Pleno dia";"Crescente";"Céu Claro";"Dupla";"Reta";"Não";3;0;1;0;1;1;1;3;-18,849855;-48,828915;"SPRF-MG";"DEL15-MG";"UOP01-DEL15-MG"
749126;2026-01-31;"sábado";"09:45:00";"PB";230;1,3;"CABEDELO";"Condutor Dormindo";"Colisão frontal";"Com Vítimas Feridas";"Pleno dia";"Crescente";"Céu Claro";"Simples";"Reta";"Sim";3;0;0;1;1;1;1;3;-6,97964567;-34,83056456;"SPRF-PB";"DEL01-PB";"UOP01-DEL01-PB"
749130;2026-01-31;"sábado";"09:30:00";"PR";272;379;"CAMPO MOURAO";"Avarias e/ou desgaste excessivo no pneu";"Saída de leito carroçável";"Com Vítimas Feridas";"Pleno dia";"Crescente";"Céu Claro";"Simples";"Declive;Reta";"Não";1;0;1;0;0;0;1;1;-24,062148;-52,510642;"SPRF-PR";"DEL09-PR";"UOP03-DEL09-PR"
749157;2026-01-31;"sábado";"11:10:00";"BA";116;843;"VITORIA DA CONQUISTA";"Reação tardia ou ineficiente do condutor";"Engavetamento";"Com Vítimas Feridas";"Pleno dia";"Crescente";"Céu Claro";"Simples";"Reta;Aclive";"Não";42;0;1;0;40;2;1;5;-15,008658;-40,940883;"SPRF-BA";"DEL08-BA";"UOP01-DEL08-BA"
749158;2026-01-31;"sábado";"06:51:00";"RO";364;283;"PRESIDENTE MEDICI";"Transitar na contramão";"Colisão frontal";"Com Vítimas Fatais";"Pleno dia";"Decrescente";"Céu Claro";"Simples";"Reta";"Não";6;2;0;2;1;4;2;7;-11,370515;-61,832068;"SPRF-RO";"DEL02-RO";"UOP01-DEL02-RO"
749163;2026-01-31;"sábado";"13:20:00";"SC";101;148,9;"ITAPEMA";"Reação tardia ou ineficiente do condutor";"Colisão traseira";"Com Vítimas Feridas";"Pleno dia";"Decrescente";"Céu Claro";"Dupla";"Reta;Aclive";"Sim";6;0;1;1;3;3;2;7;-27,10706;-48,61426;"SPRF-SC";"DEL04-SC";"UOP03-DEL04-SC"
749166;2026-01-31;"sábado";"12:15:00";"SC";101;141,5;"BALNEARIO CAMBORIU";"Demais falhas mecânicas ou elétricas";"Incêndio";"Sem Vítimas";"Pleno dia";"Crescente";"Céu Claro";"Dupla";"Declive";"Não";2;0;0;0;1;1;0;2;-27,05066;-48,59927;"SPRF-SC";"DEL04-SC";"UOP03-DEL04-SC"
749172;2026-01-31;"sábado";"13:50:00";"RJ";116;81,7;"TERESOPOLIS";"Acessar a via sem observar a presença dos outros veículos";"Colisão transversal";"Com Vítimas Feridas";"Pleno dia";"Decrescente";"Céu Claro";"Simples";"Declive;Reta;Retorno Regulamentado";"Não";3;0;1;0;1;1;1;3;-22,399301;-42,95499;"SPRF-RJ";"DEL04-RJ";"UOP01-DEL04-RJ"
749181;2026-01-31;"sábado";"14:25:00";"PE";232;90,5;"SAIRE";"Ausência de reação do condutor";"Colisão traseira";"Com Vítimas Feridas";"Pleno dia";"Decrescente";"Sol";"Dupla";"Reta";"Não";2;0;1;0;0;1;1;2;-8,21742521;-35,65535244;"SPRF-PE";"DEL02-PE";"UOP03-DEL02-PE"
749185;2026-01-31;"sábado";"15:03:00";"MG";40;462,8;"SETE LAGOAS";"Pista Escorregadia";"Saída de leito carroçável";"Com Vítimas Feridas";"Pleno dia";"Crescente";"Chuva";"Dupla";"Reta;Declive";"Não";1;0;1;0;0;0;1;1;-19,41898;-44,33933;"SPRF-MG";"DEL02-MG";"UOP01-DEL02-MG"
749191;2026-01-31;"sábado";"09:30:00";"BA";324;518;"FEIRA DE SANTANA";"Condutor deixou de manter distância do veículo da frente";"Colisão traseira";"Com Vítimas Feridas";"Pleno dia";"Decrescente";"Céu Claro";"Dupla";"Reta";"Não";3;0;0;1;1;1;1;3;-12,276638;-38,929481;"SPRF-BA";"DEL02-BA";"UOP01-DEL02-BA"
749196;2026-01-31;"sábado";"15:19:00";"SC";282;118;"ALFREDO WAGNER";"Reação tardia ou ineficiente do condutor";"Colisão frontal";"Com Vítimas Feridas";"Pleno dia";"Crescente";"Chuva";"Simples";"Curva";"Não";4;0;1;0;1;2;1;4;-27,77732;-49,41185;"SPRF-SC";"DEL05-SC";"UOP01-DEL05-SC"
749205;2026-01-31;"sábado";"13:30:00";"MA";10;367;"ITINGA DO MARANHAO";"Ultrapassagem Indevida";"Colisão frontal";"Com Vítimas Feridas";"Pleno dia";"Crescente";"Céu Claro";"Simples";"Declive;Reta";"Não";3;0;0;1;1;1;1;3;-4,53819;-47,49939;"SPRF-MA";"DEL04-MA";"UOP03-DEL04-MA"
749222;2026-01-31;"sábado";"15:00:00";"PR";369;423,8;"UBIRATA";"Ultrapassagem Indevida";"Colisão frontal";"Com Vítimas Fatais";"Pleno dia";"Crescente";"Sol";"Simples";"Reta";"Não";7;1;0;4;2;0;4;3;-24,516598;-52,930453;"SPRF-PR";"DEL04-PR";"UOP03-DEL04-PR"
749223;2026-01-31;"sábado";"12:10:00";"GO";364;282;"MINEIROS";"Condutor Dormindo";"Colisão lateral sentido oposto";"Com Vítimas Feridas";"Pleno dia";"Decrescente";"Céu Claro";"Simples";"Reta";"Não";5;0;3;0;1;2;3;4;-17,616578;-52,404365;"SPRF-GO";"DEL05-GO";"UOP01-DEL05-GO"
749225;2026-01-16;"sexta-feira";"03:30:00";"MG";153;141;"PRATA";"Transitar na contramão";"Colisão lateral sentido oposto";"Com Vítimas Feridas";"Plena Noite";"Decrescente";"Chuva";"Simples";"Curva";"Não";4;0;3;0;0;1;3;4;-19,577802;-48,824955;"SPRF-MG";"DEL15-MG";"UOP03-DEL15-MG"
749227;2026-01-31;"sábado";"19:00:00";"ES";101;98,7;"JAGUARE";"Transitar na contramão";"Colisão frontal";"Com Vítimas Fatais";"Plena Noite";"Decrescente";"Céu Claro";"Simples";"Reta";"Não";6;1;0;1;2;2;1;4;-18,94646811;-39,97870892;"SPRF-ES";"DEL04-ES";"UOP02-DEL04-ES"
749235;2026-01-31;"sábado";"18:55:00";"SP";116;165;"JACAREI";"Velocidade Incompatível";"Engavetamento";"Com Vítimas Feridas";"Plena Noite";"Decrescente";"Nublado";"Dupla";"Reta;Declive";"Sim";5;0;1;0;2;3;1;5;-23,29673229;-46,00730745;"SPRF-SP";"DEL02-SP";"UOP01-DEL02-SP"
749236;2026-01-31;"sábado";"18:40:00";"MG";153;13;"ARAPORA";"Demais falhas mecânicas ou elétricas";"Incêndio";"Sem Vítimas";"Anoitecer";"Decrescente";"Nublado";"Dupla";"Reta";"Não";2;0;0;0;1;2;0;3;-18,533323;-49,192185;"SPRF-MG";"DEL15-MG";"UOP03-DEL15-MG"
749242;2026-01-31;"sábado";"18:20:00";"MS";267;391,5;"MARACAJU";"Acessar a via sem observar a presença dos outros veículos";"Colisão transversal";"Com Vítimas Fatais";"Anoitecer";"Decrescente";"Nublado";"Simples";"Reta";"Não";6;3;0;1;1;1;1;3;-21,6160884;-55,3957821;"SPRF-MS";"DEL05-MS";"UOP01-DEL05-MS"
749243;2026-01-31;"sábado";"18:15:00";"MG";116;563,4;"MANHUACU";"Reação tardia ou ineficiente do condutor";"Colisão frontal";"Com Vítimas Fatais";"Anoitecer";"Crescente";"Céu Claro";"Simples";"Reta;Aclive";"Não";3;1;0;0;1;1;0;3;-20,06491;-42,173293;"SPRF-MG";"DEL06-MG";"UOP03-DEL06-MG"
749248;2026-01-31;"sábado";"20:50:00";"MG";50;56;"UBERLANDIA";"Ausência de reação do condutor";"Colisão traseira";"Sem Vítimas";"Plena Noite";"Crescente";"Céu Claro";"Dupla";"Aclive";"Não";3;0;0;0;1;4;0;5;-18,784616;-48,232047;"SPRF-MG";"DEL15-MG";"UOP02-DEL15-MG"
749261;2026-01-31;"sábado";"21:20:00";"TO";153;97;"WANDERLANDIA";"Demais falhas mecânicas ou elétricas";"Incêndio";"Sem Vítimas";"Plena Noite";"Crescente";"Nublado";"Simples";"Reta";"Não";2;0;0;0;1;2;0;3;-6,887727;-48,001445;"SPRF-TO";"DEL02-TO";"UOP01-DEL02-TO"
749262;2026-01-31;"sábado";"19:40:00";"BA";101;844;"VEREDA";"Transitar na contramão";"Colisão lateral sentido oposto";"Com Vítimas Feridas";"Plena Noite";"Decrescente";"Nublado";"Simples";"Reta";"Não";5;0;0;3;1;1;3;3;-17,27010366;-39,63576028;"SPRF-BA";"DEL09-BA";"UOP02-DEL09-BA"
749268;2026-01-31;"sábado";"22:40:00";"PR";277;29,2;"MORRETES";"Condutor Dormindo";"Colisão traseira";"Com Vítimas Feridas";"Plena Noite";"Crescente";"Nublado";"Dupla";"Viaduto;Aclive;Reta";"Não";4;0;0;1;2;2;1;4;-25,547858;-48,791476;"SPRF-PR";"DEL01-PR";"UOP05-DEL01-PR"
749270;2026-01-31;"sábado";"21:45:00";"MG";116;374,6;"FREI INOCENCIO";"Transitar na contramão";"Colisão frontal";"Sem Vítimas";"Plena Noite";"Decrescente";"Nublado";"Simples";"Reta";"Sim";2;0;0;0;1;1;0;2;-18,571115;-41,9101174;"SPRF-MG";"DEL06-MG";"UOP01-DEL06-MG"
749272;2026-01-31;"sábado";"23:00:00";"MG";365;5,6;"MONTES CLAROS";"Velocidade Incompatível";"Tombamento";"Com Vítimas Feridas";"Pleno dia";"Decrescente";"Nublado";"Simples";"Curva;Declive";"Não";2;0;1;0;0;1;1;2;-16,7581549;-43,8710533;"SPRF-MG";"DEL12-MG";"UOP01-DEL12-MG"
749310;2026-01-13;"terça-feira";"08:30:00";"BA";101;251;"CONCEICAO DO ALMEIDA";"Acessar a via sem observar a presença dos outros veículos";"Colisão transversal";"Com Vítimas Feridas";"Pleno dia";"Decrescente";"Céu Claro";"Simples";"Reta";"Não";2;0;0;1;1;0;1;2;-12,89069652;-39,22927022;"SPRF-BA";"DEL01-BA";"UOP02-DEL01-BA"
749341;2026-01-24;"sábado";"00:10:00";"BA";324;623;"SALVADOR";"Ausência de reação do condutor";"Engavetamento";"Com Vítimas Feridas";"Plena Noite";"Decrescente";"Céu Claro";"Dupla";"Reta";"Sim";4;0;2;1;1;0;3;3;-12,93478967;-38,4720226;"SPRF-BA";"DEL01-BA";"UOP01-DEL01-BA"
749346;2026-01-17;"sábado";"09:40:00";"BA";324;531;"FEIRA DE SANTANA";"Pista Escorregadia";"Colisão lateral mesmo sentido";"Com Vítimas Feridas";"Pleno dia";"Crescente";"Nublado";"Dupla";"Reta";"Não";2;0;0;1;0;1;1;2;-12,34229978;-38,84414256;"SPRF-BA";"DEL01-BA";"UOP03-DEL01-BA"
749363;2026-01-28;"quarta-feira";"21:45:00";"SC";470;138;"RIO DO SUL";"Condutor deixou de manter distância do veículo da frente";"Colisão traseira";"Com Vítimas Feridas";"Plena Noite";"Decrescente";"Chuva";"Simples";"Reta;Interseção de Vias;Retorno Regulamentado";"Sim";2;0;1;0;0;1;1;2;-27,19966398;-49,63068215;"SPRF-SC";"DEL04-SC";"UOP02-DEL04-SC"
749569;2026-01-25;"domingo";"21:30:00";"BA";324;477;"TANQUINHO";"Condutor Dormindo";"Colisão com objeto";"Com Vítimas Feridas";"Plena Noite";"Decrescente";"Céu Claro";"Simples";"Curva";"Não";2;0;0;1;0;1;1;2;-11,98341343;-39,08448368;"SPRF-BA";"DEL02-BA";"UOP01-DEL02-BA"
749627;2026-01-07;"quarta-feira";"19:00:00";"PA";230;707;"BRASIL NOVO";"Ausência de reação do condutor";"Colisão transversal";"Com Vítimas Fatais";"Plena Noite";"Decrescente";"Ignorado";"Simples";"Reta";"Não";3;1;0;0;1;1;0;3;-3,34531;-52,60737;"SPRF-PA";"DEL04-PA";"UOP01-DEL04-PA"
749983;2026-01-19;"segunda-feira";"00:23:00";"ES";101;146,8;"LINHARES";"Condutor desrespeitou a iluminação vermelha do semáforo";"Colisão transversal";"Com Vítimas Fatais";"Plena Noite";"Decrescente";"Céu Claro";"Dupla";"Interseção de Vias";"Sim";4;1;0;0;0;3;0;4;-19,37548839;-40,06601265;"SPRF-ES";"DEL04-ES";"UOP01-DEL04-ES"
750060;2026-01-06;"terça-feira";"07:30:00";"PB";412;35;"SAO JOAO DO CARIRI";"Ausência de reação do condutor";"Colisão traseira";"Com Vítimas Fatais";"Pleno dia";"Crescente";"Céu Claro";"Simples";"Reta";"Não";3;1;0;1;0;1;1;2;-7,315185;-36,362035;"SPRF-PB";"DEL02-PB";"UOP02-DEL02-PB"
750173;2026-01-24;"sábado";"22:00:00";"RJ";116;169;"RIO DE JANEIRO";"Deficiência do Sistema de Iluminação/Sinalização";"Colisão lateral mesmo sentido";"Com Vítimas Feridas";"Plena Noite";"Crescente";"Chuva";"Múltipla";"Viaduto;Em Obras;Interseção de Vias";"Sim";2;0;1;0;1;0;1;2;-22,8190237;-43,3183172;"SPRF-RJ";"DEL06-RJ";"UOP01-DEL06-RJ"
750202;2026-01-16;"sexta-feira";"12:30:00";"PR";277;30;"MORRETES";"Acessar a via sem observar a presença dos outros veículos";"Colisão lateral mesmo sentido";"Com Vítimas Feridas";"Pleno dia";"Crescente";"Ignorado";"Dupla";"Reta;Viaduto";"Não";3;0;1;0;1;2;1;4;-25,551578;-48,798115;"SPRF-PR";"DEL01-PR";"UOP05-DEL01-PR"
750221;2026-01-16;"sexta-feira";"13:41:00";"MT";364;252;"JUSCIMEIRA";"Condutor deixou de manter distância do veículo da frente";"Colisão traseira";"Com Vítimas Feridas";"Pleno dia";"Decrescente";"Céu Claro";"Dupla";"Aclive;Reta";"Não";2;0;0;1;0;1;1;2;-16,10381;-54,86357;"SPRF-MT";"DEL02-MT";"UOP01-DEL02-MT"
750270;2026-01-30;"sexta-feira";"07:42:00";"SP";116;219;"GUARULHOS";"Reação tardia ou ineficiente do condutor";"Colisão traseira";"Com Vítimas Feridas";"Pleno dia";"Decrescente";"Céu Claro";"Múltipla";"Reta";"Não";2;0;1;0;1;0;1;2;-23,4603532;-46,48607195;"SPRF-SP";"DEL01-SP";"UOP01-DEL01-SP"
750279;2026-01-24;"sábado";"12:44:00";"PI";343;317;"ALTOS";"Condutor deixou de manter distância do veículo da frente";"Colisão traseira";"Com Vítimas Feridas";"Pleno dia";"Crescente";"Sol";"Simples";"Curva;Aclive";"Não";3;0;1;0;1;1;1;3;-5,043907;-42,552498;"SPRF-PI";"DEL01-PI";"UOP01-DEL01-PI"
750383;2026-01-29;"quinta-feira";"14:45:00";"SC";282;112;"ALFREDO WAGNER";"Velocidade Incompatível";"Colisão lateral sentido oposto";"Com Vítimas Feridas";"Pleno dia";"Crescente";"Chuva";"Simples";"Curva;Aclive";"Não";6;0;2;2;1;1;4;3;-27,732822;-49,371183;"SPRF-SC";"DEL01-SC";"UOP03-DEL01-SC"
750385;2026-01-20;"terça-feira";"11:28:00";"PE";101;51;"ABREU E LIMA";"Reação tardia ou ineficiente do condutor";"Colisão traseira";"Com Vítimas Feridas";"Pleno dia";"Decrescente";"Céu Claro";"Múltipla";"Reta";"Não";5;0;0;2;2;1;2;4;-7,90606147;-34,90141869;"SPRF-PE";"DEL01-PE";"UOP02-DEL01-PE"
750445;2026-01-06;"terça-feira";"17:30:00";"SC";101;114,3;"ITAJAI";"Trafegar com motocicleta (ou similar) entre as faixas";"Tombamento";"Com Vítimas Fatais";"Pleno dia";"Decrescente";"Céu Claro";"Múltipla";"Reta";"Sim";5;1;0;1;2;2;1;5;-26,86486;-48,72945;"SPRF-SC";"DEL04-SC";"UOP04-DEL04-SC"
750687;2026-01-30;"sexta-feira";"19:45:00";"MT";70;514;"VARZEA GRANDE";"Transitar no Acostamento";"Colisão lateral mesmo sentido";"Com Vítimas Feridas";"Plena Noite";"Crescente";"Céu Claro";"Simples";"Reta;Em Obras";"Sim";3;0;0;1;1;3;1;5;-15,70604176;-56,13363183;"SPRF-MT";"DEL01-MT";"UOP02-DEL01-MT"
750796;2026-01-30;"sexta-feira";"12:20:00";"RJ";393;153;"TRES RIOS";"Demais falhas mecânicas ou elétricas";"Atropelamento de Pedestre";"Com Vítimas Feridas";"Pleno dia";"Decrescente";"Céu Claro";"Simples";"Reta";"Não";1;0;1;0;0;0;1;1;-22,0886175;-43,060652;"SPRF-RJ";"DEL05-RJ";"UOP01-DEL05-RJ"
751112;2026-01-29;"quinta-feira";"06:10:00";"SC";282;38,5;"AGUAS MORNAS";"Ingestão de álcool pelo condutor";"Colisão lateral sentido oposto";"Sem Vítimas";"Pleno dia";"Decrescente";"Céu Claro";"Simples";"Reta;Declive";"Sim";5;0;0;0;4;1;0;5;-27,71543524;-48,86848998;"SPRF-SC";"DEL01-SC";"UOP03-DEL01-SC"
751119;2026-01-15;"quinta-feira";"17:50:00";"BA";116;418;"FEIRA DE SANTANA";"Ultrapassagem Indevida";"Colisão transversal";"Com Vítimas Feridas";"Anoitecer";"Crescente";"Ignorado";"Simples";"Reta;Aclive";"Sim";2;0;1;0;1;0;1;2;-12,19863962;-38,96545798;"SPRF-BA";"DEL02-BA";"UOP01-DEL02-BA"
751198;2026-01-28;"quarta-feira";"11:56:00";"RO";364;72;"VILHENA";"Ultrapassagem Indevida";"Colisão lateral mesmo sentido";"Com Vítimas Feridas";"Pleno dia";"Crescente";"Sol";"Simples";"Curva";"Não";5;0;0;1;3;2;1;4;-12,46444016;-60,49995214;"SPRF-RO";"DEL04-RO";"UOP01-DEL04-RO"
751315;2026-01-31;"sábado";"15:20:00";"BA";101;584,9;"CAMACAN";"Ausência de reação do condutor";"Colisão frontal";"Com Vítimas Feridas";"Pleno dia";"Decrescente";"Céu Claro";"Simples";"Reta";"Não";2;0;0;1;1;0;1;2;-15,393351;-39,476586;"SPRF-BA";"DEL05-BA";"UOP02-DEL05-BA"
751545;2026-01-14;"quarta-feira";"10:20:00";"MG";381;945,6;"EXTREMA";"Velocidade Incompatível";"Colisão traseira";"Com Vítimas Feridas";"Pleno dia";"Crescente";"Sol";"Dupla";"Reta;Declive";"Não";11;0;1;0;9;2;1;7;-22,85940923;-46,34063244;"SPRF-MG";"DEL16-MG";"UOP03-DEL16-MG"
751581;2026-01-23;"sexta-feira";"05:40:00";"ES";101;388,5;"RIO NOVO DO SUL";"Reação tardia ou ineficiente do condutor";"Colisão lateral sentido oposto";"Com Vítimas Feridas";"Pleno dia";"Crescente";"Chuva";"Simples";"Curva";"Não";5;0;2;0;1;2;2;5;-20,86076;-40,87616;"SPRF-ES";"DEL03-ES";"UOP02-DEL03-ES"
751605;2026-01-02;"sexta-feira";"14:13:00";"BA";324;513;"FEIRA DE SANTANA";"Pedestre cruzava a pista fora da faixa";"Atropelamento de Pedestre";"Com Vítimas Feridas";"Pleno dia";"Crescente";"Ignorado";"Simples";"Reta";"Sim";2;0;0;1;1;0;1;2;-12,23064166;-38,96095276;"SPRF-BA";"DEL02-BA";"UOP01-DEL02-BA"
751645;2026-01-25;"domingo";"12:25:00";"PR";277;504,5;"GUARANIACU";"Ausência de reação do condutor";"Tombamento";"Com Vítimas Feridas";"Pleno dia";"Crescente";"Sol";"Simples";"Curva";"Não";2;0;1;0;0;1;1;2;-25,143701;-52,702028;"SPRF-PR";"DEL04-PR";"UOP04-DEL04-PR"