"id";"data_inversa";"dia_semana";"horario";"uf";"br";"km";"municipio";"causa_acidente";"tipo_acidente";"classificacao_acidente";"fase_dia";"sentido_via";"condicao_metereologica";"tipo_pista";"tracado_via";"uso_solo";"pessoas";"mortos";"feridos_leves";"feridos_graves";"ilesos";"ignorados";"feridos";"veiculos";"latitude";"longitude";"regional";"delegacia";"uop"
751657;2026-01-22;"quinta-feira";"21:15:00";"MG";50;72;"UBERLANDIA";"Desrespeitar a preferência no cruzamento";"Colisão transversal";"Com Vítimas Feridas";"Plena Noite";"Crescente";"Chuva";"Dupla";"Interseção de Vias";"Não";2;0;1;0;1;0;1;2;-18,90306796;-48,2356867;"SPRF-MG";"DEL15-MG";"UOP01-DEL15-MG"
751849;2026-01-31;"sábado";"16:00:00";"BA";116;490,9;"RAFAEL JAMBEIRO";"Reação tardia ou ineficiente do condutor";"Colisão traseira";"Com Vítimas Feridas";"Pleno dia";"Decrescente";"Céu Claro";"Dupla";"Declive";"Não";5;0;1;1;2;1;2;4;-12,56756;-39,48741;"SPRF-BA";"DEL02-BA";"UOP01-DEL02-BA"
751851;2026-01-21;"quarta-feira";"06:47:00";"MG";262;91;"ABRE CAMPO";"Ausência de reação do condutor";"Colisão traseira";"Com Vítimas Feridas";"Pleno dia";"Crescente";"Chuva";"Simples";"Reta";"Não";2;0;0;1;1;0;1;2;-20,32695;-42,471827;"SPRF-MG";"DEL03-MG";"UOP03-DEL03-MG"
752561;2026-01-11;"domingo";"04:00:00";"AM";174;945;"MANAUS";"Condutor Dormindo";"Saída de leito carroçável";"Sem Vítimas";"Plena Noite";"Decrescente";"Céu Claro";"Simples";"Curva";"Não";1;0;0;0;1;0;0;1;-2,4497;-60,02491;"SPRF-AM";"DEL01-AM";"UOP01-DEL01-AM"
752608;2026-01-18;"domingo";"14:45:00";"SC";282;508;"XANXERE";"Transitar na contramão";"Colisão lateral sentido oposto";"Com Vítimas Fatais";"Pleno dia";"Crescente";"Chuva";"Simples";"Declive;Curva";"Não";5;1;2;0;1;1;2;3;-26,88550618;-52,44488955;"SPRF-SC";"DEL07-SC";"UOP01-DEL07-SC"
752723;2026-01-15;"quinta-feira";"19:16:00";"TO";153;591;"SANTA RITA DO TOCANTINS";"Falta de acostamento";"Colisão traseira";"Com Vítimas Fatais";"Plena Noite";"Decrescente";"Céu Claro";"Simples";"Reta";"Não";34;1;2;2;28;1;4;3;-11,01822;-48,90821;"SPRF-TO";"DEL01-TO";"UOP01-DEL01-TO"
752770;2026-01-23;"sexta-feira";"08:00:00";"TO";153;203;"NOVA OLINDA";"Condutor Dormindo";"Saída de leito carroçável";"Sem Vítimas";"Pleno dia";"Decrescente";"Nublado";"Simples";"Reta";"Não";2;0;0;0;0;2;0;2;-7,680293;-48,429825;"SPRF-TO";"DEL02-TO";"UOP01-DEL02-TO"
753152;2026-01-14;"quarta-feira";"04:00:00";"BA";110;375;"CATU";"Ausência de reação do condutor";"Saída de leito carroçável";"Com Vítimas Feridas";"Plena Noite";"Decrescente";"Céu Claro";"Simples";"Curva;Declive";"Não";2;0;1;0;0;1;1;2;-12,41394505;-38,47343445;"SPRF-BA";"DEL01-BA";"UOP01-DEL01-BA"
753342;2026-01-14;"quarta-feira";"17:14:00";"PR";376;183;"SARANDI";"Manobra de mudança de faixa";"Colisão lateral mesmo sentido";"Com Vítimas Feridas";"Pleno dia";"Decrescente";"Ignorado";"Dupla";"Reta";"Sim";2;0;1;0;1;0;1;2;-23,43608729;-51,88014356;"SPRF-PR";"DEL09-PR";"UOP01-DEL09-PR"
753362;2026-01-18;"domingo";"03:30:00";"MG";116;710;"MURIAE";"Velocidade Incompatível";"Tombamento";"Com Vítimas Feridas";"Plena Noite";"Decrescente";"Céu Claro";"Simples";"Declive;Curva";"Não";3;0;0;1;0;2;1;3;-21,178425;-42,372915;"SPRF-MG";"DEL07-MG";"UOP02-DEL07-MG"
753381;2026-01-25;"domingo";"16:10:00";"PA";155;248;"ELDORADO DO CARAJAS";"Condutor deixou de manter distância do veículo da frente";"Colisão traseira";"Com Vítimas Feridas";"Pleno dia";"Crescente";"Céu Claro";"Simples";"Reta";"Não";4;0;1;0;2;5;1;8;-6,12708;-49,3585;"SPRF-PA";"DEL03-PA";"UOP01-DEL03-PA"
753515;2026-01-15;"quinta-feira";"18:56:00";"PA";163;239;"NOVO PROGRESSO";"Reação tardia ou ineficiente do condutor";"Colisão com objeto";"Com Vítimas Feridas";"Anoitecer";"Crescente";"Ignorado";"Simples";"Reta";"Não";2;0;2;0;0;0;2;2;-7,6091511;-55,2367836;"SPRF-PA";"DEL05-PA";"UOP03-DEL05-PA"
753543;2026-01-29;"quinta-feira";"16:00:00";"AM";174;885;"MANAUS";"Ausência de reação do condutor";"Colisão traseira";"Com Vítimas Feridas";"Pleno dia";"Crescente";"Céu Claro";"Simples";"Reta";"Sim";4;0;1;0;3;0;1;3;-2,968;-60,119;"SPRF-AM";"DEL01-AM";"UOP01-DEL01-AM"
753557;2026-01-17;"sábado";"12:30:00";"PR";153;469;"PORTO VITORIA";"Velocidade Incompatível";"Tombamento";"Com Vítimas Feridas";"Pleno dia";"Crescente";"Céu Claro";"Simples";"Curva";"Não";2;0;1;0;0;1;1;2;-26,2889867;-51,1991464;"SPRF-PR";"DEL02-PR";"UOP03-DEL02-PR"
753816;2026-01-21;"quarta-feira";"15:44:00";"PA";163;313;"NOVO PROGRESSO";"Ausência de reação do condutor";"Colisão lateral sentido oposto";"Sem Vítimas";"Pleno dia";"Decrescente";"Ignorado";"Simples";"Reta";"Sim";4;0;0;0;0;9;0;9;-7,02022739;-55,42119741;"SPRF-PA";"DEL05-PA";"UOP03-DEL05-PA"
753818;2026-01-29;"quinta-feira";"06:10:00";"PR";277;476,9;"NOVA LARANJEIRAS";"Condutor Dormindo";"Colisão frontal";"Com Vítimas Feridas";"Pleno dia";"Decrescente";"Céu Claro";"Simples";"Reta;Declive";"Não";8;0;3;1;4;0;4;5;-25,305487;-52,556724;"SPRF-PR";"DEL04-PR";"UOP02-DEL04-PR"
754224;2026-01-29;"quinta-feira";"13:00:00";"PR";476;240,3;"LAPA";"Transitar na contramão";"Colisão frontal";"Com Vítimas Feridas";"Pleno dia";"Decrescente";"Chuva";"Simples";"Curva";"Não";6;0;0;4;2;0;4;2;-25,78258031;-49,8449707;"SPRF-PR";"DEL02-PR";"UOP03-DEL02-PR"
754269;2026-01-28;"quarta-feira";"11:45:00";"DF";70;16,5;"BRASILIA";"Ultrapassagem Indevida";"Colisão traseira";"Com Vítimas Feridas";"Pleno dia";"Decrescente";"Céu Claro";"Dupla";"Reta;Aclive";"Não";3;0;2;0;1;0;2;3;-15,793685;-48,203493;"SPRF-DF";"DEL03-DF";"UOP02-DEL03-DF"
754281;2026-01-06;"terça-feira";"11:13:00";"PB";230;21,9;"JOAO PESSOA";"Reação tardia ou ineficiente do condutor";"Colisão traseira";"Sem Vítimas";"Pleno dia";"Crescente";"Sol";"Dupla";"Reta";"Sim";2;0;0;0;2;0;0;2;-7,1507121;-34,8523877;"SPRF-PB";"DEL01-PB";"UOP01-DEL01-PB"
754360;2026-01-07;"quarta-feira";"09:40:00";"SC";101;101,2;"BALNEARIO PICARRAS";"Ausência de reação do condutor";"Engavetamento";"Com Vítimas Feridas";"Pleno dia";"Crescente";"Sol";"Múltipla";"Reta;Declive";"Não";7;0;2;0;4;2;2;7;-26,769603;-48,68623344;"SPRF-SC";"DEL03-SC";"UOP02-DEL03-SC"
754362;2026-01-20;"terça-feira";"13:30:00";"RS";116;361;"SENTINELA DO SUL";"Ausência de reação do condutor";"Colisão traseira";"Com Vítimas Feridas";"Pleno dia";"Crescente";"Céu Claro";"Dupla";"Reta";"Não";3;0;1;0;1;3;1;5;-30,62708419;-51,5473029;"SPRF-RS";"DEL02-RS";"UOP02-DEL02-RS"
754369;2026-01-23;"sexta-feira";"13:10:00";"SC";282;454;"PONTE SERRADA";"Velocidade Incompatível";"Tombamento";"Com Vítimas Feridas";"Pleno dia";"Decrescente";"Céu Claro";"Simples";"Curva";"Não";2;0;1;0;0;1;1;2;-26,89668509;-51,97788048;"SPRF-SC";"DEL07-SC";"UOP04-DEL07-SC"
754593;2026-01-27;"terça-feira";"14:30:00";"PR";277;198;"PALMEIRA";"Demais falhas mecânicas ou elétricas";"Colisão lateral sentido oposto";"Com Vítimas Feridas";"Pleno dia";"Decrescente";"Céu Claro";"Simples";"Reta";"Não";3;0;1;0;1;3;1;5;-25,450977;-50,196807;"SPRF-PR";"DEL08-PR";"UOP02-DEL08-PR"
754598;2026-01-16;"sexta-feira";"14:25:00";"SC";282;620;"IRACEMINHA";"Condutor deixou de manter distância do veículo da frente";"Colisão traseira";"Sem Vítimas";"Pleno dia";"Decrescente";"Chuva";"Dupla";"Reta";"Não";2;0;0;0;1;1;0;2;-26,78791218;-53,2926178;"SPRF-SC";"DEL07-SC";"UOP02-DEL07-SC"
754656;2026-01-19;"segunda-feira";"11:00:00";"BA";101;31,8;"ESPLANADA";"Curva acentuada";"Tombamento";"Com Vítimas Feridas";"Pleno dia";"Crescente";"Nublado";"Dupla";"Declive;Curva";"Não";1;0;1;0;0;0;1;1;-11,74227412;-37,93841869;"SPRF-SE";"DEL02-SE";"UOP03-DEL02-SE"
754758;2026-01-22;"quinta-feira";"04:00:00";"SC";101;35;"JOINVILLE";"Condutor Dormindo";"Colisão traseira";"Com Vítimas Feridas";"Plena Noite";"Decrescente";"Nublado";"Dupla";"Reta";"Não";3;0;1;0;1;1;1;3;-26,27866754;-48,89153894;"SPRF-SC";"DEL03-SC";"UOP01-DEL03-SC"
754825;2026-01-20;"terça-feira";"22:00:00";"RO";364;340,3;"JI-PARANA";"Acessar a via sem observar a presença dos outros veículos";"Colisão transversal";"Sem Vítimas";"Plena Noite";"Crescente";"Chuva";"Simples";"Reta;Interseção de Vias";"Sim";4;0;0;0;3;1;0;3;-10,89264225;-61,93045232;"SPRF-RO";"DEL02-RO";"UOP01-DEL02-RO"
754873;2026-01-08;"quinta-feira";"16:00:00";"GO";40;89;"CRISTALINA";"Ausência de reação do condutor";"Colisão lateral sentido oposto";"Com Vítimas Fatais";"Pleno dia";"Crescente";"Céu Claro";"Simples";"Reta;Declive";"Não";7;1;0;4;1;1;4;3;-16,72063594;-47,65246511;"SPRF-DF";"DEL01-DF";"UOP02-DEL01-DF"
744549;2026-01-09;"sexta-feira";"11:10:00";"ES";101;211,7;"IBIRACU";"Ausência de reação do condutor";"Colisão traseira";"Com Vítimas Fatais";"Pleno dia";"Decrescente";"Céu Claro";"Simples";"Reta";"Não";2;1;0;0;0;1;0;2;-19,814664;-40,366088;"SPRF-ES";"DEL02-ES";"UOP01-DEL02-ES"
746684;2026-01-19;"segunda-feira";"08:42:00";"PB";230;159;"CAMPINA GRANDE";"Ultrapassagem Indevida";"Colisão lateral mesmo sentido";"Com Vítimas Feridas";"Pleno dia";"Decrescente";"Céu Claro";"Dupla";"Desvio Temporário;Em Obras;Reta";"Sim";2;0;0;1;1;0;1;2;-7,253101;-35,932585;"SPRF-PB";"DEL02-PB";"UOP01-DEL02-PB"
747335;2026-01-22;"quinta-feira";"13:05:00";"RO";364;242,5;"CACOAL";"Demais falhas mecânicas ou elétricas";"Colisão com objeto";"Sem Vítimas";"Pleno dia";"Crescente";"Nublado";"Simples";"Reta;Declive";"Não";3;0;0;0;3;0;0;2;-11,440412;-61,492537;"SPRF-RO";"DEL02-RO";"UOP02-DEL02-RO"
747900;2026-01-25;"domingo";"06:00:00";"PB";230;165,7;"CAMPINA GRANDE";"Condutor deixou de manter distância do veículo da frente";"Colisão traseira";"Com Vítimas Feridas";"Pleno dia";"Crescente";"Nublado";"Simples";"Declive;Reta";"Sim";5;0;4;0;1;0;4;2;-7,20093;-35,952453;"SPRF-PB";"DEL02-PB";"UOP02-DEL02-PB"
747960;2026-01-25;"domingo";"17:54:00";"ES";101;277,4;"SERRA";"Demais falhas mecânicas ou elétricas";"Engavetamento";"Sem Vítimas";"Pleno dia";"Crescente";"Céu Claro";"Dupla";"Reta";"Não";4;0;0;0;2;2;0;4;-20,21496;-40,32358;"SPRF-ES";"DEL02-ES";"UOP01-DEL02-ES"
744009;2026-01-06;"terça-feira";"11:30:00";"PE";232;118;"CARUARU";"Ausência de reação do condutor";"Saída de leito carroçável";"Com Vítimas Feridas";"Pleno dia";"Crescente";"Céu Claro";"Dupla";"Declive;Reta";"Não";3;0;1;0;0;2;1;3;-8,29748777;-35,86410491;"SPRF-PE";"DEL02-PE";"UOP03-DEL02-PE"
744885;2026-01-10;"sábado";"21:35:00";"RJ";101;326;"NITEROI";"Demais falhas mecânicas ou elétricas";"Incêndio";"Sem Vítimas";"Plena Noite";"Decrescente";"Céu Claro";"Múltipla";"Reta";"Não";2;0;0;0;1;1;0;2;-22,870422;-43,1606381;"SPRF-RJ";"DEL02-RJ";"UOP01-DEL02-RJ"
747362;2026-01-22;"quinta-feira";"09:30:00";"RO";429;53,5;"ALVORADA DOESTE";"Ausência de reação do condutor";"Colisão traseira";"Com Vítimas Feridas";"Pleno dia";"Decrescente";"Nublado";"Dupla";"Aclive;Reta";"Sim";3;0;0;1;1;1;1;3;-11,362455;-62,301543;"SPRF-RO";"DEL02-RO";"UOP03-DEL02-RO"
749198;2026-01-31;"sábado";"16:00:00";"SP";101;51;"UBATUBA";"Transitar na contramão";"Colisão transversal";"Sem Vítimas";"Pleno dia";"Decrescente";"Nublado";"Simples";"Reta";"Sim";3;0;0;0;2;1;0;3;-23,45567413;-45,07173434;"SPRF-SP";"DEL06-SP";"UOP01-DEL06-SP"
742954;2026-01-01;"quinta-feira";"06:50:00";"SC";101;283;"IMBITUBA";"Ingestão de álcool pelo condutor";"Colisão traseira";"Com Vítimas Feridas";"Pleno dia";"Crescente";"Céu Claro";"Dupla";"Reta";"Não";8;0;0;2;5;1;2;3;-28,22772627;-48,70170593;"SPRF-SC";"DEL02-SC";"UOP03-DEL02-SC"
743019;2026-01-01;"quinta-feira";"15:20:00";"GO";70;18;"COCALZINHO DE GOIAS";"Acessar a via sem observar a presença dos outros veículos";"Colisão lateral mesmo sentido";"Com Vítimas Feridas";"Pleno dia";"Decrescente";"Céu Claro";"Simples";"Declive;Reta";"Não";5;0;1;0;3;1;1;3;-15,747833;-48,352455;"SPRF-DF";"DEL03-DF";"UOP02-DEL03-DF"
743080;2026-01-01;"quinta-feira";"09:15:00";"PR";116;42;"CAMPINA GRANDE DO SUL";"Velocidade Incompatível";"Saída de leito carroçável";"Com Vítimas Feridas";"Pleno dia";"Crescente";"Garoa/Chuvisco";"Dupla";"Curva";"Não";6;0;1;0;4;1;1;2;-25,17692;-48,878041;"SPRF-PR";"DEL01-PR";"UOP02-DEL01-PR"
743192;2026-01-02;"sexta-feira";"11:18:00";"RO";364;239,3;"CACOAL";"Condutor deixou de manter distância do veículo da frente";"Colisão traseira";"Sem Vítimas";"Pleno dia";"Crescente";"Céu Claro";"Simples";"Declive";"Sim";3;0;0;0;2;1;0;3;-11,433172;-61,465673;"SPRF-RO";"DEL02-RO";"UOP02-DEL02-RO"
743710;2026-01-04;"domingo";"21:10:00";"ES";262;186,1;"IUNA";"Ingestão de álcool pelo condutor";"Colisão frontal";"Com Vítimas Fatais";"Plena Noite";"Crescente";"Chuva";"Simples";"Reta";"Não";4;1;0;1;1;1;1;3;-20,3090633;-41,7136733;"SPRF-ES";"DEL01-ES";"UOP02-DEL01-ES"
744119;2026-01-06;"terça-feira";"22:40:00";"GO";60;104,4;"GOIANAPOLIS";"Velocidade Incompatível";"Saída de leito carroçável";"Sem Vítimas";"Plena Noite";"Crescente";"Chuva";"Dupla";"Declive;Curva";"Não";3;0;0;0;2;1;0;2;-16,412743;-49,005373;"SPRF-GO";"DEL02-GO";"UOP01-DEL02-GO"
744174;2026-01-07;"quarta-feira";"10:56:00";"SC";116;0,9;"MAFRA";"Demais falhas mecânicas ou elétricas";"Colisão com objeto";"Sem Vítimas";"Pleno dia";"Crescente";"Céu Claro";"Simples";"Reta";"Sim";3;0;0;0;1;2;0;3;-26,11575909;-49,78696911;"SPRF-SC";"DEL06-SC";"UOP01-DEL06-SC"
744381;2026-01-08;"quinta-feira";"12:30:00";"ES";101;70;"SAO MATEUS";"Carga excessiva e/ou mal acondicionada";"Colisão lateral sentido oposto";"Com Vítimas Feridas";"Pleno dia";"Decrescente";"Céu Claro";"Simples";"Reta";"Não";4;0;1;0;2;1;1;4;-18,74829633;-39,86204021;"SPRF-ES";"DEL04-ES";"UOP02-DEL04-ES"
744386;2026-01-08;"quinta-feira";"10:10:00";"SC";101;379,7;"ICARA";"Transitar na contramão";"Colisão lateral sentido oposto";"Com Vítimas Feridas";"Pleno dia";"Decrescente";"Céu Claro";"Múltipla";"Curva";"Não";4;0;1;0;2;1;1;3;-28,75682863;-49,2800316;"SPRF-SC";"DEL02-SC";"UOP02-DEL02-SC"
744473;2026-01-08;"quinta-feira";"21:33:00";"SP";153;58,2;"SAO JOSE DO RIO PRETO";"Ingestão de álcool pelo condutor";"Colisão lateral mesmo sentido";"Sem Vítimas";"Plena Noite";"Crescente";"Céu Claro";"Dupla";"Reta";"Sim";6;0;0;0;5;1;0;3;-20,781322;-49,353444;"SPRF-SP";"DEL09-SP";"UOP01-DEL09-SP"
744673;2026-01-09;"sexta-feira";"21:00:00";"MT";163;758;"SORRISO";"Reação tardia ou ineficiente do condutor";"Colisão com objeto";"Com Vítimas Feridas";"Plena Noite";"Decrescente";"Céu Claro";"Dupla";"Curva";"Não";2;0;1;0;0;1;1;2;-12,50735115;-55,69256097;"SPRF-MT";"DEL06-MT";"UOP01-DEL06-MT"
745120;2026-01-11;"domingo";"23:00:00";"SC";101;214,5;"PALHOCA";"Ingestão de álcool pelo condutor";"Colisão traseira";"Sem Vítimas";"Plena Noite";"Crescente";"Nublado";"Múltipla";"Reta";"Sim";3;0;0;0;2;1;0;3;-27,64809;-48,6732;"SPRF-SC";"DEL01-SC";"UOP02-DEL01-SC"
745747;2026-01-15;"quinta-feira";"08:20:00";"RS";116;476;"TURUCU";"Ausência de reação do condutor";"Saída de leito carroçável";"Com Vítimas Feridas";"Pleno dia";"Crescente";"Céu Claro";"Simples";"Reta";"Não";2;0;1;0;0;1;1;2;-31,42131152;-52,17443705;"SPRF-RS";"DEL07-RS";"UOP01-DEL07-RS"
746013;2026-01-16;"sexta-feira";"12:40:00";"RS";468;48,9;"CORONEL BICACO";"Condutor Dormindo";"Saída de leito carroçável";"Com Vítimas Feridas";"Pleno dia";"Crescente";"Céu Claro";"Simples";"Reta";"Não";2;0;1;0;0;1;1;2;-27,77348139;-53,61448288;"SPRF-RS";"DEL08-RS";"UOP01-DEL08-RS"
746032;2026-01-16;"sexta-feira";"17:50:00";"RS";290;313;"CACAPAVA DO SUL";"Transitar no Acostamento";"Colisão transversal";"Sem Vítimas";"Pleno dia";"Crescente";"Nublado";"Simples";"Reta";"Não";4;0;0;0;3;1;0;3;-30,350734;-53,331155;"SPRF-RS";"DEL09-RS";"UOP02-DEL09-RS"
746376;2026-01-18;"domingo";"05:20:00";"GO";153;528;"HIDROLANDIA";"Condutor Dormindo";"Colisão traseira";"Sem Vítimas";"Plena Noite";"Crescente";"Chuva";"Dupla";"Declive;Reta";"Não";3;0;0;0;2;1;0;3;-16,947677;-49,248785;"SPRF-GO";"DEL01-GO";"UOP03-DEL01-GO"
746399;2026-01-18;"domingo";"08:20:00";"MG";381;491;"BETIM";"Entrada inopinada do pedestre";"Colisão transversal";"Com Vítimas Feridas";"Pleno dia";"Decrescente";"Chuva";"Dupla";"Interseção de Vias;Reta";"Não";3;0;0;1;1;1;1;3;-19,959823;-44,154519;"SPRF-MG";"DEL01-MG";"UOP03-DEL01-MG"
746650;2026-01-19;"segunda-feira";"08:15:00";"GO";60;109,5;"GOIANAPOLIS";"Reação tardia ou ineficiente do condutor";"Colisão lateral mesmo sentido";"Com Vítimas Feridas";"Pleno dia";"Crescente";"Nublado";"Dupla";"Reta";"Não";8;0;1;0;6;1;1;4;-16,44915459;-49,0278132;"SPRF-GO";"DEL01-GO";"UOP01-DEL01-GO"
746737;2026-01-19;"segunda-feira";"16:40:00";"MG";381;1;"BETIM";"Demais falhas mecânicas ou elétricas";"Colisão com objeto";"Com Vítimas Feridas";"Pleno dia";"Crescente";"Céu Claro";"Dupla";"Reta";"Sim";2;0;1;0;0;1;1;2;-19,9651016;-44,15867328;"SPRF-MG";"DEL01-MG";"UOP03-DEL01-MG"
747019;2026-01-21;"quarta-feira";"05:30:00";"MT";163;816;"SINOP";"Desvio temporário";"Colisão transversal";"Com Vítimas Feridas";"Amanhecer";"Decrescente";"Garoa/Chuvisco";"Simples";"Desvio Temporário";"Não";6;0;4;0;1;2;4;4;-12,028753;-55,517387;"SPRF-MT";"DEL06-MT";"UOP02-DEL06-MT"
747105;2026-01-21;"quarta-feira";"13:00:00";"SC";116;185,3;"SAO CRISTOVAO DO SUL";"Avarias e/ou desgaste excessivo no pneu";"Colisão com objeto";"Com Vítimas Feridas";"Pleno dia";"Decrescente";"Céu Claro";"Simples";"Declive;Curva";"Não";3;0;1;0;1;1;1;2;-27,305576;-50,419478;"SPRF-SC";"DEL05-SC";"UOP03-DEL05-SC"
747299;2026-01-22;"quinta-feira";"09:45:00";"PI";135;425;"REDENCAO DO GURGUEIA";"Manobra de mudança de faixa";"Colisão frontal";"Com Vítimas Feridas";"Pleno dia";"Decrescente";"Céu Claro";"Simples";"Curva;Declive";"Não";8;0;1;0;6;1;1;3;-9,508089;-44,740638;"SPRF-PI";"DEL03-PI";"UOP02-DEL03-PI"
747406;2026-01-22;"quinta-feira";"20:30:00";"MS";262;323;"CAMPO GRANDE";"Ausência de reação do condutor";"Colisão traseira";"Com Vítimas Feridas";"Plena Noite";"Decrescente";"Céu Claro";"Simples";"Reta";"Não";4;0;0;2;1;1;2;3;-20,46918;-54,5015;"SPRF-MS";"DEL01-MS";"UOP01-DEL01-MS"
747831;2026-01-24;"sábado";"20:20:00";"GO";414;410;"ABADIANIA";"Ingestão de álcool pelo condutor";"Colisão lateral mesmo sentido";"Sem Vítimas";"Plena Noite";"Crescente";"Céu Claro";"Simples";"Reta";"Não";3;0;0;0;1;2;0;3;-16,050928;-48,853298;"SPRF-GO";"DEL02-GO";"UOP01-DEL02-GO"
747866;2026-01-25;"domingo";"00:37:00";"PB";101;72;"SANTA RITA";"Ausência de reação do condutor";"Saída de leito carroçável";"Sem Vítimas";"Plena Noite";"Crescente";"Céu Claro";"Dupla";"Reta";"Não";2;0;0;0;0;2;0;2;-7,07299;-34,99619;"SPRF-PB";"DEL01-PB";"UOP03-DEL01-PB"
748176;2026-01-26;"segunda-feira";"16:04:00";"RN";226;4,5;"NATAL";"Pedestre cruzava a pista fora da faixa";"Atropelamento de Pedestre";"Com Vítimas Fatais";"Pleno dia";"Crescente";"Céu Claro";"Simples";"Reta";"Sim";3;1;0;0;1;1;0;3;-5,819468;-35,264915;"SPRF-RN";"DEL01-RN";"UOP02-DEL01-RN"
748304;2026-01-27;"terça-feira";"13:20:00";"SC";101;123;"ITAJAI";"Reação tardia ou ineficiente do condutor";"Colisão traseira";"Sem Vítimas";"Pleno dia";"Decrescente";"Céu Claro";"Dupla";"Reta";"Sim";5;0;0;0;4;1;0;3;-26,93440769;-48,70075576;"SPRF-SC";"DEL04-SC";"UOP04-DEL04-SC"
748321;2026-01-27;"terça-feira";"14:00:00";"MS";262;72;"TRES LAGOAS";"Avarias e/ou desgaste excessivo no pneu";"Colisão frontal";"Com Vítimas Feridas";"Pleno dia";"Crescente";"Chuva";"Simples";"Reta;Aclive";"Não";8;0;4;3;0;1;7;3;-20,66926217;-52,25607125;"SPRF-MS";"DEL07-MS";"UOP02-DEL07-MS"
742884;2026-01-01;"quinta-feira";"00:05:00";"SC";101;145;"ITAPEMA";"Reação tardia ou ineficiente do condutor";"Queda de ocupante de veículo";"Com Vítimas Feridas";"Plena Noite";"Crescente";"Nublado";"Dupla";"Reta";"Sim";1;0;1;0;0;0;1;1;-27,08476806;-48,60635638;"SPRF-SC";"DEL04-SC";"UOP03-DEL04-SC"
742885;2026-01-01;"quinta-feira";"00:20:00";"PR";376;639,3;"TIJUCAS DO SUL";"Ingestão de álcool pelo condutor";"Saída de leito carroçável";"Sem Vítimas";"Plena Noite";"Decrescente";"Nublado";"Dupla";"Reta;Aclive";"Não";1;0;0;0;1;0;0;1;-25,783081;-49,120916;"SPRF-PR";"DEL01-PR";"UOP04-DEL01-PR"
742888;2026-01-01;"quinta-feira";"00:05:00";"MG";262;108;"SANTO ANTONIO DO GRAMA";"Animais na Pista";"Atropelamento de Animal";"Sem Vítimas";"Plena Noite";"Decrescente";"Céu Claro";"Simples";"Curva";"Não";1;0;0;0;1;0;0;1;-20,27038974;-42,57027627;"SPRF-MG";"DEL03-MG";"UOP03-DEL03-MG"
742889;2026-01-01;"quinta-feira";"00:10:00";"PR";376;174,4;"MARINGA";"Manobra de mudança de faixa";"Colisão lateral mesmo sentido";"Com Vítimas Feridas";"Plena Noite";"Decrescente";"Céu Claro";"Dupla";"Interseção de Vias;Reta";"Sim";3;0;1;1;1;0;2;2;-23,4157461;-51,95414022;"SPRF-PR";"DEL09-PR";"UOP01-DEL09-PR"
742891;2026-01-01;"quinta-feira";"01:10:00";"SC";101;164;"TIJUCAS";"Velocidade Incompatível";"Colisão traseira";"Com Vítimas Feridas";"Plena Noite";"Crescente";"Nublado";"Dupla";"Ponte;Declive";"Sim";3;0;2;0;0;1;2;2;-27,24354098;-48,63071172;"SPRF-SC";"DEL04-SC";"UOP03-DEL04-SC"
742892;2026-01-01;"quinta-feira";"01:30:00";"MG";381;480;"CONTAGEM";"Ausência de reação do condutor";"Colisão traseira";"Sem Vítimas";"Plena Noite";"Decrescente";"Chuva";"Múltipla";"Curva";"Não";2;0;0;0;2;0;0;2;-19,95826078;-44,0581546;"SPRF-MG";"DEL01-MG";"UOP03-DEL01-MG"
742893;2026-01-01;"quinta-feira";"00:45:00";"PE";232;251;"ARCOVERDE";"Ausência de reação do condutor";"Colisão traseira";"Com Vítimas Feridas";"Plena Noite";"Crescente";"Céu Claro";"Simples";"Reta";"Sim";2;0;1;0;1;0;1;2;-8,42342;-37,05349;"SPRF-PE";"DEL04-PE";"UOP02-DEL04-PE"
742894;2026-01-01;"quinta-feira";"02:00:00";"PR";376;650;"TIJUCAS DO SUL";"Ausência de reação do condutor";"Queda de ocupante de veículo";"Com Vítimas Feridas";"Plena Noite";"Decrescente";"Garoa/Chuvisco";"Dupla";"Reta;Declive";"Não";1;0;1;0;0;0;1;1;-25,845107;-49,07222;"SPRF-PR";"DEL01-PR";"UOP04-DEL01-PR"
742896;2026-01-01;"quinta-feira";"01:45:00";"SP";153;113;"UBARANA";"Ausência de reação do condutor";"Saída de leito carroçável";"Sem Vítimas";"Plena Noite";"Decrescente";"Nublado";"Simples";"Reta;Aclive";"Não";1;0;0;0;0;1;0;1;-21,14714743;-49,70374553;"SPRF-SP";"DEL09-SP";"UOP01-DEL09-SP"
742898;2026-01-01;"quinta-feira";"03:10:00";"PR";369;165,7;"CAMBE";"Ingestão de álcool pelo condutor";"Capotamento";"Com Vítimas Feridas";"Plena Noite";"Decrescente";"Garoa/Chuvisco";"Dupla";"Reta";"Sim";1;0;1;0;0;0;1;1;-23,29586717;-51,30167714;"SPRF-PR";"DEL07-PR";"UOP01-DEL07-PR"
742899;2026-01-01;"quinta-feira";"03:20:00";"RS";290;178,1;"BUTIA";"Ingestão de álcool pelo condutor";"Saída de leito carroçável";"Com Vítimas Feridas";"Plena Noite";"Crescente";"Céu Claro";"Simples";"Reta";"Não";1;0;0;1;0;0;1;1;-30,135532;-51,9983988;"SPRF-RS";"DEL02-RS";"UOP03-DEL02-RS"