"id";"data_inversa";"dia_semana";"horario";"uf";"br";"km";"municipio";"causa_acidente";"tipo_acidente";"classificacao_acidente";"fase_dia";"sentido_via";"condicao_metereologica";"tipo_pista";"tracado_via";"uso_solo";"pessoas";"mortos";"feridos_leves";"feridos_graves";"ilesos";"ignorados";"feridos";"veiculos";"latitude";"longitude";"regional";"delegacia";"uop"
743007;2026-01-01;"quinta-feira";"16:00:00";"MG";381;351;"JOAO MONLEVADE";"Ausência de reação do condutor";"Colisão traseira";"Sem Vítimas";"Pleno dia";"Crescente";"Nublado";"Simples";"Reta";"Sim";2;0;0;0;1;1;0;2;-19,838595;-43,183433;"SPRF-MG";"DEL03-MG";"UOP01-DEL03-MG"
743008;2026-01-01;"quinta-feira";"11:54:00";"SC";153;44,4;"VARGEM BONITA";"Reação tardia ou ineficiente do condutor";"Saída de leito carroçável";"Com Vítimas Feridas";"Pleno dia";"Crescente";"Chuva";"Simples";"Curva";"Não";2;0;2;0;0;0;2;1;-26,88491;-51,75847;"SPRF-SC";"DEL07-SC";"UOP07-DEL07-SC"
743010;2026-01-01;"quinta-feira";"16:30:00";"SP";101;42;"UBATUBA";"Reação tardia ou ineficiente do condutor";"Colisão traseira";"Com Vítimas Feridas";"Pleno dia";"Crescente";"Céu Claro";"Simples";"Reta";"Não";7;0;1;0;6;0;1;2;-23,414204;-45,055538;"SPRF-SP";"DEL06-SP";"UOP01-DEL06-SP"
743011;2026-01-01;"quinta-feira";"15:20:00";"MG";381;799,1;"SAO GONCALO DO SAPUCAI";"Velocidade Incompatível";"Saída de leito carroçável";"Com Vítimas Feridas";"Pleno dia";"Crescente";"Chuva";"Dupla";"Curva";"Não";4;0;3;0;1;0;3;1;-21,90737455;-45,55892944;"SPRF-MG";"DEL16-MG";"UOP02-DEL16-MG"
743012;2026-01-01;"quinta-feira";"15:30:00";"PR";376;384,7;"IMBAU";"Reação tardia ou ineficiente do condutor";"Saída de leito carroçável";"Com Vítimas Feridas";"Pleno dia";"Crescente";"Céu Claro";"Dupla";"Declive;Curva";"Não";2;0;1;0;1;0;1;1;-24,47133;-50,73997;"SPRF-PR";"DEL03-PR";"UOP02-DEL03-PR"
743013;2026-01-01;"quinta-feira";"16:30:00";"RS";158;316;"ITAARA";"Ausência de reação do condutor";"Tombamento";"Com Vítimas Feridas";"Pleno dia";"Crescente";"Céu Claro";"Simples";"Declive;Curva";"Não";2;0;2;0;0;0;2;1;-29,65585454;-53,77374172;"SPRF-RS";"DEL09-RS";"UOP01-DEL09-RS"
743014;2026-01-01;"quinta-feira";"15:20:00";"MA";135;28;"BACABEIRA";"Pedestre andava na pista";"Sinistro pessoal de trânsito";"Com Vítimas Fatais";"Pleno dia";"Decrescente";"Céu Claro";"Dupla";"Reta";"Não";1;1;0;0;0;0;0;1;-2,78856;-44,37408;"SPRF-MA";"DEL01-MA";"UOP01-DEL01-MA"
743015;2026-01-01;"quinta-feira";"16:35:00";"GO";153;529;"HIDROLANDIA";"Ausência de reação do condutor";"Saída de leito carroçável";"Com Vítimas Feridas";"Pleno dia";"Crescente";"Nublado";"Dupla";"Reta;Aclive";"Não";1;0;1;0;0;0;1;1;-16,957537;-49,240285;"SPRF-GO";"DEL01-GO";"UOP03-DEL01-GO"
743016;2026-01-01;"quinta-feira";"16:50:00";"MG";40;471;"SETE LAGOAS";"Acumulo de água sobre o pavimento";"Tombamento";"Com Vítimas Feridas";"Pleno dia";"Crescente";"Chuva";"Dupla";"Túnel;Curva;Declive";"Sim";1;0;1;0;0;0;1;1;-19,47770882;-44,28846359;"SPRF-MG";"DEL02-MG";"UOP01-DEL02-MG"
743017;2026-01-01;"quinta-feira";"16:35:00";"PE";428;185;"PETROLINA";"Ingestão de álcool pelo condutor";"Colisão traseira";"Com Vítimas Feridas";"Pleno dia";"Decrescente";"Céu Claro";"Dupla";"Reta";"Sim";6;0;3;0;3;0;3;2;-9,353087;-40,476457;"SPRF-PE";"DEL06-PE";"UOP01-DEL06-PE"
743018;2026-01-01;"quinta-feira";"07:15:00";"AC";364;284;"SENA MADUREIRA";"Condutor Dormindo";"Saída de leito carroçável";"Com Vítimas Fatais";"Pleno dia";"Decrescente";"Céu Claro";"Simples";"Reta";"Não";3;1;1;1;0;0;2;1;-9,050273;-68,765358;"SPRF-AC";"DEL01-AC";"UOP01-DEL01-AC"
743020;2026-01-01;"quinta-feira";"16:30:00";"PI";343;2,8;"TERESINA";"Ausência de reação do condutor";"Colisão traseira";"Sem Vítimas";"Pleno dia";"Crescente";"Céu Claro";"Dupla";"Reta;Interseção de Vias";"Sim";2;0;0;0;1;1;0;2;-5,08082684;-42,77795451;"SPRF-PI";"DEL01-PI";"UOP01-DEL01-PI"
743021;2026-01-01;"quinta-feira";"17:30:00";"SC";280;24,2;"ARAQUARI";"Acessar a via sem observar a presença dos outros veículos";"Colisão transversal";"Com Vítimas Feridas";"Pleno dia";"Decrescente";"Garoa/Chuvisco";"Simples";"Reta";"Sim";2;0;2;0;0;0;2;1;-26,37864905;-48,7210807;"SPRF-SC";"DEL03-SC";"UOP03-DEL03-SC"
743022;2026-01-01;"quinta-feira";"15:34:00";"PA";230;667;"ALTAMIRA";"Reação tardia ou ineficiente do condutor";"Capotamento";"Com Vítimas Feridas";"Pleno dia";"Decrescente";"Céu Claro";"Simples";"Reta";"Não";4;0;4;0;0;0;4;1;-3,23051031;-52,3011163;"SPRF-PA";"DEL04-PA";"UOP01-DEL04-PA"
743023;2026-01-01;"quinta-feira";"15:05:00";"MG";251;368,7;"GRAO MOGOL";"Ausência de reação do condutor";"Saída de leito carroçável";"Com Vítimas Feridas";"Pleno dia";"Decrescente";"Céu Claro";"Simples";"Reta";"Não";7;0;5;1;1;0;6;1;-16,33165064;-42,69340754;"SPRF-MG";"DEL12-MG";"UOP01-DEL12-MG"
743024;2026-01-01;"quinta-feira";"15:40:00";"RO";364;417,9;"JARU";"Ingestão de álcool pelo condutor";"Colisão lateral sentido oposto";"Com Vítimas Feridas";"Pleno dia";"Decrescente";"Céu Claro";"Simples";"Declive;Curva";"Não";4;0;1;0;3;0;1;2;-10,486033;-62,43289;"SPRF-RO";"DEL03-RO";"UOP02-DEL03-RO"
743025;2026-01-01;"quinta-feira";"17:50:00";"RJ";116;129;"MAGE";"Reação tardia ou ineficiente do condutor";"Colisão traseira";"Com Vítimas Feridas";"Anoitecer";"Decrescente";"Nublado";"Dupla";"Reta";"Não";2;0;1;0;1;0;1;2;-22,65608122;-43,12338905;"SPRF-RJ";"DEL04-RJ";"UOP02-DEL04-RJ"
743026;2026-01-01;"quinta-feira";"16:20:00";"SC";101;59;"ARAQUARI";"Avarias e/ou desgaste excessivo no pneu";"Capotamento";"Com Vítimas Feridas";"Pleno dia";"Crescente";"Chuva";"Dupla";"Declive;Curva";"Não";1;0;1;0;0;0;1;1;-26,44813575;-48,79234314;"SPRF-SC";"DEL03-SC";"UOP02-DEL03-SC"
743027;2026-01-01;"quinta-feira";"17:50:00";"RJ";465;2;"SEROPEDICA";"Trafegar com motocicleta (ou similar) entre as faixas";"Colisão lateral mesmo sentido";"Com Vítimas Feridas";"Pleno dia";"Decrescente";"Nublado";"Simples";"Reta";"Não";4;0;1;0;2;1;1;3;-22,734887;-43,710805;"SPRF-RJ";"DEL06-RJ";"UOP02-DEL06-RJ"
743028;2026-01-01;"quinta-feira";"10:30:00";"CE";226;233,3;"PEDRA BRANCA";"Reação tardia ou ineficiente do condutor";"Colisão frontal";"Com Vítimas Fatais";"Pleno dia";"Crescente";"Céu Claro";"Simples";"Aclive;Curva";"Não";2;2;0;0;0;0;0;2;-5,40147209;-39,82025839;"SPRF-CE";"DEL02-CE";"UOP02-DEL02-CE"
743029;2026-01-01;"quinta-feira";"16:30:00";"SC";101;258;"PAULO LOPES";"Demais falhas mecânicas ou elétricas";"Colisão com objeto";"Com Vítimas Feridas";"Pleno dia";"Decrescente";"Chuva";"Múltipla";"Curva";"Não";3;0;1;0;2;0;1;1;-28,010782;-48,6946;"SPRF-SC";"DEL02-SC";"UOP03-DEL02-SC"
743030;2026-01-01;"quinta-feira";"17:30:00";"BA";420;346,7;"JAGUAQUARA";"Manobra de mudança de faixa";"Colisão frontal";"Com Vítimas Fatais";"Pleno dia";"Crescente";"Céu Claro";"Simples";"Aclive;Curva";"Não";2;1;1;0;0;0;1;2;-13,50646124;-40,00826804;"SPRF-BA";"DEL03-BA";"UOP01-DEL03-BA"
743031;2026-01-01;"quinta-feira";"17:00:00";"PR";376;341;"ORTIGUEIRA";"Transitar na contramão";"Colisão frontal";"Com Vítimas Feridas";"Pleno dia";"Crescente";"Garoa/Chuvisco";"Simples";"Curva";"Não";4;0;2;0;2;0;2;4;-24,25084613;-50,90336611;"SPRF-PR";"DEL07-PR";"UOP02-DEL07-PR"
743033;2026-01-01;"quinta-feira";"17:40:00";"SC";282;33,9;"AGUAS MORNAS";"Velocidade Incompatível";"Colisão frontal";"Com Vítimas Fatais";"Pleno dia";"Crescente";"Chuva";"Simples";"Curva;Aclive";"Não";6;1;0;5;0;0;5;2;-27,703767;-48,818373;"SPRF-SC";"DEL01-SC";"UOP03-DEL01-SC"
743034;2026-01-01;"quinta-feira";"18:00:00";"PR";163;178,3;"LINDOESTE";"Acumulo de água sobre o pavimento";"Saída de leito carroçável";"Com Vítimas Feridas";"Anoitecer";"Crescente";"Chuva";"Dupla";"Curva";"Não";3;0;2;0;1;0;2;1;-25,170436;-53,601942;"SPRF-PR";"DEL05-PR";"UOP05-DEL05-PR"
743036;2026-01-01;"quinta-feira";"18:45:00";"PR";277;16;"PARANAGUA";"Ausência de reação do condutor";"Colisão lateral mesmo sentido";"Com Vítimas Feridas";"Anoitecer";"Crescente";"Céu Claro";"Dupla";"Curva";"Não";2;0;1;0;0;1;1;2;-25,54980263;-48,67300479;"SPRF-PR";"DEL01-PR";"UOP05-DEL01-PR"
743037;2026-01-01;"quinta-feira";"18:28:00";"SP";116;39;"CACHOEIRA PAULISTA";"Pista Escorregadia";"Saída de leito carroçável";"Com Vítimas Feridas";"Anoitecer";"Crescente";"Céu Claro";"Simples";"Curva";"Sim";1;0;0;1;0;0;1;1;-22,66980837;-44,9918139;"SPRF-SP";"DEL08-SP";"UOP02-DEL08-SP"
743039;2026-01-01;"quinta-feira";"18:30:00";"MG";262;380,2;"JUATUBA";"Velocidade Incompatível";"Saída de leito carroçável";"Sem Vítimas";"Plena Noite";"Crescente";"Chuva";"Dupla";"Curva;Declive";"Não";3;0;0;0;3;0;0;1;-19,93025;-44,40819;"SPRF-MG";"DEL01-MG";"UOP03-DEL01-MG"
743040;2026-01-01;"quinta-feira";"18:50:00";"SC";101;224,8;"PALHOCA";"Trafegar com motocicleta (ou similar) entre as faixas";"Colisão lateral mesmo sentido";"Com Vítimas Feridas";"Anoitecer";"Decrescente";"Nublado";"Dupla";"Reta";"Não";3;0;1;0;2;0;1;2;-27,72984;-48,64207;"SPRF-SC";"DEL01-SC";"UOP02-DEL01-SC"
743041;2026-01-01;"quinta-feira";"17:40:00";"CE";222;233,3;"SOBRAL";"Reação tardia ou ineficiente do condutor";"Saída de leito carroçável";"Com Vítimas Feridas";"Plena Noite";"Crescente";"Céu Claro";"Simples";"Reta";"Não";3;0;2;0;0;1;2;1;-3,712298;-40,4272;"SPRF-CE";"DEL04-CE";"UOP01-DEL04-CE"
743043;2026-01-01;"quinta-feira";"17:20:00";"MT";174;288;"PONTES E LACERDA";"Demais falhas mecânicas ou elétricas";"Incêndio";"Sem Vítimas";"Pleno dia";"Crescente";"Nublado";"Simples";"Aclive;Reta";"Sim";1;0;0;0;1;0;0;1;-15,2500741;-59,3110298;"SPRF-MT";"DEL04-MT";"UOP01-DEL04-MT"
743045;2026-01-01;"quinta-feira";"17:45:00";"MT";163;55,9;"RONDONOPOLIS";"Demais falhas mecânicas ou elétricas";"Saída de leito carroçável";"Com Vítimas Feridas";"Anoitecer";"Decrescente";"Chuva";"Dupla";"Declive;Reta";"Não";2;0;2;0;0;0;2;1;-17,018291;-54,761481;"SPRF-MT";"DEL02-MT";"UOP03-DEL02-MT"
743046;2026-01-01;"quinta-feira";"19:15:00";"ES";262;41,2;"DOMINGOS MARTINS";"Reação tardia ou ineficiente do condutor";"Queda de ocupante de veículo";"Com Vítimas Fatais";"Plena Noite";"Decrescente";"Céu Claro";"Simples";"Reta";"Não";4;1;0;0;0;3;0;3;-20,385403;-40,648202;"SPRF-ES";"DEL01-ES";"UOP01-DEL01-ES"
743047;2026-01-01;"quinta-feira";"17:20:00";"MG";262;6;"MARTINS SOARES";"Ausência de reação do condutor";"Colisão frontal";"Com Vítimas Feridas";"Pleno dia";"Crescente";"Nublado";"Simples";"Aclive;Reta";"Não";3;0;1;0;2;0;1;2;-20,252517;-41,809818;"SPRF-MG";"DEL06-MG";"UOP03-DEL06-MG"
743048;2026-01-01;"quinta-feira";"19:40:00";"PE";101;34;"ITAPISSUMA";"Acessar a via sem observar a presença dos outros veículos";"Colisão transversal";"Com Vítimas Feridas";"Plena Noite";"Crescente";"Céu Claro";"Dupla";"Interseção de Vias;Reta";"Não";3;0;2;0;1;0;2;2;-7,77009462;-34,93522374;"SPRF-PE";"DEL01-PE";"UOP02-DEL01-PE"
743050;2026-01-01;"quinta-feira";"18:20:00";"MG";381;526;"BRUMADINHO";"Reação tardia ou ineficiente do condutor";"Colisão lateral mesmo sentido";"Com Vítimas Feridas";"Anoitecer";"Crescente";"Chuva";"Dupla";"Declive;Curva";"Não";4;0;1;0;3;0;1;2;-20,151491;-44,326207;"SPRF-MG";"DEL04-MG";"UOP03-DEL04-MG"
743051;2026-01-01;"quinta-feira";"18:25:00";"PB";230;215,1;"SOLEDADE";"Ingestão de álcool pelo condutor";"Colisão frontal";"Com Vítimas Feridas";"Plena Noite";"Crescente";"Céu Claro";"Simples";"Reta";"Sim";2;0;0;1;1;0;1;2;-7,060545;-36,355468;"SPRF-PB";"DEL02-PB";"UOP02-DEL02-PB"
743052;2026-01-01;"quinta-feira";"19:30:00";"RJ";101;322;"NITEROI";"Reação tardia ou ineficiente do condutor";"Colisão com objeto";"Com Vítimas Feridas";"Plena Noite";"Decrescente";"Céu Claro";"Dupla";"Reta";"Não";5;0;4;0;1;0;4;1;-22,87832;-43,110528;"SPRF-RJ";"DEL02-RJ";"UOP01-DEL02-RJ"
743053;2026-01-01;"quinta-feira";"19:30:00";"RN";304;295;"MACAIBA";"Ausência de sinalização";"Tombamento";"Com Vítimas Feridas";"Plena Noite";"Crescente";"Céu Claro";"Dupla";"Desvio Temporário;Em Obras;Reta";"Não";2;0;2;0;0;0;2;1;-5,867125;-35,3663383;"SPRF-RN";"DEL01-RN";"UOP02-DEL01-RN"
743054;2026-01-01;"quinta-feira";"18:00:00";"RJ";101;390;"ITAGUAI";"Acessar a via sem observar a presença dos outros veículos";"Colisão transversal";"Com Vítimas Feridas";"Pleno dia";"Decrescente";"Céu Claro";"Dupla";"Curva";"Sim";2;0;1;0;1;0;1;2;-22,8589137;-43,759107;"SPRF-RJ";"DEL03-RJ";"UOP01-DEL03-RJ"
743055;2026-01-01;"quinta-feira";"19:10:00";"PE";232;5;"RECIFE";"Reação tardia ou ineficiente do condutor";"Colisão com objeto";"Com Vítimas Fatais";"Plena Noite";"Crescente";"Céu Claro";"Simples";"Curva";"Não";2;1;0;0;1;0;0;1;-8,06576;-34,94055;"SPRF-PE";"DEL01-PE";"UOP01-DEL01-PE"
743056;2026-01-01;"quinta-feira";"16:34:00";"AC";364;138;"RIO BRANCO";"Desrespeitar a preferência no cruzamento";"Colisão transversal";"Sem Vítimas";"Pleno dia";"Crescente";"Céu Claro";"Dupla";"Rotatória";"Não";2;0;0;0;1;1;0;2;-9,96060836;-67,85660505;"SPRF-AC";"DEL01-AC";"UOP01-DEL01-AC"
743057;2026-01-01;"quinta-feira";"16:55:00";"BA";324;560;"AMELIA RODRIGUES";"Ingestão de álcool pelo condutor";"Saída de leito carroçável";"Com Vítimas Feridas";"Pleno dia";"Decrescente";"Céu Claro";"Dupla";"Reta";"Não";5;0;0;1;4;0;1;1;-12,495525;-38,649007;"SPRF-BA";"DEL01-BA";"UOP01-DEL01-BA"
743059;2026-01-01;"quinta-feira";"20:20:00";"SC";101;214,9;"PALHOCA";"Ausência de reação do condutor";"Saída de leito carroçável";"Com Vítimas Feridas";"Plena Noite";"Decrescente";"Garoa/Chuvisco";"Múltipla";"Reta;Ponte";"Sim";1;0;1;0;0;0;1;1;-27,65118;-48,67506;"SPRF-SC";"DEL01-SC";"UOP02-DEL01-SC"
743060;2026-01-01;"quinta-feira";"16:45:00";"PR";376;311;"ORTIGUEIRA";"Reação tardia ou ineficiente do condutor";"Capotamento";"Com Vítimas Feridas";"Pleno dia";"Crescente";"Chuva";"Dupla";"Curva";"Não";3;0;2;0;1;0;2;1;-23,98118;-51,08556;"SPRF-PR";"DEL07-PR";"UOP02-DEL07-PR"
743061;2026-01-01;"quinta-feira";"18:15:00";"PR";376;519;"PONTA GROSSA";"Ausência de reação do condutor";"Saída de leito carroçável";"Sem Vítimas";"Anoitecer";"Decrescente";"Chuva";"Simples";"Curva;Declive";"Não";1;0;0;0;1;0;0;1;-25,26945787;-49,93648694;"SPRF-PR";"DEL03-PR";"UOP04-DEL03-PR"
743063;2026-01-01;"quinta-feira";"17:45:00";"PR";376;519;"PONTA GROSSA";"Velocidade Incompatível";"Saída de leito carroçável";"Com Vítimas Feridas";"Pleno dia";"Decrescente";"Nublado";"Dupla";"Curva;Declive";"Não";5;0;1;0;4;0;1;1;-25,270277;-49,939167;"SPRF-PR";"DEL03-PR";"UOP04-DEL03-PR"
743064;2026-01-01;"quinta-feira";"20:10:00";"MG";381;357;"SAO GONCALO DO RIO ABAIXO";"Reação tardia ou ineficiente do condutor";"Colisão frontal";"Com Vítimas Feridas";"Plena Noite";"Crescente";"Chuva";"Simples";"Curva;Aclive";"Não";4;0;2;0;2;0;2;2;-19,854536;-43,226762;"SPRF-MG";"DEL03-MG";"UOP01-DEL03-MG"
743065;2026-01-01;"quinta-feira";"16:45:00";"MG";381;521,4;"BRUMADINHO";"Pista Escorregadia";"Saída de leito carroçável";"Com Vítimas Feridas";"Pleno dia";"Decrescente";"Chuva";"Dupla";"Curva;Aclive";"Não";4;0;1;0;3;0;1;1;-20,121676;-44,301072;"SPRF-MG";"DEL04-MG";"UOP03-DEL04-MG"
743066;2026-01-01;"quinta-feira";"20:40:00";"RS";290;18,5;"SANTO ANTONIO DA PATRULHA";"Demais falhas mecânicas ou elétricas";"Incêndio";"Sem Vítimas";"Plena Noite";"Crescente";"Céu Claro";"Dupla";"Reta";"Não";1;0;0;0;1;0;0;1;-29,883168;-50,440663;"SPRF-RS";"DEL03-RS";"UOP01-DEL03-RS"
743067;2026-01-01;"quinta-feira";"19:20:00";"MG";116;609,2;"SAO JOAO DO MANHUACU";"Velocidade Incompatível";"Saída de leito carroçável";"Com Vítimas Feridas";"Anoitecer";"Decrescente";"Nublado";"Simples";"Curva";"Não";2;0;2;0;0;0;2;1;-20,417;-42,153;"SPRF-MG";"DEL07-MG";"UOP02-DEL07-MG"
743068;2026-01-01;"quinta-feira";"21:00:00";"GO";153;436;"ANAPOLIS";"Ausência de reação do condutor";"Queda de ocupante de veículo";"Com Vítimas Feridas";"Plena Noite";"Crescente";"Nublado";"Dupla";"Reta";"Sim";1;0;1;0;0;0;1;1;-16,2912213;-48,9319278;"SPRF-GO";"DEL02-GO";"UOP01-DEL02-GO"
743069;2026-01-01;"quinta-feira";"21:30:00";"MG";40;559;"NOVA LIMA";"Condutor Dormindo";"Saída de leito carroçável";"Com Vítimas Feridas";"Plena Noite";"Decrescente";"Nublado";"Múltipla";"Interseção de Vias;Declive";"Não";3;0;1;0;2;0;1;2;-20,13040076;-43,96424957;"SPRF-MG";"DEL01-MG";"UOP02-DEL01-MG"
743070;2026-01-01;"quinta-feira";"21:30:00";"PE";101;65;"RECIFE";"Ausência de reação do condutor";"Saída de leito carroçável";"Com Vítimas Feridas";"Plena Noite";"Crescente";"Céu Claro";"Múltipla";"Reta";"Não";1;0;1;0;0;0;1;1;-8,03172149;-34,94265964;"SPRF-PE";"DEL01-PE";"UOP01-DEL01-PE"
743071;2026-01-01;"quinta-feira";"20:40:00";"BA";116;21;"VITORIA DA CONQUISTA";"Ausência de reação do condutor";"Tombamento";"Com Vítimas Feridas";"Plena Noite";"Decrescente";"Céu Claro";"Simples";"Reta";"Não";1;0;1;0;0;0;1;1;-14,883363;-40,807773;"SPRF-BA";"DEL08-BA";"UOP01-DEL08-BA"
743072;2026-01-01;"quinta-feira";"21:10:00";"RN";427;150,9;"SERRA NEGRA DO NORTE";"Manobra de mudança de faixa";"Colisão com objeto";"Com Vítimas Fatais";"Plena Noite";"Crescente";"Céu Claro";"Simples";"Ponte;Reta";"Sim";5;1;0;0;1;3;0;2;-6,65944987;-37,38767624;"SPRF-RN";"DEL03-RN";"UOP01-DEL03-RN"
743073;2026-01-01;"quinta-feira";"20:00:00";"BA";407;205;"CAEM";"Acessar a via sem observar a presença dos outros veículos";"Colisão traseira";"Com Vítimas Feridas";"Plena Noite";"Crescente";"Céu Claro";"Simples";"Reta";"Não";3;0;0;2;0;1;2;2;-11,14269789;-40,05974579;"SPRF-BA";"DEL04-BA";"UOP02-DEL04-BA"
743076;2026-01-01;"quinta-feira";"21:26:00";"AL";101;246,9;"PORTO REAL DO COLEGIO";"Velocidade Incompatível";"Capotamento";"Sem Vítimas";"Plena Noite";"Decrescente";"Céu Claro";"Dupla";"Reta";"Sim";1;0;0;0;0;1;0;1;-10,1975204;-36,8224462;"SPRF-AL";"DEL02-AL";"UOP02-DEL02-AL"
743078;2026-01-01;"quinta-feira";"21:40:00";"RJ";101;436,9;"MANGARATIBA";"Ingestão de álcool pelo condutor";"Queda de ocupante de veículo";"Com Vítimas Feridas";"Plena Noite";"Crescente";"Céu Claro";"Simples";"Reta";"Não";1;0;1;0;0;0;1;1;-22,96474443;-44,0837688;"SPRF-RJ";"DEL03-RJ";"UOP02-DEL03-RJ"
743082;2026-01-01;"quinta-feira";"20:40:00";"RJ";40;114;"DUQUE DE CAXIAS";"Reação tardia ou ineficiente do condutor";"Colisão com objeto";"Com Vítimas Feridas";"Plena Noite";"Decrescente";"Céu Claro";"Simples";"Reta";"Não";2;0;1;0;1;0;1;1;-22,71766025;-43,289596;"SPRF-RJ";"DEL01-RJ";"UOP02-DEL01-RJ"
743083;2026-01-01;"quinta-feira";"09:20:00";"MT";163;607;"NOVA MUTUM";"Ausência de reação do condutor";"Saída de leito carroçável";"Sem Vítimas";"Pleno dia";"Decrescente";"Céu Claro";"Dupla";"Reta";"Não";1;0;0;0;1;0;0;1;-13,740111;-56,050065;"SPRF-MT";"DEL01-MT";"UOP01-DEL01-MT"
743085;2026-01-01;"quinta-feira";"21:45:00";"BA";324;611,2;"SIMOES FILHO";"Afundamento ou ondulação no pavimento";"Tombamento";"Com Vítimas Feridas";"Plena Noite";"Decrescente";"Céu Claro";"Dupla";"Reta";"Não";1;0;1;0;0;0;1;1;-12,840483;-38,415167;"SPRF-BA";"DEL01-BA";"UOP01-DEL01-BA"
743086;2026-01-01;"quinta-feira";"20:16:00";"PA";163;570;"TRAIRAO";"Animais na Pista";"Atropelamento de Animal";"Com Vítimas Feridas";"Plena Noite";"Decrescente";"Céu Claro";"Simples";"Declive;Reta";"Não";2;0;0;2;0;0;2;1;-5,050557;-56,17529;"SPRF-PA";"DEL05-PA";"UOP03-DEL05-PA"
743087;2026-01-01;"quinta-feira";"22:30:00";"SP";381;11;"VARGEM";"Acumulo de água sobre o pavimento";"Saída de leito carroçável";"Com Vítimas Feridas";"Plena Noite";"Crescente";"Chuva";"Dupla";"Declive;Reta";"Não";1;0;1;0;0;0;1;1;-22,9262449;-46,45598227;"SPRF-SP";"DEL03-SP";"UOP02-DEL03-SP"
743088;2026-01-01;"quinta-feira";"21:44:00";"RO";364;699;"PORTO VELHO";"Transtornos Mentais (exceto suicidio)";"Colisão com objeto";"Sem Vítimas";"Plena Noite";"Decrescente";"Nublado";"Dupla";"Reta";"Sim";1;0;0;0;1;0;0;1;-8,800469;-63,764695;"SPRF-RO";"DEL01-RO";"UOP01-DEL01-RO"
743089;2026-01-01;"quinta-feira";"23:20:00";"SP";116;43,2;"CANAS";"Avarias e/ou desgaste excessivo no pneu";"Queda de ocupante de veículo";"Com Vítimas Feridas";"Plena Noite";"Crescente";"Céu Claro";"Dupla";"Reta";"Não";1;0;1;0;0;0;1;1;-22,698898;-45,032446;"SPRF-SP";"DEL08-SP";"UOP02-DEL08-SP"
743092;2026-01-01;"quinta-feira";"23:40:00";"RJ";116;111;"GUAPIMIRIM";"Pedestre andava na pista";"Atropelamento de Pedestre";"Com Vítimas Feridas";"Plena Noite";"Decrescente";"Chuva";"Dupla";"Reta";"Sim";2;0;1;0;0;1;1;2;-22,55120872;-42,98999938;"SPRF-RJ";"DEL04-RJ";"UOP02-DEL04-RJ"
743094;2026-01-01;"quinta-feira";"22:16:00";"MT";163;1106;"GUARANTA DO NORTE";"Ingestão de álcool pelo condutor";"Saída de leito carroçável";"Sem Vítimas";"Pleno dia";"Crescente";"Céu Claro";"Simples";"Reta";"Não";1;0;0;0;1;0;0;1;-9,58593962;-54,8905921;"SPRF-MT";"DEL06-MT";"UOP03-DEL06-MT"
743095;2026-01-01;"quinta-feira";"22:00:00";"PR";376;342;"ORTIGUEIRA";"Reação tardia ou ineficiente do condutor";"Colisão com objeto";"Com Vítimas Feridas";"Plena Noite";"Decrescente";"Nublado";"Simples";"Reta";"Não";2;0;0;2;0;0;2;1;-24,174555;-50,965187;"SPRF-PR";"DEL07-PR";"UOP02-DEL07-PR"
743096;2026-01-02;"sexta-feira";"00:05:00";"SP";116;190;"SANTA ISABEL";"Ausência de reação do condutor";"Capotamento";"Com Vítimas Feridas";"Plena Noite";"Crescente";"Chuva";"Dupla";"Curva";"Não";2;0;1;0;1;0;1;1;-23,36910779;-46,23682523;"SPRF-SP";"DEL01-SP";"UOP01-DEL01-SP"
743097;2026-01-02;"sexta-feira";"01:00:00";"SC";101;123;"BALNEARIO CAMBORIU";"Ingestão de álcool pelo condutor";"Colisão traseira";"Com Vítimas Feridas";"Pleno dia";"Crescente";"Nublado";"Dupla";"Rotatória;Viaduto;Reta";"Sim";5;0;2;0;3;0;2;3;-27,0107242;-48,6127265;"SPRF-SC";"DEL04-SC";"UOP04-DEL04-SC"
743100;2026-01-02;"sexta-feira";"01:00:00";"PR";376;158,8;"MANDAGUACU";"Ausência de reação do condutor";"Saída de leito carroçável";"Com Vítimas Feridas";"Plena Noite";"Crescente";"Céu Claro";"Dupla";"Retorno Regulamentado;Reta";"Sim";1;0;1;0;0;0;1;1;-23,358908;-52,088218;"SPRF-PR";"DEL09-PR";"UOP02-DEL09-PR"
743101;2026-01-01;"quinta-feira";"21:30:00";"MS";163;653;"RIO VERDE DE MATO GROSSO";"Entrada inopinada do pedestre";"Atropelamento de Pedestre";"Com Vítimas Feridas";"Plena Noite";"Crescente";"Céu Claro";"Simples";"Curva";"Não";2;0;1;1;0;0;2;2;-19,03550702;-54,81679916;"SPRF-MS";"DEL06-MS";"UOP02-DEL06-MS"
743102;2026-01-02;"sexta-feira";"01:33:00";"GO";364;150;"JATAI";"Animais na Pista";"Queda de ocupante de veículo";"Com Vítimas Feridas";"Plena Noite";"Crescente";"Chuva";"Dupla";"Aclive";"Não";1;0;0;1;0;0;1;1;-18,153508;-51,43965;"SPRF-GO";"DEL05-GO";"UOP02-DEL05-GO"