"id";"data_inversa";"dia_semana";"horario";"uf";"br";"km";"municipio";"causa_acidente";"tipo_acidente";"classificacao_acidente";"fase_dia";"sentido_via";"condicao_metereologica";"tipo_pista";"tracado_via";"uso_solo";"pessoas";"mortos";"feridos_leves";"feridos_graves";"ilesos";"ignorados";"feridos";"veiculos";"latitude";"longitude";"regional";"delegacia";"uop"
743413;2026-01-03;"sábado";"15:30:00";"SC";282;53,8;"AGUAS MORNAS";"Chuva";"Colisão com objeto";"Com Vítimas Feridas";"Pleno dia";"Crescente";"Chuva";"Simples";"Curva";"Não";4;0;4;0;0;0;4;1;-27,6853598;-48,97227478;"SPRF-SC";"DEL01-SC";"UOP03-DEL01-SC"
743416;2026-01-03;"sábado";"15:15:00";"MG";381;698,8;"LAVRAS";"Velocidade Incompatível";"Saída de leito carroçável";"Com Vítimas Feridas";"Pleno dia";"Crescente";"Chuva";"Dupla";"Curva;Declive";"Não";2;0;1;0;1;0;1;1;-21,27154019;-45,13611111;"SPRF-MG";"DEL04-MG";"UOP02-DEL04-MG"
743417;2026-01-03;"sábado";"11:00:00";"RJ";101;415;"MANGARATIBA";"Reação tardia ou ineficiente do condutor";"Colisão traseira";"Com Vítimas Feridas";"Pleno dia";"Crescente";"Nublado";"Dupla";"Reta";"Não";3;0;2;1;0;0;3;2;-22,90827716;-43,89130402;"SPRF-RJ";"DEL03-RJ";"UOP01-DEL03-RJ"
743418;2026-01-03;"sábado";"15:30:00";"RS";116;292;"ELDORADO DO SUL";"Ausência de reação do condutor";"Queda de ocupante de veículo";"Com Vítimas Feridas";"Pleno dia";"Crescente";"Céu Claro";"Dupla";"Reta";"Não";2;0;1;0;1;0;1;1;-30,04482727;-51,33152835;"SPRF-RS";"DEL02-RS";"UOP01-DEL02-RS"
743419;2026-01-03;"sábado";"15:30:00";"SP";116;143,4;"SAO JOSE DOS CAMPOS";"Avarias e/ou desgaste excessivo no pneu";"Tombamento";"Com Vítimas Feridas";"Pleno dia";"Crescente";"Céu Claro";"Dupla";"Reta;Em Obras";"Sim";2;0;2;0;0;0;2;1;-23,179573;-45,840315;"SPRF-SP";"DEL02-SP";"UOP01-DEL02-SP"
743420;2026-01-03;"sábado";"14:15:00";"MG";116;511;"UBAPORANGA";"Velocidade Incompatível";"Saída de leito carroçável";"Com Vítimas Feridas";"Pleno dia";"Crescente";"Céu Claro";"Simples";"Reta";"Não";1;0;1;0;0;0;1;1;-19,65540346;-42,11277043;"SPRF-MG";"DEL06-MG";"UOP02-DEL06-MG"
743421;2026-01-03;"sábado";"11:20:00";"MG";116;648,4;"FERVEDOURO";"Condutor Dormindo";"Colisão frontal";"Com Vítimas Feridas";"Pleno dia";"Crescente";"Céu Claro";"Simples";"Curva";"Não";6;0;5;1;0;0;6;2;-20,71237492;-42,28185374;"SPRF-MG";"DEL07-MG";"UOP02-DEL07-MG"
743422;2026-01-03;"sábado";"13:30:00";"MG";262;62;"MATIPO";"Manobra de mudança de faixa";"Colisão frontal";"Com Vítimas Feridas";"Pleno dia";"Crescente";"Céu Claro";"Simples";"Curva";"Não";4;0;3;1;0;0;4;2;-20,292701;-42,227267;"SPRF-MG";"DEL06-MG";"UOP03-DEL06-MG"
743423;2026-01-03;"sábado";"16:18:00";"RN";304;96,4;"ACU";"Problema com o freio";"Colisão com objeto";"Com Vítimas Feridas";"Pleno dia";"Crescente";"Sol";"Simples";"Reta;Aclive";"Não";2;0;2;0;0;0;2;1;-5,56178;-37,053267;"SPRF-RN";"DEL04-RN";"UOP01-DEL04-RN"
743424;2026-01-03;"sábado";"16:00:00";"PR";376;183;"SARANDI";"Reação tardia ou ineficiente do condutor";"Colisão traseira";"Com Vítimas Feridas";"Pleno dia";"Decrescente";"Céu Claro";"Dupla";"Reta";"Sim";2;0;1;0;1;0;1;2;-23,43759;-51,87692;"SPRF-PR";"DEL09-PR";"UOP01-DEL09-PR"
743425;2026-01-03;"sábado";"16:00:00";"PR";277;715;"SANTA TEREZINHA DE ITAIPU";"Ausência de reação do condutor";"Colisão com objeto";"Com Vítimas Feridas";"Pleno dia";"Decrescente";"Céu Claro";"Dupla";"Reta";"Não";6;0;2;0;4;0;2;1;-25,46668337;-54,45254839;"SPRF-PR";"DEL05-PR";"UOP01-DEL05-PR"
743426;2026-01-03;"sábado";"14:30:00";"PA";230;370;"PACAJA";"Ultrapassagem Indevida";"Colisão lateral mesmo sentido";"Com Vítimas Fatais";"Pleno dia";"Crescente";"Nublado";"Simples";"Aclive";"Não";3;2;0;0;1;0;0;2;-3,92447;-50,340835;"SPRF-PA";"DEL03-PA";"UOP01-DEL03-PA"
743428;2026-01-03;"sábado";"16:15:00";"MG";381;521;"BRUMADINHO";"Velocidade Incompatível";"Saída de leito carroçável";"Com Vítimas Feridas";"Pleno dia";"Decrescente";"Chuva";"Dupla";"Curva;Aclive";"Não";1;0;1;0;0;0;1;1;-20,12190264;-44,30073436;"SPRF-MG";"DEL04-MG";"UOP03-DEL04-MG"
743429;2026-01-03;"sábado";"15:50:00";"PR";376;462;"PONTA GROSSA";"Velocidade Incompatível";"Saída de leito carroçável";"Com Vítimas Feridas";"Pleno dia";"Crescente";"Céu Claro";"Dupla";"Aclive;Curva";"Não";5;0;2;0;3;0;2;1;-25,04196736;-50,30943811;"SPRF-PR";"DEL03-PR";"UOP01-DEL03-PR"
743430;2026-01-03;"sábado";"16:10:00";"SE";101;176;"SANTA LUZIA DO ITANHY";"Acessar a via sem observar a presença dos outros veículos";"Colisão transversal";"Com Vítimas Feridas";"Pleno dia";"Decrescente";"Sol";"Simples";"Reta";"Sim";2;0;1;0;1;0;1;2;-11,35028;-37,61734;"SPRF-SE";"DEL02-SE";"UOP03-DEL02-SE"
743431;2026-01-03;"sábado";"16:30:00";"MG";262;362;"JUATUBA";"Ausência de reação do condutor";"Tombamento";"Com Vítimas Feridas";"Pleno dia";"Decrescente";"Céu Claro";"Dupla";"Reta";"Não";1;0;1;0;0;0;1;1;-19,9716913;-44,3303369;"SPRF-MG";"DEL01-MG";"UOP03-DEL01-MG"
743432;2026-01-03;"sábado";"16:30:00";"MG";381;501;"BETIM";"Condutor deixou de manter distância do veículo da frente";"Colisão com objeto";"Com Vítimas Feridas";"Pleno dia";"Decrescente";"Céu Claro";"Dupla";"Reta";"Não";2;0;1;0;1;0;1;1;-20,00899;-44,21713;"SPRF-MG";"DEL01-MG";"UOP03-DEL01-MG"
743433;2026-01-03;"sábado";"11:30:00";"PE";424;2,7;"ARCOVERDE";"Ausência de reação do condutor";"Saída de leito carroçável";"Sem Vítimas";"Pleno dia";"Decrescente";"Céu Claro";"Simples";"Curva";"Não";1;0;0;0;0;1;0;1;-8,451472;-37,049952;"SPRF-PE";"DEL04-PE";"UOP02-DEL04-PE"
743434;2026-01-03;"sábado";"17:00:00";"RJ";101;270;"RIO BONITO";"Trafegar com motocicleta (ou similar) entre as faixas";"Colisão traseira";"Com Vítimas Feridas";"Pleno dia";"Crescente";"Chuva";"Dupla";"Curva";"Não";2;0;1;0;1;0;1;2;-22,72369062;-42,6936162;"SPRF-RJ";"DEL02-RJ";"UOP03-DEL02-RJ"
743436;2026-01-03;"sábado";"16:40:00";"SC";280;5,6;"SAO FRANCISCO DO SUL";"Acessar a via sem observar a presença dos outros veículos";"Colisão transversal";"Com Vítimas Feridas";"Pleno dia";"Crescente";"Céu Claro";"Simples";"Reta";"Sim";3;0;2;0;1;0;2;2;-26,26279868;-48,62938134;"SPRF-SC";"DEL03-SC";"UOP03-DEL03-SC"
743437;2026-01-03;"sábado";"16:50:00";"PB";230;163;"CAMPINA GRANDE";"Transitar na contramão";"Colisão lateral sentido oposto";"Com Vítimas Feridas";"Pleno dia";"Crescente";"Céu Claro";"Simples";"Aclive;Reta";"Não";2;0;0;1;1;0;1;2;-7,2208945;-35,9438052;"SPRF-PB";"DEL02-PB";"UOP01-DEL02-PB"
743438;2026-01-03;"sábado";"17:00:00";"RJ";116;226;"PARACAMBI";"Chuva";"Queda de ocupante de veículo";"Com Vítimas Feridas";"Anoitecer";"Crescente";"Garoa/Chuvisco";"Simples";"Curva;Em Obras";"Não";2;0;1;0;1;0;1;1;-22,678145;-43,81510442;"SPRF-RJ";"DEL07-RJ";"UOP01-DEL07-RJ"
743439;2026-01-03;"sábado";"18:10:00";"RJ";116;176;"SAO JOAO DE MERITI";"Ausência de reação do condutor";"Queda de ocupante de veículo";"Com Vítimas Feridas";"Anoitecer";"Crescente";"Nublado";"Dupla";"Reta";"Sim";2;0;1;1;0;0;2;1;-22,78458089;-43,38088087;"SPRF-RJ";"DEL06-RJ";"UOP01-DEL06-RJ"
743440;2026-01-03;"sábado";"15:15:00";"MS";163;470,6;"CAMPO GRANDE";"Acessar a via sem observar a presença dos outros veículos";"Colisão transversal";"Com Vítimas Feridas";"Pleno dia";"Crescente";"Céu Claro";"Simples";"Reta;Interseção de Vias";"Não";5;0;0;2;3;0;2;2;-20,5549401;-54,555894;"SPRF-MS";"DEL01-MS";"UOP01-DEL01-MS"
743442;2026-01-03;"sábado";"16:10:00";"BA";116;718,2;"MANOEL VITORINO";"Reação tardia ou ineficiente do condutor";"Saída de leito carroçável";"Com Vítimas Feridas";"Pleno dia";"Decrescente";"Ignorado";"Simples";"Curva";"Não";2;0;1;0;1;0;1;1;-14,21838;-40,27575;"SPRF-BA";"DEL08-BA";"UOP02-DEL08-BA"
743443;2026-01-03;"sábado";"18:50:00";"SC";470;114;"FLORIANOPOLIS";"Retorno proibido";"Colisão transversal";"Com Vítimas Feridas";"Anoitecer";"Crescente";"Nublado";"Simples";"Reta";"Não";7;0;1;0;6;0;1;2;-27,5939328;-48,5556224;"SPRF-SC";"DEL04-SC";"UOP02-DEL04-SC"
743445;2026-01-03;"sábado";"18:57:00";"SC";101;41,1;"JOINVILLE";"Chuva";"Capotamento";"Com Vítimas Feridas";"Anoitecer";"Crescente";"Chuva";"Dupla";"Viaduto;Curva";"Sim";3;0;1;0;2;0;1;2;-26,31855057;-48,87191741;"SPRF-SC";"DEL03-SC";"UOP01-DEL03-SC"
743447;2026-01-03;"sábado";"16:45:00";"SC";116;25;"ITAIOPOLIS";"Velocidade Incompatível";"Saída de leito carroçável";"Sem Vítimas";"Pleno dia";"Decrescente";"Céu Claro";"Simples";"Reta;Declive";"Não";1;0;0;0;0;1;0;1;-26,303513;-49,953171;"SPRF-SC";"DEL06-SC";"UOP01-DEL06-SC"
743448;2026-01-03;"sábado";"18:50:00";"SC";101;144;"ITAPEMA";"Condutor usando celular";"Engavetamento";"Com Vítimas Feridas";"Anoitecer";"Decrescente";"Nublado";"Dupla";"Reta";"Sim";4;0;1;0;2;1;1;4;-27,07643185;-48,59823553;"SPRF-SC";"DEL04-SC";"UOP03-DEL04-SC"
743449;2026-01-03;"sábado";"19:30:00";"ES";101;25;"PINHEIROS";"Acessar a via sem observar a presença dos outros veículos";"Colisão transversal";"Com Vítimas Feridas";"Plena Noite";"Decrescente";"Nublado";"Simples";"Reta";"Não";2;0;1;0;1;0;1;2;-18,38645653;-39,94457245;"SPRF-ES";"DEL04-ES";"UOP02-DEL04-ES"
743450;2026-01-03;"sábado";"15:18:00";"MG";381;700,2;"LAVRAS";"Ausência de reação do condutor";"Colisão lateral mesmo sentido";"Com Vítimas Feridas";"Pleno dia";"Crescente";"Nublado";"Dupla";"Declive;Curva";"Não";2;0;1;0;1;0;1;2;-21,287162;-45,143034;"SPRF-MG";"DEL04-MG";"UOP02-DEL04-MG"
743451;2026-01-03;"sábado";"20:10:00";"SC";101;143,4;"ITAPEMA";"Reação tardia ou ineficiente do condutor";"Colisão traseira";"Com Vítimas Feridas";"Plena Noite";"Decrescente";"Vento";"Dupla";"Reta";"Sim";2;0;1;0;1;0;1;2;-27,06688;-48,59578;"SPRF-SC";"DEL04-SC";"UOP03-DEL04-SC"
743452;2026-01-03;"sábado";"15:35:00";"MG";50;105;"UBERABA";"Mal súbito do condutor";"Colisão lateral mesmo sentido";"Com Vítimas Feridas";"Pleno dia";"Decrescente";"Nublado";"Dupla";"Reta";"Não";2;0;1;0;1;0;1;2;-19,180756;-48,157514;"SPRF-MG";"DEL13-MG";"UOP01-DEL13-MG"
743454;2026-01-03;"sábado";"17:20:00";"MT";163;686;"LUCAS DO RIO VERDE";"Condutor deixou de manter distância do veículo da frente";"Colisão traseira";"Com Vítimas Feridas";"Pleno dia";"Decrescente";"Céu Claro";"Simples";"Retorno Regulamentado";"Sim";2;0;1;0;1;0;1;2;-13,08015865;-55,93794018;"SPRF-MT";"DEL06-MT";"UOP01-DEL06-MT"
743455;2026-01-03;"sábado";"20:00:00";"BA";367;84;"EUNAPOLIS";"Manobra de mudança de faixa";"Colisão lateral mesmo sentido";"Com Vítimas Feridas";"Plena Noite";"Crescente";"Céu Claro";"Simples";"Reta";"Não";5;0;1;0;4;0;1;2;-16,37472979;-39,58046802;"SPRF-BA";"DEL09-BA";"UOP03-DEL09-BA"
743456;2026-01-03;"sábado";"20:00:00";"RJ";116;210;"SEROPEDICA";"Reação tardia ou ineficiente do condutor";"Queda de ocupante de veículo";"Com Vítimas Feridas";"Plena Noite";"Crescente";"Chuva";"Dupla";"Reta";"Não";2;0;1;0;1;0;1;2;-22,70701675;-43,73805046;"SPRF-RJ";"DEL06-RJ";"UOP02-DEL06-RJ"
743457;2026-01-03;"sábado";"18:35:00";"AC";364;121;"RIO BRANCO";"Ausência de reação do condutor";"Saída de leito carroçável";"Com Vítimas Feridas";"Plena Noite";"Decrescente";"Ignorado";"Simples";"Reta";"Não";2;0;1;0;1;0;1;1;-10,01207;-67,76989;"SPRF-AC";"DEL01-AC";"UOP01-DEL01-AC"
743458;2026-01-03;"sábado";"19:35:00";"RJ";465;18;"NOVA IGUACU";"Acessar a via sem observar a presença dos outros veículos";"Colisão transversal";"Com Vítimas Feridas";"Plena Noite";"Decrescente";"Nublado";"Simples";"Reta";"Sim";3;0;3;0;0;0;3;2;-22,830258;-43,615728;"SPRF-RJ";"DEL06-RJ";"UOP02-DEL06-RJ"
743459;2026-01-03;"sábado";"20:15:00";"MG";381;635,8;"SANTO ANTONIO DO AMPARO";"Velocidade Incompatível";"Saída de leito carroçável";"Com Vítimas Feridas";"Plena Noite";"Decrescente";"Ignorado";"Dupla";"Curva;Aclive";"Não";3;0;3;0;0;0;3;1;-20,86491129;-44,84089029;"SPRF-MG";"DEL04-MG";"UOP01-DEL04-MG"
743460;2026-01-03;"sábado";"20:30:00";"CE";222;50;"SAO GONCALO DO AMARANTE";"Reação tardia ou ineficiente do condutor";"Colisão com objeto";"Com Vítimas Feridas";"Plena Noite";"Crescente";"Céu Claro";"Simples";"Ponte";"Não";1;0;1;0;0;0;1;1;-3,66856;-39,0083;"SPRF-CE";"DEL01-CE";"UOP03-DEL01-CE"
743461;2026-01-03;"sábado";"20:00:00";"PA";316;97;"SANTA MARIA DO PARA";"Acessar a via sem observar a presença dos outros veículos";"Atropelamento de Pedestre";"Com Vítimas Feridas";"Plena Noite";"Crescente";"Céu Claro";"Simples";"Reta";"Não";2;0;2;0;0;0;2;2;-1,33712074;-47,60169983;"SPRF-PA";"DEL01-PA";"UOP02-DEL01-PA"
743463;2026-01-03;"sábado";"20:25:00";"PR";163;85,9;"CAPANEMA";"Velocidade Incompatível";"Colisão traseira";"Com Vítimas Fatais";"Plena Noite";"Crescente";"Céu Claro";"Dupla";"Aclive;Reta;Interseção de Vias";"Sim";3;1;0;0;1;1;0;3;-25,688227;-53,785051;"SPRF-PR";"DEL02-PR";"UOP02-DEL02-PR"
743464;2026-01-03;"sábado";"18:30:00";"PR";373;477;"CORONEL VIVIDA";"Velocidade Incompatível";"Saída de leito carroçável";"Com Vítimas Feridas";"Pleno dia";"Decrescente";"Céu Claro";"Simples";"Curva;Interseção de Vias";"Não";3;0;2;1;0;0;3;1;-25,98350856;-52,54245758;"SPRF-PR";"DEL02-PR";"UOP01-DEL02-PR"
743465;2026-01-03;"sábado";"21:00:00";"RS";386;147,5;"SARANDI";"Ingestão de álcool pelo condutor";"Saída de leito carroçável";"Com Vítimas Feridas";"Plena Noite";"Crescente";"Nublado";"Simples";"Curva;Declive";"Não";1;0;1;0;0;0;1;1;-28,054703;-52,871324;"SPRF-RS";"DEL08-RS";"UOP01-DEL08-RS"
743466;2026-01-03;"sábado";"18:00:00";"SC";101;100;"BALNEARIO PICARRAS";"Manobra de mudança de faixa";"Colisão lateral mesmo sentido";"Com Vítimas Feridas";"Pleno dia";"Decrescente";"Céu Claro";"Dupla";"Reta";"Sim";3;0;0;2;1;0;2;2;-26,75644507;-48,6889356;"SPRF-SC";"DEL03-SC";"UOP02-DEL03-SC"
743467;2026-01-03;"sábado";"20:30:00";"MG";40;781,8;"JUIZ DE FORA";"Animais na Pista";"Atropelamento de Animal";"Com Vítimas Feridas";"Plena Noite";"Decrescente";"Chuva";"Dupla";"Reta";"Sim";3;0;2;0;1;0;2;1;-21,70935296;-43,44982193;"SPRF-MG";"DEL05-MG";"UOP01-DEL05-MG"
743468;2026-01-03;"sábado";"21:00:00";"PR";373;172;"PONTA GROSSA";"Manobra de mudança de faixa";"Colisão lateral mesmo sentido";"Com Vítimas Feridas";"Plena Noite";"Crescente";"Céu Claro";"Dupla";"Reta";"Sim";3;0;1;0;2;0;1;2;-25,08100274;-50,19258499;"SPRF-PR";"DEL03-PR";"UOP01-DEL03-PR"
743469;2026-01-03;"sábado";"21:15:00";"PR";376;632;"SAO JOSE DOS PINHAIS";"Reação tardia ou ineficiente do condutor";"Colisão traseira";"Com Vítimas Feridas";"Plena Noite";"Decrescente";"Céu Claro";"Dupla";"Reta";"Não";3;0;1;1;1;0;2;2;-25,71658314;-49,13821785;"SPRF-PR";"DEL01-PR";"UOP04-DEL01-PR"
743471;2026-01-03;"sábado";"17:35:00";"SC";101;97;"BALNEARIO PICARRAS";"Trafegar com motocicleta (ou similar) entre as faixas";"Colisão lateral mesmo sentido";"Com Vítimas Feridas";"Pleno dia";"Decrescente";"Céu Claro";"Dupla";"Reta";"Não";5;0;0;2;3;0;2;3;-26,731368;-48,70112;"SPRF-SC";"DEL03-SC";"UOP02-DEL03-SC"
743472;2026-01-03;"sábado";"20:30:00";"BA";116;908,4;"CANDIDO SALES";"Transitar no Acostamento";"Colisão lateral mesmo sentido";"Com Vítimas Feridas";"Plena Noite";"Crescente";"Nublado";"Simples";"Interseção de Vias;Reta";"Sim";2;0;1;0;1;0;1;2;-15,50533;-41,23581;"SPRF-BA";"DEL08-BA";"UOP03-DEL08-BA"
743473;2026-01-03;"sábado";"20:30:00";"PA";10;266;"AURORA DO PARA";"Condutor deixou de manter distância do veículo da frente";"Colisão traseira";"Com Vítimas Fatais";"Plena Noite";"Crescente";"Céu Claro";"Simples";"Reta";"Não";3;1;0;1;1;0;1;2;-2,108438;-47,56024;"SPRF-PA";"DEL02-PA";"UOP01-DEL02-PA"
743474;2026-01-03;"sábado";"19:50:00";"MG";50;171,6;"UBERABA";"Transitar no Acostamento";"Colisão traseira";"Sem Vítimas";"Plena Noite";"Decrescente";"Céu Claro";"Dupla";"Reta";"Sim";3;0;0;0;0;3;0;3;-19,74966862;-47,98233446;"SPRF-MG";"DEL13-MG";"UOP01-DEL13-MG"
743476;2026-01-03;"sábado";"21:42:00";"SP";153;99,2;"JOSE BONIFACIO";"Reação tardia ou ineficiente do condutor";"Saída de leito carroçável";"Com Vítimas Feridas";"Plena Noite";"Decrescente";"Céu Claro";"Simples";"Interseção de Vias;Rotatória;Curva";"Sim";2;0;1;0;1;0;1;1;-21,003083;-49,630995;"SPRF-SP";"DEL09-SP";"UOP01-DEL09-SP"
743477;2026-01-03;"sábado";"19:30:00";"MG";262;383,8;"FLORESTAL";"Acumulo de água sobre o pavimento";"Saída de leito carroçável";"Com Vítimas Feridas";"Plena Noite";"Crescente";"Chuva";"Dupla";"Curva;Aclive";"Não";2;0;1;0;1;0;1;1;-19,91493426;-44,49806213;"SPRF-MG";"DEL01-MG";"UOP03-DEL01-MG"
743478;2026-01-03;"sábado";"19:40:00";"SC";280;188;"MAFRA";"Velocidade Incompatível";"Colisão com objeto";"Sem Vítimas";"Plena Noite";"Crescente";"Céu Claro";"Simples";"Declive;Ponte;Reta";"Não";1;0;0;0;0;1;0;1;-26,168402;-49,958596;"SPRF-SC";"DEL06-SC";"UOP01-DEL06-SC"
743479;2026-01-03;"sábado";"21:45:00";"SE";235;45,6;"ITABAIANA";"Transitar no Acostamento";"Atropelamento de Pedestre";"Com Vítimas Fatais";"Plena Noite";"Crescente";"Céu Claro";"Simples";"Reta";"Não";2;1;0;0;0;1;0;2;-10,741536;-37,403965;"SPRF-SE";"DEL01-SE";"UOP02-DEL01-SE"
743480;2026-01-03;"sábado";"21:00:00";"DF";20;18;"BRASILIA";"Reação tardia ou ineficiente do condutor";"Colisão com objeto";"Com Vítimas Feridas";"Anoitecer";"Decrescente";"Céu Claro";"Dupla";"Aclive";"Sim";2;0;1;0;1;0;1;1;-15,61488544;-47,70588666;"SPRF-DF";"DEL02-DF";"UOP01-DEL02-DF"
743481;2026-01-03;"sábado";"19:50:00";"RJ";40;91;"PETROPOLIS";"Pista Escorregadia";"Tombamento";"Com Vítimas Feridas";"Plena Noite";"Decrescente";"Chuva";"Dupla";"Aclive;Curva";"Não";2;0;1;0;1;0;1;1;-22,56229257;-43,236233;"SPRF-RJ";"DEL01-RJ";"UOP01-DEL01-RJ"
743482;2026-01-03;"sábado";"21:40:00";"MT";70;377;"CAMPO VERDE";"Reação tardia ou ineficiente do condutor";"Saída de leito carroçável";"Com Vítimas Feridas";"Plena Noite";"Decrescente";"Nublado";"Simples";"Reta";"Não";1;0;0;1;0;0;1;1;-15,512068;-55,115926;"SPRF-MT";"DEL05-MT";"UOP02-DEL05-MT"
743483;2026-01-03;"sábado";"22:00:00";"SC";280;22;"ARAQUARI";"Acessar a via sem observar a presença dos outros veículos";"Colisão transversal";"Com Vítimas Feridas";"Plena Noite";"Decrescente";"Céu Claro";"Simples";"Reta";"Sim";3;0;1;0;2;0;1;2;-26,3717589;-48,70632872;"SPRF-SC";"DEL03-SC";"UOP03-DEL03-SC"
743484;2026-01-03;"sábado";"22:10:00";"SP";116;288,2;"ITAPECERICA DA SERRA";"Trafegar com motocicleta (ou similar) entre as faixas";"Colisão lateral mesmo sentido";"Com Vítimas Feridas";"Pleno dia";"Decrescente";"Céu Claro";"Dupla";"Reta";"Não";7;0;1;1;5;0;2;4;-23,70409638;-46,8724792;"SPRF-SP";"DEL04-SP";"UOP01-DEL04-SP"
743485;2026-01-03;"sábado";"22:40:00";"MG";381;858,3;"POUSO ALEGRE";"Ausência de reação do condutor";"Saída de leito carroçável";"Com Vítimas Feridas";"Plena Noite";"Crescente";"Nublado";"Dupla";"Reta";"Não";1;0;1;0;0;0;1;1;-22,30744481;-45,9019053;"SPRF-MG";"DEL16-MG";"UOP01-DEL16-MG"
743486;2026-01-03;"sábado";"23:00:00";"SP";116;288;"ITAPECERICA DA SERRA";"Trafegar com motocicleta (ou similar) entre as faixas";"Colisão lateral mesmo sentido";"Com Vítimas Feridas";"Plena Noite";"Decrescente";"Céu Claro";"Dupla";"Reta";"Não";5;0;1;0;4;0;1;3;-23,70989113;-46,87628059;"SPRF-SP";"DEL04-SP";"UOP01-DEL04-SP"
743487;2026-01-03;"sábado";"19:50:00";"RJ";101;387;"RIO DE JANEIRO";"Entrada inopinada do pedestre";"Atropelamento de Pedestre";"Com Vítimas Feridas";"Plena Noite";"Crescente";"Nublado";"Dupla";"Reta";"Sim";3;0;0;1;2;0;1;2;-22,888739;-43,660119;"SPRF-RJ";"DEL03-RJ";"UOP01-DEL03-RJ"
743488;2026-01-03;"sábado";"22:10:00";"GO";40;96;"CRISTALINA";"Transitar na contramão";"Colisão frontal";"Com Vítimas Feridas";"Plena Noite";"Decrescente";"Nevoeiro/Neblina";"Simples";"Viaduto";"Sim";2;0;1;0;1;0;1;2;-16,754588;-47,60416;"SPRF-DF";"DEL01-DF";"UOP02-DEL01-DF"
743489;2026-01-03;"sábado";"20:58:00";"PE";101;47;"ABREU E LIMA";"Reação tardia ou ineficiente do condutor";"Colisão traseira";"Com Vítimas Feridas";"Plena Noite";"Decrescente";"Céu Claro";"Múltipla";"Reta;Declive;Retorno Regulamentado";"Sim";2;0;2;0;0;0;2;2;-7,887375;-34,903986;"SPRF-PE";"DEL01-PE";"UOP02-DEL01-PE"
743491;2026-01-03;"sábado";"22:32:00";"TO";153;536;"PUGMIL";"Condutor Dormindo";"Saída de leito carroçável";"Com Vítimas Feridas";"Plena Noite";"Decrescente";"Nublado";"Simples";"Reta";"Não";3;0;3;0;0;0;3;1;-10,53336168;-48,91041398;"SPRF-TO";"DEL01-TO";"UOP01-DEL01-TO"
743492;2026-01-03;"sábado";"23:15:00";"SC";101;109;"PENHA";"Ausência de reação do condutor";"Saída de leito carroçável";"Sem Vítimas";"Plena Noite";"Crescente";"Garoa/Chuvisco";"Dupla";"Curva";"Não";1;0;0;0;0;1;0;1;-26,83406599;-48,69662046;"SPRF-SC";"DEL03-SC";"UOP02-DEL03-SC"
743494;2026-01-03;"sábado";"22:30:00";"MG";365;756;"ITUIUTABA";"Ausência de reação do condutor";"Saída de leito carroçável";"Com Vítimas Feridas";"Plena Noite";"Crescente";"Nublado";"Simples";"Interseção de Vias";"Não";1;0;1;0;0;0;1;1;-18,96560279;-49,50652421;"SPRF-MG";"DEL15-MG";"UOP03-DEL15-MG"
743496;2026-01-03;"sábado";"23:00:00";"SC";280;13,7;"SAO FRANCISCO DO SUL";"Demais falhas mecânicas ou elétricas";"Incêndio";"Sem Vítimas";"Plena Noite";"Crescente";"Nublado";"Simples";"Reta";"Não";1;0;0;0;1;0;0;1;-26,3278111;-48,65047423;"SPRF-SC";"DEL03-SC";"UOP03-DEL03-SC"
743497;2026-01-03;"sábado";"19:10:00";"SP";116;130;"CACAPAVA";"Condutor deixou de manter distância do veículo da frente";"Colisão traseira";"Sem Vítimas";"Plena Noite";"Crescente";"Nublado";"Múltipla";"Reta";"Sim";2;0;0;0;2;0;0;2;-23,1217;-45,72513;"SPRF-SP";"DEL02-SP";"UOP02-DEL02-SP"
743498;2026-01-03;"sábado";"22:15:00";"RO";364;14;"VILHENA";"Reação tardia ou ineficiente do condutor";"Queda de ocupante de veículo";"Com Vítimas Feridas";"Plena Noite";"Decrescente";"Céu Claro";"Simples";"Reta";"Sim";2;0;2;0;0;0;2;1;-12,73867374;-60,14214454;"SPRF-RO";"DEL04-RO";"UOP01-DEL04-RO"
743499;2026-01-03;"sábado";"22:10:00";"PA";316;43;"SANTA IZABEL DO PARA";"Acessar a via sem observar a presença dos outros veículos";"Colisão frontal";"Com Vítimas Feridas";"Plena Noite";"Crescente";"Céu Claro";"Dupla";"Retorno Regulamentado";"Não";3;0;2;0;0;1;2;2;-1,275733;-48,094582;"SPRF-PA";"DEL01-PA";"UOP01-DEL01-PA"
743501;2026-01-03;"sábado";"23:00:00";"SC";282;379;"HERVAL DOESTE";"Reação tardia ou ineficiente do condutor";"Saída de leito carroçável";"Com Vítimas Feridas";"Plena Noite";"Crescente";"Céu Claro";"Simples";"Interseção de Vias";"Sim";2;0;1;0;1;0;1;1;-27,21450669;-51,48516297;"SPRF-SC";"DEL07-SC";"UOP05-DEL07-SC"