"id";"data_inversa";"dia_semana";"horario";"uf";"br";"km";"municipio";"causa_acidente";"tipo_acidente";"classificacao_acidente";"fase_dia";"sentido_via";"condicao_metereologica";"tipo_pista";"tracado_via";"uso_solo";"pessoas";"mortos";"feridos_leves";"feridos_graves";"ilesos";"ignorados";"feridos";"veiculos";"latitude";"longitude";"regional";"delegacia";"uop"
743695;2026-01-04;"domingo";"19:35:00";"MT";70;238;"POXOREU";"Avarias e/ou desgaste excessivo no pneu";"Tombamento";"Com Vítimas Feridas";"Plena Noite";"Crescente";"Céu Claro";"Simples";"Reta";"Não";2;0;1;1;0;0;2;1;-15,6227127;-54,0263696;"SPRF-MT";"DEL05-MT";"UOP01-DEL05-MT"
743698;2026-01-04;"domingo";"20:50:00";"RS";392;109;"CANGUCU";"Ausência de reação do condutor";"Saída de leito carroçável";"Com Vítimas Feridas";"Plena Noite";"Crescente";"Céu Claro";"Dupla";"Reta";"Não";1;0;1;0;0;0;1;1;-31,470823;-52,629985;"SPRF-RS";"DEL07-RS";"UOP01-DEL07-RS"
743699;2026-01-04;"domingo";"19:30:00";"RO";364;177,7;"PIMENTA BUENO";"Condutor Dormindo";"Saída de leito carroçável";"Com Vítimas Feridas";"Plena Noite";"Crescente";"Nublado";"Simples";"Reta";"Não";4;0;2;0;2;0;2;1;-11,793367;-61,060793;"SPRF-RO";"DEL02-RO";"UOP02-DEL02-RO"
743700;2026-01-04;"domingo";"20:10:00";"PE";101;70,7;"RECIFE";"Condutor deixou de manter distância do veículo da frente";"Colisão traseira";"Com Vítimas Feridas";"Plena Noite";"Crescente";"Céu Claro";"Dupla";"Reta";"Sim";2;0;1;0;1;0;1;2;-8,072388;-34,942775;"SPRF-PE";"DEL01-PE";"UOP01-DEL01-PE"
743701;2026-01-04;"domingo";"20:30:00";"PR";153;45,1;"SANTO ANTONIO DA PLATINA";"Animais na Pista";"Atropelamento de Animal";"Com Vítimas Feridas";"Plena Noite";"Crescente";"Céu Claro";"Simples";"Reta";"Não";1;0;1;0;0;0;1;1;-23,32560261;-50,06708369;"SPRF-PR";"DEL07-PR";"UOP04-DEL07-PR"
743702;2026-01-04;"domingo";"19:00:00";"MG";116;189,7;"CARAI";"Transitar na contramão";"Colisão frontal";"Com Vítimas Fatais";"Plena Noite";"Crescente";"Chuva";"Simples";"Aclive;Curva";"Não";5;3;1;1;0;0;2;2;-17,16018;-41,495545;"SPRF-MG";"DEL11-MG";"UOP01-DEL11-MG"
743703;2026-01-04;"domingo";"18:46:00";"PI";343;345,9;"TERESINA";"Ausência de reação do condutor";"Colisão traseira";"Com Vítimas Feridas";"Plena Noite";"Decrescente";"Céu Claro";"Simples";"Reta";"Sim";7;0;1;0;5;1;1;3;-5,110915;-42,770777;"SPRF-PI";"DEL01-PI";"UOP01-DEL01-PI"
743704;2026-01-04;"domingo";"19:50:00";"SP";116;450;"REGISTRO";"Condutor deixou de manter distância do veículo da frente";"Colisão traseira";"Com Vítimas Feridas";"Plena Noite";"Decrescente";"Nublado";"Dupla";"Reta";"Sim";7;0;6;0;1;0;6;2;-24,53665179;-47,85893872;"SPRF-SP";"DEL05-SP";"UOP01-DEL05-SP"
743708;2026-01-04;"domingo";"17:45:00";"SC";280;4,6;"SAO FRANCISCO DO SUL";"Desrespeitar a preferência no cruzamento";"Colisão transversal";"Com Vítimas Feridas";"Anoitecer";"Crescente";"Chuva";"Simples";"Rotatória";"Não";2;0;0;1;1;0;1;2;-26,25766;-48,62316;"SPRF-SC";"DEL03-SC";"UOP03-DEL03-SC"
743711;2026-01-04;"domingo";"17:10:00";"MT";163;1025;"PEIXOTO DE AZEVEDO";"Reação tardia ou ineficiente do condutor";"Engavetamento";"Com Vítimas Feridas";"Pleno dia";"Crescente";"Nublado";"Simples";"Declive;Reta";"Não";7;0;1;0;6;0;1;3;-10,273424;-55,0129741;"SPRF-MT";"DEL06-MT";"UOP03-DEL06-MT"
743712;2026-01-04;"domingo";"21:20:00";"MA";10;251;"IMPERATRIZ";"Pista esburacada";"Tombamento";"Com Vítimas Feridas";"Plena Noite";"Crescente";"Céu Claro";"Simples";"Reta";"Sim";1;0;1;0;0;0;1;1;-5,538282;-47,46739;"SPRF-MA";"DEL04-MA";"UOP01-DEL04-MA"
743713;2026-01-04;"domingo";"19:50:00";"RJ";393;281;"VOLTA REDONDA";"Ingestão de álcool pelo condutor";"Colisão traseira";"Sem Vítimas";"Plena Noite";"Crescente";"Céu Claro";"Simples";"Aclive;Reta;Interseção de Vias";"Sim";2;0;0;0;2;0;0;2;-22,47373362;-44,06151149;"SPRF-RJ";"DEL05-RJ";"UOP04-DEL05-RJ"
743714;2026-01-04;"domingo";"22:10:00";"ES";101;128;"SOORETAMA";"Ultrapassagem Indevida";"Colisão frontal";"Com Vítimas Fatais";"Plena Noite";"Decrescente";"Chuva";"Simples";"Declive;Reta";"Não";3;2;0;0;1;0;0;2;-19,210997;-40,094694;"SPRF-ES";"DEL04-ES";"UOP01-DEL04-ES"
743716;2026-01-04;"domingo";"22:40:00";"SC";101;124;"ITAJAI";"Condutor deixou de manter distância do veículo da frente";"Colisão traseira";"Com Vítimas Feridas";"Plena Noite";"Decrescente";"Nublado";"Múltipla";"Reta";"Sim";3;0;0;2;1;0;2;2;-26,93984827;-48,69522572;"SPRF-SC";"DEL04-SC";"UOP04-DEL04-SC"
743717;2026-01-04;"domingo";"16:20:00";"PI";343;97;"CARAUBAS DO PIAUI";"Ausência de reação do condutor";"Saída de leito carroçável";"Com Vítimas Feridas";"Pleno dia";"Decrescente";"Céu Claro";"Simples";"Aclive;Reta";"Não";2;0;1;1;0;0;2;1;-3,5506;-41,71067;"SPRF-PI";"DEL05-PI";"UOP01-DEL05-PI"
743718;2026-01-04;"domingo";"06:45:00";"MG";381;371;"SAO GONCALO DO RIO ABAIXO";"Pista Escorregadia";"Saída de leito carroçável";"Com Vítimas Feridas";"Pleno dia";"Decrescente";"Chuva";"Simples";"Aclive;Curva";"Não";5;0;2;0;3;0;2;1;-19,83873706;-43,33900452;"SPRF-MG";"DEL01-MG";"UOP01-DEL01-MG"
743719;2026-01-04;"domingo";"20:10:00";"RR";401;97;"BONFIM";"Animais na Pista";"Atropelamento de Animal";"Sem Vítimas";"Plena Noite";"Crescente";"Céu Claro";"Simples";"Reta";"Não";2;0;0;0;2;0;0;1;3,269325;-60,02179;"SPRF-RR";"DEL01-RR";"UOP01-DEL01-RR"
743720;2026-01-04;"domingo";"18:33:00";"MT";174;443;"NOVA LACERDA";"Manobra de mudança de faixa";"Colisão lateral mesmo sentido";"Com Vítimas Feridas";"Anoitecer";"Crescente";"Céu Claro";"Simples";"Reta";"Não";2;0;1;0;1;0;1;2;-14,06129081;-59,7435987;"SPRF-MT";"DEL04-MT";"UOP02-DEL04-MT"
743721;2026-01-04;"domingo";"22:50:00";"SP";116;213,9;"GUARULHOS";"Reação tardia ou ineficiente do condutor";"Tombamento";"Com Vítimas Feridas";"Plena Noite";"Crescente";"Nublado";"Múltipla";"Reta";"Sim";1;0;1;0;0;0;1;1;-23,44238022;-46,44447684;"SPRF-SP";"DEL01-SP";"UOP01-DEL01-SP"
743722;2026-01-04;"domingo";"21:05:00";"RS";290;402,7;"SANTA MARGARIDA DO SUL";"Transitar na contramão";"Colisão frontal";"Com Vítimas Fatais";"Plena Noite";"Crescente";"Céu Claro";"Simples";"Curva";"Não";3;1;0;0;2;0;0;2;-30,3588002;-54,1734726;"SPRF-RS";"DEL09-RS";"UOP02-DEL09-RS"
743723;2026-01-04;"domingo";"22:00:00";"RJ";116;197;"QUEIMADOS";"Condutor usando celular";"Colisão traseira";"Sem Vítimas";"Plena Noite";"Crescente";"Garoa/Chuvisco";"Dupla";"Reta";"Não";2;0;0;0;2;0;0;2;-22,7299067;-43,61290164;"SPRF-RJ";"DEL06-RJ";"UOP02-DEL06-RJ"
743724;2026-01-04;"domingo";"21:20:00";"ES";262;47;"MARECHAL FLORIANO";"Conversão proibida";"Colisão lateral mesmo sentido";"Com Vítimas Feridas";"Plena Noite";"Crescente";"Chuva";"Simples";"Reta;Aclive";"Não";2;0;1;0;0;1;1;2;-20,41232848;-40,68541254;"SPRF-ES";"DEL01-ES";"UOP01-DEL01-ES"
743725;2026-01-04;"domingo";"19:40:00";"PR";163;143;"CAPITAO LEONIDAS MARQUES";"Ingestão de álcool pelo condutor";"Saída de leito carroçável";"Com Vítimas Fatais";"Plena Noite";"Crescente";"Céu Claro";"Dupla";"Declive;Curva";"Não";2;1;1;0;0;0;1;1;-25,45403779;-53,58154535;"SPRF-PR";"DEL05-PR";"UOP05-DEL05-PR"
743726;2026-01-04;"domingo";"21:56:00";"MS";359;528;"LADARIO";"Ausência de reação do condutor";"Saída de leito carroçável";"Com Vítimas Feridas";"Plena Noite";"Crescente";"Céu Claro";"Simples";"Reta";"Não";1;0;1;0;0;0;1;1;-19,063352;-57,61787;"SPRF-MS";"DEL03-MS";"UOP03-DEL03-MS"
743727;2026-01-04;"domingo";"20:20:00";"RJ";116;275;"BARRA MANSA";"Ultrapassagem Indevida";"Colisão lateral sentido oposto";"Com Vítimas Feridas";"Plena Noite";"Crescente";"Nublado";"Simples";"Curva;Declive";"Sim";6;0;0;2;4;0;2;2;-22,562399;-44,157956;"SPRF-RJ";"DEL07-RJ";"UOP02-DEL07-RJ"
743728;2026-01-04;"domingo";"22:42:00";"PI";343;596,3;"FLORIANO";"Demais falhas mecânicas ou elétricas";"Incêndio";"Sem Vítimas";"Plena Noite";"Decrescente";"Céu Claro";"Simples";"Declive;Reta";"Não";1;0;0;0;1;0;0;1;-6,80731;-43,05233;"SPRF-PI";"DEL03-PI";"UOP01-DEL03-PI"
743729;2026-01-04;"domingo";"21:10:00";"MT";70;682;"CACERES";"Acumulo de água sobre o pavimento";"Saída de leito carroçável";"Com Vítimas Feridas";"Plena Noite";"Decrescente";"Chuva";"Simples";"Curva";"Não";5;0;4;0;1;0;4;1;-16,20321;-57,38726;"SPRF-MT";"DEL03-MT";"UOP02-DEL03-MT"
743730;2026-01-04;"domingo";"23:30:00";"BA";367;36;"PORTO SEGURO";"Animais na Pista";"Atropelamento de Animal";"Com Vítimas Feridas";"Plena Noite";"Decrescente";"Céu Claro";"Simples";"Curva";"Não";5;0;2;0;3;0;2;2;-16,3961131;-39,18437004;"SPRF-BA";"DEL09-BA";"UOP03-DEL09-BA"
743732;2026-01-04;"domingo";"23:25:00";"MG";381;441;"SANTA LUZIA";"Velocidade Incompatível";"Colisão frontal";"Sem Vítimas";"Plena Noite";"Decrescente";"Chuva";"Simples";"Curva";"Não";2;0;0;0;1;1;0;2;-19,82517271;-43,82137299;"SPRF-MG";"DEL01-MG";"UOP01-DEL01-MG"
743733;2026-01-04;"domingo";"20:00:00";"MT";364;182;"PEDRA PRETA";"Pista esburacada";"Saída de leito carroçável";"Com Vítimas Feridas";"Plena Noite";"Decrescente";"Céu Claro";"Simples";"Reta;Aclive";"Não";1;0;1;0;0;0;1;1;-16,5996;-54,50029;"SPRF-MT";"DEL02-MT";"UOP01-DEL02-MT"
743735;2026-01-05;"segunda-feira";"01:00:00";"PE";101;85,4;"JABOATAO DOS GUARARAPES";"Ausência de reação do condutor";"Saída de leito carroçável";"Com Vítimas Feridas";"Plena Noite";"Decrescente";"Céu Claro";"Dupla";"Reta";"Não";2;0;1;0;1;0;1;1;-8,18202;-34,96182;"SPRF-PE";"DEL01-PE";"UOP01-DEL01-PE"
743736;2026-01-04;"domingo";"18:30:00";"BA";324;564;"SAO SEBASTIAO DO PASSE";"Pista esburacada";"Queda de ocupante de veículo";"Com Vítimas Feridas";"Plena Noite";"Crescente";"Céu Claro";"Dupla";"Reta";"Não";2;0;2;0;0;0;2;1;-12,521981;-38,613979;"SPRF-BA";"DEL01-BA";"UOP01-DEL01-BA"
743737;2026-01-05;"segunda-feira";"02:50:00";"PB";104;133;"QUEIMADAS";"Animais na Pista";"Atropelamento de Animal";"Com Vítimas Feridas";"Plena Noite";"Decrescente";"Céu Claro";"Simples";"Reta";"Sim";1;0;0;1;0;0;1;1;-7,301653;-35,892305;"SPRF-PB";"DEL02-PB";"UOP03-DEL02-PB"
743739;2026-01-05;"segunda-feira";"03:00:00";"RJ";101;86;"CAMPOS DOS GOYTACAZES";"Acumulo de água sobre o pavimento";"Saída de leito carroçável";"Com Vítimas Feridas";"Plena Noite";"Decrescente";"Nublado";"Dupla";"Reta";"Não";5;0;4;0;1;0;4;1;-21,826385;-41,48667;"SPRF-RJ";"DEL08-RJ";"UOP02-DEL08-RJ"
743740;2026-01-05;"segunda-feira";"03:30:00";"SC";101;38,5;"JOINVILLE";"Desrespeitar a preferência no cruzamento";"Colisão transversal";"Com Vítimas Feridas";"Plena Noite";"Crescente";"Nublado";"Simples";"Rotatória";"Sim";2;0;1;0;1;0;1;2;-26,29666085;-48,88427703;"SPRF-SC";"DEL03-SC";"UOP01-DEL03-SC"
743741;2026-01-05;"segunda-feira";"02:15:00";"MG";381;154,8;"GOVERNADOR VALADARES";"Ausência de reação do condutor";"Tombamento";"Com Vítimas Feridas";"Plena Noite";"Crescente";"Céu Claro";"Simples";"Curva";"Não";1;0;1;0;0;0;1;1;-18,90677454;-42,00387119;"SPRF-MG";"DEL06-MG";"UOP01-DEL06-MG"
743742;2026-01-05;"segunda-feira";"02:55:00";"MS";158;83,5;"PARANAIBA";"Sinalização mal posicionada";"Saída de leito carroçável";"Com Vítimas Feridas";"Plena Noite";"Crescente";"Céu Claro";"Simples";"Em Obras;Aclive";"Não";4;0;3;0;1;0;3;1;-19,586659;-51,227485;"SPRF-MS";"DEL08-MS";"UOP01-DEL08-MS"
743743;2026-01-05;"segunda-feira";"03:42:00";"SC";470;34,8;"GASPAR";"Condutor Dormindo";"Saída de leito carroçável";"Com Vítimas Feridas";"Plena Noite";"Decrescente";"Nublado";"Dupla";"Em Obras;Reta";"Não";2;0;1;1;0;0;2;1;-26,9128513;-48,9577501;"SPRF-SC";"DEL04-SC";"UOP01-DEL04-SC"
743744;2026-01-05;"segunda-feira";"03:30:00";"PE";232;93;"SAIRE";"Reação tardia ou ineficiente do condutor";"Queda de ocupante de veículo";"Com Vítimas Fatais";"Plena Noite";"Decrescente";"Céu Claro";"Dupla";"Reta;Declive";"Não";1;1;0;0;0;0;0;1;-8,22211362;-35,6824801;"SPRF-PE";"DEL02-PE";"UOP03-DEL02-PE"
743747;2026-01-05;"segunda-feira";"06:20:00";"BA";324;513,8;"FEIRA DE SANTANA";"Conversão proibida";"Colisão transversal";"Sem Vítimas";"Pleno dia";"Decrescente";"Céu Claro";"Simples";"Reta;Interseção de Vias";"Sim";2;0;0;0;2;0;0;2;-12,2325349;-38,9527782;"SPRF-BA";"DEL02-BA";"UOP01-DEL02-BA"
743748;2026-01-04;"domingo";"14:40:00";"GO";70;472;"ARAGARCAS";"Acesso irregular";"Colisão transversal";"Com Vítimas Feridas";"Pleno dia";"Decrescente";"Céu Claro";"Simples";"Reta;Declive";"Sim";3;0;1;1;1;0;2;2;-15,89733469;-52,23338038;"SPRF-GO";"DEL04-GO";"UOP02-DEL04-GO"
743749;2026-01-05;"segunda-feira";"03:50:00";"AL";423;82,8;"DELMIRO GOUVEIA";"Animais na Pista";"Atropelamento de Animal";"Com Vítimas Feridas";"Plena Noite";"Decrescente";"Céu Claro";"Simples";"Reta";"Não";4;0;1;1;2;0;2;1;-9,339424;-38,00946;"SPRF-BA";"DEL07-BA";"UOP01-DEL07-BA"
743751;2026-01-05;"segunda-feira";"05:30:00";"RJ";101;318;"SAO GONCALO";"Reação tardia ou ineficiente do condutor";"Tombamento";"Com Vítimas Feridas";"Pleno dia";"Crescente";"Garoa/Chuvisco";"Dupla";"Reta";"Sim";2;0;2;0;0;0;2;1;-22,84523353;-43,09848474;"SPRF-RJ";"DEL02-RJ";"UOP02-DEL02-RJ"
743752;2026-01-05;"segunda-feira";"07:10:00";"RS";116;143,8;"CAXIAS DO SUL";"Reação tardia ou ineficiente do condutor";"Colisão lateral mesmo sentido";"Com Vítimas Feridas";"Pleno dia";"Crescente";"Céu Claro";"Dupla";"Curva";"Não";2;0;2;0;0;0;2;2;-29,126482;-51,128047;"SPRF-RS";"DEL05-RS";"UOP01-DEL05-RS"
743753;2026-01-05;"segunda-feira";"06:45:00";"PE";101;51;"PAULISTA";"Pedestre cruzava a pista fora da faixa";"Atropelamento de Pedestre";"Com Vítimas Feridas";"Pleno dia";"Decrescente";"Céu Claro";"Múltipla";"Reta";"Sim";2;0;0;1;1;0;1;2;-7,91861384;-34,89571095;"SPRF-PE";"DEL01-PE";"UOP02-DEL01-PE"
743754;2026-01-04;"domingo";"22:20:00";"SP";116;545;"BARRA DO TURVO";"Reação tardia ou ineficiente do condutor";"Capotamento";"Com Vítimas Feridas";"Plena Noite";"Crescente";"Chuva";"Múltipla";"Curva;Declive";"Não";4;0;1;0;3;0;1;1;-24,94784605;-48,42410535;"SPRF-SP";"DEL05-SP";"UOP02-DEL05-SP"
743756;2026-01-05;"segunda-feira";"00:25:00";"BA";367;30;"PORTO SEGURO";"Reação tardia ou ineficiente do condutor";"Colisão com objeto";"Com Vítimas Feridas";"Plena Noite";"Decrescente";"Céu Claro";"Simples";"Reta";"Não";2;0;1;1;0;0;2;1;-16,416;-39,158;"SPRF-BA";"DEL09-BA";"UOP03-DEL09-BA"
743758;2026-01-05;"segunda-feira";"07:00:00";"SP";116;308;"SAO LOURENCO DA SERRA";"Velocidade Incompatível";"Colisão frontal";"Com Vítimas Feridas";"Pleno dia";"Decrescente";"Garoa/Chuvisco";"Dupla";"Curva";"Sim";1;0;1;0;0;0;1;1;-23,85977984;-46,94552422;"SPRF-SP";"DEL04-SP";"UOP01-DEL04-SP"
743761;2026-01-05;"segunda-feira";"07:40:00";"PR";277;637,3;"CEU AZUL";"Ausência de reação do condutor";"Saída de leito carroçável";"Com Vítimas Feridas";"Pleno dia";"Crescente";"Céu Claro";"Simples";"Reta";"Sim";2;0;1;0;0;1;1;1;-25,14259342;-53,83276876;"SPRF-PR";"DEL05-PR";"UOP02-DEL05-PR"
743762;2026-01-04;"domingo";"04:50:00";"RJ";101;311,1;"SAO GONCALO";"Ausência de reação do condutor";"Colisão com objeto";"Sem Vítimas";"Amanhecer";"Decrescente";"Céu Claro";"Dupla";"Reta";"Não";1;0;0;0;1;0;0;1;-22,81293;-43,073376;"SPRF-RJ";"DEL02-RJ";"UOP02-DEL02-RJ"
743763;2026-01-05;"segunda-feira";"08:00:00";"ES";101;343,2;"GUARAPARI";"Avarias e/ou desgaste excessivo no pneu";"Colisão com objeto";"Com Vítimas Feridas";"Pleno dia";"Decrescente";"Chuva";"Dupla";"Curva";"Não";1;0;1;0;0;0;1;1;-20,6632368;-40,5930098;"SPRF-ES";"DEL03-ES";"UOP01-DEL03-ES"
743764;2026-01-05;"segunda-feira";"08:00:00";"BA";324;529;"FEIRA DE SANTANA";"Frear bruscamente";"Engavetamento";"Sem Vítimas";"Pleno dia";"Decrescente";"Céu Claro";"Dupla";"Reta";"Não";6;0;0;0;6;0;0;6;-12,33193;-38,856365;"SPRF-BA";"DEL01-BA";"UOP03-DEL01-BA"
743765;2026-01-05;"segunda-feira";"06:45:00";"GO";50;198;"CAMPO ALEGRE DE GOIAS";"Condutor Dormindo";"Saída de leito carroçável";"Com Vítimas Feridas";"Pleno dia";"Crescente";"Chuva";"Dupla";"Declive;Reta";"Não";2;0;1;0;1;0;1;1;-17,57465;-47,821317;"SPRF-GO";"DEL06-GO";"UOP01-DEL06-GO"
743767;2026-01-05;"segunda-feira";"06:20:00";"TO";153;590;"SANTA RITA DO TOCANTINS";"Condutor Dormindo";"Saída de leito carroçável";"Com Vítimas Feridas";"Amanhecer";"Crescente";"Céu Claro";"Simples";"Reta";"Não";5;0;2;0;3;0;2;1;-11,01249;-48,90831;"SPRF-TO";"DEL01-TO";"UOP01-DEL01-TO"
743768;2026-01-05;"segunda-feira";"06:50:00";"RN";427;134,6;"SERRA NEGRA DO NORTE";"Reação tardia ou ineficiente do condutor";"Colisão traseira";"Com Vítimas Feridas";"Pleno dia";"Crescente";"Céu Claro";"Simples";"Reta";"Não";3;0;0;2;1;0;2;2;-6,58146691;-37,28616716;"SPRF-RN";"DEL03-RN";"UOP01-DEL03-RN"
743771;2026-01-05;"segunda-feira";"08:00:00";"RJ";40;119;"DUQUE DE CAXIAS";"Manobra de mudança de faixa";"Colisão lateral mesmo sentido";"Com Vítimas Feridas";"Pleno dia";"Crescente";"Nublado";"Dupla";"Reta";"Sim";2;0;1;0;1;0;1;2;-22,766762;-43,286843;"SPRF-RJ";"DEL01-RJ";"UOP02-DEL01-RJ"
743773;2026-01-05;"segunda-feira";"09:10:00";"PR";376;421,1;"TIBAGI";"Ausência de reação do condutor";"Saída de leito carroçável";"Com Vítimas Feridas";"Pleno dia";"Decrescente";"Céu Claro";"Dupla";"Curva";"Não";3;0;0;1;2;0;1;1;-24,71494;-50,54824;"SPRF-PR";"DEL03-PR";"UOP02-DEL03-PR"
743774;2026-01-05;"segunda-feira";"09:15:00";"MG";262;364,5;"JUATUBA";"Velocidade Incompatível";"Saída de leito carroçável";"Com Vítimas Feridas";"Pleno dia";"Crescente";"Chuva";"Dupla";"Curva;Declive";"Não";1;0;1;0;0;0;1;1;-19,9566;-44,3447;"SPRF-MG";"DEL01-MG";"UOP03-DEL01-MG"
743775;2026-01-05;"segunda-feira";"09:21:00";"PB";230;21,8;"JOAO PESSOA";"Condutor deixou de manter distância do veículo da frente";"Colisão traseira";"Com Vítimas Feridas";"Pleno dia";"Decrescente";"Céu Claro";"Dupla";"Reta";"Sim";5;0;1;0;4;0;1;5;-7,15058344;-34,8523643;"SPRF-PB";"DEL01-PB";"UOP01-DEL01-PB"
743777;2026-01-05;"segunda-feira";"07:50:00";"RJ";101;282;"ITABORAI";"Pista Escorregadia";"Queda de ocupante de veículo";"Com Vítimas Feridas";"Pleno dia";"Decrescente";"Garoa/Chuvisco";"Dupla";"Viaduto";"Sim";1;0;1;0;0;0;1;1;-22,7353564;-42,80426762;"SPRF-RJ";"DEL02-RJ";"UOP02-DEL02-RJ"
743778;2026-01-05;"segunda-feira";"09:00:00";"ES";101;349,9;"ANCHIETA";"Velocidade Incompatível";"Colisão com objeto";"Com Vítimas Feridas";"Pleno dia";"Crescente";"Chuva";"Dupla";"Curva";"Não";2;0;1;1;0;0;2;1;-20,659053;-40,647867;"SPRF-ES";"DEL03-ES";"UOP01-DEL03-ES"
743779;2026-01-05;"segunda-feira";"09:35:00";"GO";50;95;"CRISTALINA";"Manobra de mudança de faixa";"Colisão frontal";"Com Vítimas Feridas";"Pleno dia";"Crescente";"Nublado";"Simples";"Viaduto;Curva";"Sim";2;0;1;0;1;0;1;2;-16,753788;-47,603763;"SPRF-DF";"DEL01-DF";"UOP02-DEL01-DF"
743780;2026-01-05;"segunda-feira";"08:30:00";"SE";101;57;"ROSARIO DO CATETE";"Reação tardia ou ineficiente do condutor";"Eventos atípicos";"Com Vítimas Feridas";"Pleno dia";"Crescente";"Céu Claro";"Simples";"Reta";"Não";2;0;1;0;1;0;1;2;-10,64465399;-37,01855835;"SPRF-SE";"DEL02-SE";"UOP02-DEL02-SE"
743781;2026-01-05;"segunda-feira";"10:20:00";"PB";230;22,5;"JOAO PESSOA";"Ausência de reação do condutor";"Engavetamento";"Com Vítimas Feridas";"Pleno dia";"Decrescente";"Céu Claro";"Dupla";"Reta";"Sim";4;0;2;0;2;0;2;3;-7,156232;-34,85729;"SPRF-PB";"DEL01-PB";"UOP01-DEL01-PB"
743783;2026-01-05;"segunda-feira";"09:40:00";"RJ";493;6;"ITABORAI";"Acesso irregular";"Colisão lateral mesmo sentido";"Com Vítimas Feridas";"Pleno dia";"Decrescente";"Céu Claro";"Simples";"Reta;Em Obras";"Sim";2;0;1;0;1;0;1;2;-22,73439026;-42,95259476;"SPRF-RJ";"DEL02-RJ";"UOP02-DEL02-RJ"
743784;2026-01-05;"segunda-feira";"10:00:00";"DF";70;10;"BRASILIA";"Reação tardia ou ineficiente do condutor";"Saída de leito carroçável";"Com Vítimas Feridas";"Pleno dia";"Crescente";"Chuva";"Dupla";"Reta";"Não";1;0;1;0;0;0;1;1;-15,788342;-48,14513;"SPRF-DF";"DEL03-DF";"UOP02-DEL03-DF"
743788;2026-01-05;"segunda-feira";"10:25:00";"GO";60;46;"ALEXANIA";"Chuva";"Saída de leito carroçável";"Com Vítimas Feridas";"Pleno dia";"Decrescente";"Chuva";"Dupla";"Curva;Aclive";"Não";1;0;1;0;0;0;1;1;-16,144391;-48,600591;"SPRF-GO";"DEL02-GO";"UOP01-DEL02-GO"
743789;2026-01-05;"segunda-feira";"10:05:00";"BA";324;527;"FEIRA DE SANTANA";"Condutor deixou de manter distância do veículo da frente";"Colisão traseira";"Com Vítimas Feridas";"Pleno dia";"Decrescente";"Céu Claro";"Dupla";"Reta";"Não";2;0;1;0;1;0;1;2;-12,321912;-38,869597;"SPRF-BA";"DEL01-BA";"UOP03-DEL01-BA"
743790;2026-01-05;"segunda-feira";"11:20:00";"TO";153;794;"TALISMA";"Reação tardia ou ineficiente do condutor";"Saída de leito carroçável";"Com Vítimas Feridas";"Pleno dia";"Crescente";"Garoa/Chuvisco";"Simples";"Reta";"Não";1;0;1;0;0;0;1;1;-12,7953;-49,09104538;"SPRF-TO";"DEL01-TO";"UOP02-DEL01-TO"
743791;2026-01-05;"segunda-feira";"10:25:00";"SC";101;86;"BARRA VELHA";"Ausência de reação do condutor";"Engavetamento";"Sem Vítimas";"Pleno dia";"Decrescente";"Céu Claro";"Dupla";"Reta";"Não";3;0;0;0;3;0;0;3;-26,6404008;-48,69449615;"SPRF-SC";"DEL03-SC";"UOP02-DEL03-SC"
743792;2026-01-05;"segunda-feira";"10:00:00";"RJ";101;514;"ANGRA DOS REIS";"Ausência de reação do condutor";"Tombamento";"Com Vítimas Feridas";"Pleno dia";"Decrescente";"Nublado";"Simples";"Curva";"Não";2;0;2;0;0;0;2;1;-23,00626335;-44,47432458;"SPRF-RJ";"DEL03-RJ";"UOP03-DEL03-RJ"
743793;2026-01-01;"quinta-feira";"17:40:00";"RJ";101;519;"ANGRA DOS REIS";"Chuva";"Colisão frontal";"Com Vítimas Feridas";"Pleno dia";"Decrescente";"Chuva";"Simples";"Reta";"Não";7;0;1;2;4;0;3;2;-23,00544492;-44,47067007;"SPRF-RJ";"DEL03-RJ";"UOP03-DEL03-RJ"
743795;2026-01-05;"segunda-feira";"10:40:00";"GO";20;173,2;"ALVORADA DO NORTE";"Manobra de mudança de faixa";"Colisão transversal";"Com Vítimas Fatais";"Pleno dia";"Crescente";"Céu Claro";"Simples";"Reta";"Não";8;2;3;3;0;0;6;2;-14,553807;-46,557967;"SPRF-DF";"DEL02-DF";"UOP03-DEL02-DF"
743796;2026-01-05;"segunda-feira";"10:46:00";"RN";101;20,4;"TOUROS";"Acessar a via sem observar a presença dos outros veículos";"Colisão lateral mesmo sentido";"Com Vítimas Feridas";"Pleno dia";"Decrescente";"Céu Claro";"Simples";"Reta";"Não";3;0;2;0;1;0;2;2;-5,297965;-35,426143;"SPRF-RN";"DEL02-RN";"UOP01-DEL02-RN"
743798;2026-01-05;"segunda-feira";"10:55:00";"MG";40;698,7;"BARBACENA";"Retorno proibido";"Colisão transversal";"Com Vítimas Feridas";"Pleno dia";"Decrescente";"Céu Claro";"Simples";"Aclive;Reta";"Não";3;0;0;2;1;0;2;2;-21,19364405;-43,75102468;"SPRF-MG";"DEL05-MG";"UOP02-DEL05-MG"