"id";"data_inversa";"dia_semana";"horario";"uf";"br";"km";"municipio";"causa_acidente";"tipo_acidente";"classificacao_acidente";"fase_dia";"sentido_via";"condicao_metereologica";"tipo_pista";"tracado_via";"uso_solo";"pessoas";"mortos";"feridos_leves";"feridos_graves";"ilesos";"ignorados";"feridos";"veiculos";"latitude";"longitude";"regional";"delegacia";"uop"
744362;2026-01-08;"quinta-feira";"10:30:00";"SC";101;123;"ITAJAI";"Ausência de reação do condutor";"Tombamento";"Com Vítimas Feridas";"Pleno dia";"Decrescente";"Céu Claro";"Múltipla";"Reta";"Sim";2;0;1;0;1;0;1;2;-26,94178687;-48,69380951;"SPRF-SC";"DEL04-SC";"UOP04-DEL04-SC"
744365;2026-01-08;"quinta-feira";"08:40:00";"MA";135;99;"ITAPECURU MIRIM";"Condutor deixou de manter distância do veículo da frente";"Colisão traseira";"Com Vítimas Feridas";"Pleno dia";"Decrescente";"Céu Claro";"Simples";"Reta";"Não";3;0;1;0;1;1;1;2;-3,35518;-44,46642;"SPRF-MA";"DEL01-MA";"UOP02-DEL01-MA"
744366;2026-01-07;"quarta-feira";"19:30:00";"PA";230;798;"URUARA";"Pista Escorregadia";"Saída de leito carroçável";"Com Vítimas Fatais";"Plena Noite";"Decrescente";"Chuva";"Simples";"Reta";"Não";2;1;1;0;0;0;1;1;-3,61860795;-53,34223925;"SPRF-PA";"DEL04-PA";"UOP01-DEL04-PA"
744368;2026-01-08;"quinta-feira";"09:55:00";"PR";116;103,7;"SAO JOSE DOS PINHAIS";"Ausência de reação do condutor";"Engavetamento";"Com Vítimas Feridas";"Pleno dia";"Crescente";"Céu Claro";"Dupla";"Reta";"Sim";5;0;1;0;4;0;1;3;-25,571312;-49,196367;"SPRF-PR";"DEL01-PR";"UOP07-DEL01-PR"
744369;2026-01-08;"quinta-feira";"10:45:00";"SC";280;24,1;"ARAQUARI";"Acessar a via sem observar a presença dos outros veículos";"Colisão transversal";"Com Vítimas Feridas";"Pleno dia";"Crescente";"Céu Claro";"Simples";"Reta";"Não";3;0;1;0;2;0;1;2;-26,378433;-48,721151;"SPRF-SC";"DEL03-SC";"UOP03-DEL03-SC"
744370;2026-01-08;"quinta-feira";"09:00:00";"SC";101;281,5;"IMBITUBA";"Ausência de reação do condutor";"Capotamento";"Sem Vítimas";"Pleno dia";"Decrescente";"Nublado";"Múltipla";"Reta";"Não";3;0;0;0;2;1;0;1;-28,156282;-48,690466;"SPRF-SC";"DEL02-SC";"UOP03-DEL02-SC"
744372;2026-01-01;"quinta-feira";"23:30:00";"SP";381;8;"VARGEM";"Ausência de reação do condutor";"Tombamento";"Com Vítimas Fatais";"Plena Noite";"Decrescente";"Chuva";"Dupla";"Curva";"Não";7;1;5;0;1;0;5;1;-22,91411844;-46,42683344;"SPRF-SP";"DEL03-SP";"UOP02-DEL03-SP"
744376;2026-01-08;"quinta-feira";"11:10:00";"ES";101;207;"IBIRACU";"Retorno proibido";"Colisão transversal";"Com Vítimas Feridas";"Pleno dia";"Crescente";"Céu Claro";"Dupla";"Curva";"Não";3;0;1;0;2;0;1;2;-19,779883;-40,37149;"SPRF-ES";"DEL02-ES";"UOP01-DEL02-ES"
744377;2026-01-08;"quinta-feira";"11:00:00";"GO";40;72,4;"CRISTALINA";"Condutor Dormindo";"Capotamento";"Com Vítimas Feridas";"Pleno dia";"Decrescente";"Nublado";"Dupla";"Reta";"Não";3;0;1;2;0;0;3;1;-16,62135;-47,74984;"SPRF-DF";"DEL01-DF";"UOP02-DEL01-DF"
744378;2026-01-08;"quinta-feira";"09:45:00";"PA";230;116;"MARABA";"Reação tardia ou ineficiente do condutor";"Tombamento";"Com Vítimas Feridas";"Pleno dia";"Decrescente";"Chuva";"Dupla";"Retorno Regulamentado;Reta";"Sim";1;0;1;0;0;0;1;1;-5,35891209;-49,08419967;"SPRF-PA";"DEL03-PA";"UOP01-DEL03-PA"
744379;2026-01-08;"quinta-feira";"12:00:00";"ES";101;258;"SERRA";"Animais na Pista";"Atropelamento de Animal";"Com Vítimas Feridas";"Pleno dia";"Decrescente";"Sol";"Dupla";"Reta";"Sim";2;0;2;0;0;0;2;1;-20,13104745;-40,29565126;"SPRF-ES";"DEL02-ES";"UOP01-DEL02-ES"
744380;2026-01-08;"quinta-feira";"10:00:00";"BA";116;493,4;"RAFAEL JAMBEIRO";"Reação tardia ou ineficiente do condutor";"Saída de leito carroçável";"Com Vítimas Feridas";"Pleno dia";"Crescente";"Céu Claro";"Dupla";"Interseção de Vias";"Não";3;0;3;0;0;0;3;1;-12,57834405;-39,5103664;"SPRF-BA";"DEL02-BA";"UOP01-DEL02-BA"
744385;2026-01-08;"quinta-feira";"07:00:00";"BA";135;300;"SANTA MARIA DA VITORIA";"Reação tardia ou ineficiente do condutor";"Colisão traseira";"Com Vítimas Feridas";"Pleno dia";"Crescente";"Céu Claro";"Simples";"Reta";"Não";2;0;0;1;1;0;1;2;-13,033;-44,618;"SPRF-BA";"DEL10-BA";"UOP02-DEL10-BA"
744387;2026-01-08;"quinta-feira";"12:40:00";"PR";376;635;"SAO JOSE DOS PINHAIS";"Ausência de reação do condutor";"Colisão lateral mesmo sentido";"Com Vítimas Feridas";"Pleno dia";"Crescente";"Céu Claro";"Dupla";"Aclive;Reta";"Não";3;0;1;0;2;0;1;2;-25,74662;-49,130273;"SPRF-PR";"DEL01-PR";"UOP04-DEL01-PR"
744388;2026-01-08;"quinta-feira";"10:20:00";"SC";101;379,7;"ICARA";"Demais falhas mecânicas ou elétricas";"Tombamento";"Com Vítimas Feridas";"Pleno dia";"Crescente";"Céu Claro";"Múltipla";"Reta";"Não";1;0;1;0;0;0;1;1;-28,792235;-49,349597;"SPRF-SC";"DEL02-SC";"UOP02-DEL02-SC"
744392;2026-01-08;"quinta-feira";"12:20:00";"SP";116;111;"TAUBATE";"Reação tardia ou ineficiente do condutor";"Colisão traseira";"Com Vítimas Feridas";"Pleno dia";"Decrescente";"Céu Claro";"Dupla";"Reta";"Sim";2;0;0;1;1;0;1;2;-23,0370597;-45,55711031;"SPRF-SP";"DEL02-SP";"UOP02-DEL02-SP"
744395;2026-01-08;"quinta-feira";"12:45:00";"RS";448;9,5;"CANOAS";"Ausência de reação do condutor";"Queda de ocupante de veículo";"Com Vítimas Feridas";"Pleno dia";"Crescente";"Céu Claro";"Simples";"Viaduto;Curva";"Não";1;0;0;1;0;0;1;1;-29,87995031;-51,23666016;"SPRF-RS";"DEL01-RS";"UOP02-DEL01-RS"
744396;2026-01-08;"quinta-feira";"13:15:00";"SC";470;14;"ILHOTA";"Ingestão de álcool pelo condutor";"Capotamento";"Sem Vítimas";"Pleno dia";"Decrescente";"Nublado";"Dupla";"Curva";"Não";1;0;0;0;0;1;0;1;-26,84344048;-48,79432261;"SPRF-SC";"DEL04-SC";"UOP04-DEL04-SC"
744397;2026-01-08;"quinta-feira";"12:05:00";"MG";116;303,2;"ITAMBACURI";"Reação tardia ou ineficiente do condutor";"Colisão lateral mesmo sentido";"Com Vítimas Feridas";"Pleno dia";"Decrescente";"Céu Claro";"Simples";"Aclive;Curva";"Não";5;0;0;1;3;1;1;4;-18,017837;-41,645152;"SPRF-MG";"DEL11-MG";"UOP01-DEL11-MG"
744401;2026-01-08;"quinta-feira";"13:30:00";"PR";373;176;"PONTA GROSSA";"Ausência de reação do condutor";"Colisão traseira";"Com Vítimas Feridas";"Pleno dia";"Decrescente";"Sol";"Dupla";"Reta";"Sim";2;0;1;0;1;0;1;2;-25,058441;-50,222626;"SPRF-PR";"DEL03-PR";"UOP01-DEL03-PR"
744403;2026-01-08;"quinta-feira";"14:30:00";"MG";381;886;"ESTIVA";"Velocidade Incompatível";"Tombamento";"Sem Vítimas";"Pleno dia";"Crescente";"Céu Claro";"Dupla";"Curva";"Não";1;0;0;0;0;1;0;1;-22,51446;-46,02112;"SPRF-MG";"DEL16-MG";"UOP01-DEL16-MG"
744406;2026-01-08;"quinta-feira";"13:30:00";"PI";343;591;"FLORIANO";"Reação tardia ou ineficiente do condutor";"Colisão transversal";"Com Vítimas Feridas";"Pleno dia";"Decrescente";"Sol";"Dupla";"Reta;Interseção de Vias;Retorno Regulamentado";"Sim";2;0;2;0;0;0;2;2;-6,78019;-43,02626;"SPRF-PI";"DEL03-PI";"UOP01-DEL03-PI"
744408;2026-01-08;"quinta-feira";"11:20:00";"PI";343;338,5;"TERESINA";"Acessar a via sem observar a presença dos outros veículos";"Colisão transversal";"Com Vítimas Feridas";"Pleno dia";"Decrescente";"Céu Claro";"Dupla";"Reta";"Sim";2;0;1;0;1;0;1;2;-5,064675;-42,726897;"SPRF-PI";"DEL01-PI";"UOP01-DEL01-PI"
744409;2026-01-08;"quinta-feira";"13:46:00";"MG";381;949;"EXTREMA";"Chuva";"Colisão com objeto";"Com Vítimas Feridas";"Pleno dia";"Crescente";"Chuva";"Dupla";"Reta";"Não";4;0;3;1;0;0;4;1;-22,87537899;-46,36751739;"SPRF-MG";"DEL16-MG";"UOP03-DEL16-MG"
744410;2026-01-08;"quinta-feira";"14:30:00";"ES";101;94,2;"JAGUARE";"Acessar a via sem observar a presença dos outros veículos";"Colisão transversal";"Com Vítimas Feridas";"Pleno dia";"Crescente";"Céu Claro";"Simples";"Rotatória;Declive;Reta";"Sim";3;0;2;1;0;0;3;2;-18,93317838;-39,97292725;"SPRF-ES";"DEL04-ES";"UOP02-DEL04-ES"
744411;2026-01-08;"quinta-feira";"15:40:00";"SC";470;62,7;"INDAIAL";"Reação tardia ou ineficiente do condutor";"Colisão lateral sentido oposto";"Sem Vítimas";"Pleno dia";"Decrescente";"Chuva";"Simples";"Curva";"Sim";2;0;0;0;1;1;0;2;-26,872173;-49,193196;"SPRF-SC";"DEL04-SC";"UOP01-DEL04-SC"
744412;2026-01-06;"terça-feira";"19:00:00";"RS";287;386,5;"SANTIAGO";"Desrespeitar a preferência no cruzamento";"Colisão transversal";"Com Vítimas Feridas";"Anoitecer";"Crescente";"Céu Claro";"Simples";"Aclive;Reta";"Não";7;0;7;0;0;0;7;2;-29,26813135;-54,8048687;"SPRF-RS";"DEL12-RS";"UOP02-DEL12-RS"
744413;2026-01-08;"quinta-feira";"15:00:00";"GO";60;397;"RIO VERDE";"Chuva";"Eventos atípicos";"Com Vítimas Feridas";"Pleno dia";"Crescente";"Chuva";"Dupla";"Curva;Declive";"Não";2;0;2;0;0;0;2;1;-17,821815;-51,040875;"SPRF-GO";"DEL04-GO";"UOP02-DEL04-GO"
744414;2026-01-08;"quinta-feira";"13:38:00";"PR";272;407,4;"JANIOPOLIS";"Desrespeitar a preferência no cruzamento";"Colisão transversal";"Com Vítimas Feridas";"Pleno dia";"Crescente";"Sol";"Simples";"Reta";"Não";3;0;0;1;2;0;1;2;-24,1235808;-52,7605849;"SPRF-PR";"DEL09-PR";"UOP03-DEL09-PR"
744415;2026-01-08;"quinta-feira";"15:30:00";"RJ";101;334;"RIO DE JANEIRO";"Ausência de reação do condutor";"Colisão traseira";"Com Vítimas Feridas";"Pleno dia";"Decrescente";"Céu Claro";"Múltipla";"Reta";"Sim";2;0;1;0;1;0;1;2;-22,87174665;-43,20407867;"SPRF-RJ";"DEL02-RJ";"UOP01-DEL02-RJ"
744416;2026-01-08;"quinta-feira";"16:00:00";"PR";277;39,1;"MORRETES";"Reação tardia ou ineficiente do condutor";"Saída de leito carroçável";"Com Vítimas Feridas";"Pleno dia";"Decrescente";"Céu Claro";"Dupla";"Reta";"Não";1;0;1;0;0;0;1;1;-25,5794;-48,863;"SPRF-PR";"DEL01-PR";"UOP05-DEL01-PR"
744417;2026-01-08;"quinta-feira";"15:30:00";"PE";428;184,4;"PETROLINA";"Reação tardia ou ineficiente do condutor";"Colisão traseira";"Sem Vítimas";"Pleno dia";"Crescente";"Sol";"Dupla";"Reta";"Sim";3;0;0;0;3;0;0;3;-9,347127;-40,474097;"SPRF-PE";"DEL06-PE";"UOP01-DEL06-PE"
744418;2026-01-08;"quinta-feira";"09:22:00";"RO";364;14;"VILHENA";"Acessar a via sem observar a presença dos outros veículos";"Colisão transversal";"Com Vítimas Feridas";"Pleno dia";"Crescente";"Céu Claro";"Dupla";"Rotatória";"Não";2;0;1;0;1;0;1;2;-12,73889821;-60,13950918;"SPRF-RO";"DEL04-RO";"UOP01-DEL04-RO"
744422;2026-01-08;"quinta-feira";"16:35:00";"SC";282;16,4;"PALHOCA";"Acessar a via sem observar a presença dos outros veículos";"Colisão transversal";"Com Vítimas Feridas";"Pleno dia";"Crescente";"Chuva";"Simples";"Reta";"Sim";2;0;1;0;1;0;1;2;-27,661972;-48,684803;"SPRF-SC";"DEL01-SC";"UOP02-DEL01-SC"
744423;2026-01-08;"quinta-feira";"17:00:00";"SC";101;144;"ITAPEMA";"Ausência de reação do condutor";"Colisão traseira";"Com Vítimas Feridas";"Pleno dia";"Decrescente";"Garoa/Chuvisco";"Dupla";"Reta";"Sim";3;0;1;1;1;0;2;2;-27,07403404;-48,59698026;"SPRF-SC";"DEL04-SC";"UOP03-DEL04-SC"
744425;2026-01-08;"quinta-feira";"15:35:00";"PR";116;49;"CAMPINA GRANDE DO SUL";"Velocidade Incompatível";"Saída de leito carroçável";"Com Vítimas Fatais";"Pleno dia";"Decrescente";"Chuva";"Dupla";"Curva";"Não";2;1;1;0;0;0;1;1;-25,2279017;-48,9072033;"SPRF-PR";"DEL01-PR";"UOP02-DEL01-PR"
744429;2026-01-08;"quinta-feira";"16:05:00";"RS";290;33;"SANTO ANTONIO DA PATRULHA";"Avarias e/ou desgaste excessivo no pneu";"Saída de leito carroçável";"Sem Vítimas";"Pleno dia";"Decrescente";"Céu Claro";"Dupla";"Reta";"Não";1;0;0;0;1;0;0;1;-29,885496;-50,580911;"SPRF-RS";"DEL03-RS";"UOP01-DEL03-RS"
744431;2026-01-08;"quinta-feira";"15:30:00";"SC";470;4;"NAVEGANTES";"Reação tardia ou ineficiente do condutor";"Colisão traseira";"Com Vítimas Feridas";"Pleno dia";"Crescente";"Chuva";"Múltipla";"Viaduto;Retorno Regulamentado";"Sim";2;0;1;0;1;0;1;2;-26,85859699;-48,68939996;"SPRF-SC";"DEL04-SC";"UOP04-DEL04-SC"
744432;2026-01-08;"quinta-feira";"16:20:00";"SC";101;31;"SAO JOSE";"Chuva";"Queda de ocupante de veículo";"Com Vítimas Feridas";"Pleno dia";"Decrescente";"Garoa/Chuvisco";"Múltipla";"Rotatória";"Não";1;0;1;0;0;0;1;1;-27,58632148;-48,69520426;"SPRF-SC";"DEL01-SC";"UOP02-DEL01-SC"
744433;2026-01-08;"quinta-feira";"12:30:00";"AP";156;463;"PRACUUBA";"Avarias e/ou desgaste excessivo no pneu";"Saída de leito carroçável";"Com Vítimas Feridas";"Pleno dia";"Decrescente";"Céu Claro";"Simples";"Reta";"Não";7;0;4;1;1;1;5;2;1,59950457;-50,90686798;"SPRF-AP";"DEL01-AP";"UOP02-DEL01-AP"
744435;2026-01-08;"quinta-feira";"16:30:00";"RJ";101;328;"NITEROI";"Condutor deixou de manter distância do veículo da frente";"Colisão traseira";"Sem Vítimas";"Pleno dia";"Decrescente";"Céu Claro";"Dupla";"Reta";"Sim";2;0;0;0;2;0;0;2;-22,86984866;-43,17054033;"SPRF-RJ";"DEL02-RJ";"UOP01-DEL02-RJ"
744437;2026-01-08;"quinta-feira";"16:50:00";"PE";408;98;"RECIFE";"Acumulo de óleo sobre o pavimento";"Queda de ocupante de veículo";"Com Vítimas Feridas";"Anoitecer";"Decrescente";"Céu Claro";"Simples";"Curva";"Sim";2;0;2;0;0;0;2;1;-8,06770666;-34,99006333;"SPRF-PE";"DEL01-PE";"UOP01-DEL01-PE"
744441;2026-01-08;"quinta-feira";"13:50:00";"BA";242;678;"MUQUEM DE SAO FRANCISCO";"Reação tardia ou ineficiente do condutor";"Colisão lateral sentido oposto";"Com Vítimas Feridas";"Pleno dia";"Crescente";"Céu Claro";"Simples";"Reta";"Não";4;0;1;0;3;0;1;2;-12,21084;-43,79081;"SPRF-BA";"DEL10-BA";"UOP01-DEL10-BA"
744442;2026-01-08;"quinta-feira";"15:06:00";"AL";101;180;"JUNQUEIRO";"Acumulo de água sobre o pavimento";"Saída de leito carroçável";"Com Vítimas Feridas";"Pleno dia";"Crescente";"Chuva";"Dupla";"Curva";"Não";5;0;2;0;0;3;2;1;-9,88847;-36,40198;"SPRF-AL";"DEL02-AL";"UOP02-DEL02-AL"
744443;2026-01-08;"quinta-feira";"17:20:00";"SP";116;51,2;"LORENA";"Avarias e/ou desgaste excessivo no pneu";"Tombamento";"Com Vítimas Feridas";"Pleno dia";"Decrescente";"Sol";"Dupla";"Reta";"Não";2;0;2;0;0;0;2;1;-22,7426496;-45,0934644;"SPRF-SP";"DEL08-SP";"UOP02-DEL08-SP"
744446;2026-01-08;"quinta-feira";"13:40:00";"MT";163;109;"RONDONOPOLIS";"Ingestão de álcool pelo condutor";"Colisão com objeto";"Sem Vítimas";"Pleno dia";"Decrescente";"Céu Claro";"Dupla";"Declive;Reta";"Não";1;0;0;0;1;0;0;1;-16,5707;-54,6839;"SPRF-MT";"DEL02-MT";"UOP01-DEL02-MT"
744448;2026-01-08;"quinta-feira";"18:00:00";"SP";116;154,3;"SAO JOSE DOS CAMPOS";"Reação tardia ou ineficiente do condutor";"Colisão lateral mesmo sentido";"Com Vítimas Feridas";"Anoitecer";"Crescente";"Nublado";"Dupla";"Reta";"Sim";3;0;2;0;1;0;2;2;-23,24516831;-45,92784047;"SPRF-SP";"DEL02-SP";"UOP01-DEL02-SP"
744449;2026-01-08;"quinta-feira";"18:00:00";"PR";376;599,5;"CURITIBA";"Ausência de reação do condutor";"Colisão traseira";"Com Vítimas Feridas";"Pleno dia";"Crescente";"Céu Claro";"Dupla";"Declive;Reta";"Sim";2;0;1;0;1;0;1;2;-25,49946746;-49,34235541;"SPRF-PR";"DEL01-PR";"UOP03-DEL01-PR"
744450;2026-01-08;"quinta-feira";"17:40:00";"RO";364;693;"CANDEIAS DO JAMARI";"Retorno proibido";"Colisão lateral mesmo sentido";"Com Vítimas Feridas";"Anoitecer";"Decrescente";"Céu Claro";"Simples";"Reta";"Sim";3;0;2;0;1;0;2;2;-8,79789098;-63,71291248;"SPRF-RO";"DEL01-RO";"UOP01-DEL01-RO"
744451;2026-01-08;"quinta-feira";"18:40:00";"BA";116;631;"JAGUAQUARA";"Acesso irregular";"Colisão transversal";"Com Vítimas Feridas";"Plena Noite";"Crescente";"Céu Claro";"Simples";"Reta";"Não";2;0;1;0;0;1;1;2;-13,509722;-40,05495363;"SPRF-BA";"DEL03-BA";"UOP01-DEL03-BA"
744453;2026-01-08;"quinta-feira";"17:13:00";"MT";70;416;"CAMPO VERDE";"Chuva";"Saída de leito carroçável";"Com Vítimas Feridas";"Anoitecer";"Decrescente";"Chuva";"Simples";"Reta";"Não";2;0;2;0;0;0;2;1;-15,70601026;-55,3326416;"SPRF-MT";"DEL05-MT";"UOP02-DEL05-MT"
744454;2026-01-08;"quinta-feira";"19:40:00";"SC";101;207,2;"SAO JOSE";"Acessar a via sem observar a presença dos outros veículos";"Colisão lateral mesmo sentido";"Com Vítimas Feridas";"Plena Noite";"Decrescente";"Céu Claro";"Múltipla";"Reta;Interseção de Vias";"Sim";3;0;1;0;1;1;1;3;-27,60224;-48,62955;"SPRF-SC";"DEL01-SC";"UOP01-DEL01-SC"
744455;2026-01-08;"quinta-feira";"18:45:00";"PB";361;23;"SANTA TERESINHA";"Ingestão de álcool pelo condutor";"Tombamento";"Com Vítimas Feridas";"Plena Noite";"Decrescente";"Céu Claro";"Simples";"Reta";"Sim";2;0;1;1;0;0;2;1;-7,085058;-37,45005;"SPRF-PB";"DEL03-PB";"UOP01-DEL03-PB"
744457;2026-01-08;"quinta-feira";"14:15:00";"BA";101;686,4;"ITAGIMIRIM";"Demais falhas mecânicas ou elétricas";"Tombamento";"Com Vítimas Feridas";"Pleno dia";"Crescente";"Nublado";"Simples";"Reta";"Não";2;0;1;1;0;0;2;1;-16,136903;-39,601195;"SPRF-BA";"DEL09-BA";"UOP03-DEL09-BA"
744458;2026-01-08;"quinta-feira";"17:10:00";"SC";280;20,6;"ARAQUARI";"Acessar a via sem observar a presença dos outros veículos";"Colisão transversal";"Com Vítimas Feridas";"Pleno dia";"Decrescente";"Nublado";"Simples";"Interseção de Vias;Reta";"Não";3;0;2;0;1;0;2;2;-26,370384;-48,688491;"SPRF-SC";"DEL03-SC";"UOP03-DEL03-SC"
744460;2026-01-08;"quinta-feira";"20:10:00";"MG";40;544,2;"NOVA LIMA";"Demais falhas mecânicas ou elétricas";"Incêndio";"Sem Vítimas";"Plena Noite";"Decrescente";"Céu Claro";"Dupla";"Reta";"Sim";1;0;0;0;1;0;0;1;-20,003533;-43,964678;"SPRF-MG";"DEL01-MG";"UOP02-DEL01-MG"
744461;2026-01-08;"quinta-feira";"18:35:00";"PR";153;487;"GENERAL CARNEIRO";"Desrespeitar a preferência no cruzamento";"Colisão transversal";"Com Vítimas Feridas";"Pleno dia";"Decrescente";"Nublado";"Simples";"Reta;Interseção de Vias";"Não";3;0;2;0;1;0;2;2;-26,4160859;-51,29653931;"SPRF-PR";"DEL02-PR";"UOP03-DEL02-PR"
744462;2026-01-08;"quinta-feira";"19:30:00";"PR";376;490;"PONTA GROSSA";"Pedestre andava na pista";"Atropelamento de Pedestre";"Com Vítimas Fatais";"Plena Noite";"Crescente";"Nublado";"Dupla";"Declive;Reta";"Não";3;1;0;1;1;0;1;3;-25,144554;-50,153655;"SPRF-PR";"DEL03-PR";"UOP04-DEL03-PR"
744464;2026-01-08;"quinta-feira";"20:00:00";"SP";116;446;"REGISTRO";"Reação tardia ou ineficiente do condutor";"Tombamento";"Com Vítimas Feridas";"Plena Noite";"Crescente";"Chuva";"Dupla";"Reta;Retorno Regulamentado";"Sim";1;0;1;0;0;0;1;1;-24,50681527;-47,8488369;"SPRF-SP";"DEL05-SP";"UOP01-DEL05-SP"
744465;2026-01-08;"quinta-feira";"21:00:00";"SC";101;124;"ITAJAI";"Trafegar com motocicleta (ou similar) entre as faixas";"Tombamento";"Com Vítimas Feridas";"Plena Noite";"Crescente";"Nublado";"Múltipla";"Declive;Reta";"Sim";2;0;2;0;0;0;2;1;-26,9390615;-48,69631004;"SPRF-SC";"DEL04-SC";"UOP04-DEL04-SC"
744467;2026-01-08;"quinta-feira";"19:00:00";"SC";101;101;"BALNEARIO PICARRAS";"Ingestão de álcool pelo condutor";"Colisão traseira";"Sem Vítimas";"Anoitecer";"Crescente";"Nublado";"Múltipla";"Declive;Reta";"Sim";2;0;0;0;2;0;0;2;-26,76845591;-48,68587939;"SPRF-SC";"DEL03-SC";"UOP02-DEL03-SC"
744469;2026-01-08;"quinta-feira";"21:05:00";"BA";324;610;"SIMOES FILHO";"Reação tardia ou ineficiente do condutor";"Tombamento";"Com Vítimas Feridas";"Plena Noite";"Crescente";"Céu Claro";"Dupla";"Reta";"Não";1;0;1;0;0;0;1;1;-12,840407;-38,415163;"SPRF-BA";"DEL01-BA";"UOP01-DEL01-BA"
744470;2026-01-08;"quinta-feira";"21:15:00";"RS";116;242;"SAO LEOPOLDO";"Acessar a via sem observar a presença dos outros veículos";"Colisão transversal";"Com Vítimas Feridas";"Plena Noite";"Crescente";"Céu Claro";"Múltipla";"Reta";"Sim";3;0;1;0;2;0;1;2;-29,72317985;-51,14897339;"SPRF-RS";"DEL01-RS";"UOP02-DEL01-RS"
744471;2026-01-08;"quinta-feira";"20:55:00";"PR";376;3,5;"SAO JOSE DOS PINHAIS";"Acessar a via sem observar a presença dos outros veículos";"Colisão transversal";"Com Vítimas Feridas";"Plena Noite";"Decrescente";"Nublado";"Dupla";"Reta";"Sim";5;0;1;0;4;0;1;2;-25,540042;-49,191672;"SPRF-PR";"DEL01-PR";"UOP04-DEL01-PR"
744475;2026-01-08;"quinta-feira";"09:20:00";"RJ";101;320;"NITEROI";"Manobra de mudança de faixa";"Colisão lateral mesmo sentido";"Com Vítimas Feridas";"Plena Noite";"Crescente";"Céu Claro";"Dupla";"Curva";"Sim";3;0;2;0;1;0;2;2;-22,86947301;-43,11053395;"SPRF-RJ";"DEL02-RJ";"UOP01-DEL02-RJ"
744476;2026-01-08;"quinta-feira";"19:25:00";"RJ";101;328;"RIO DE JANEIRO";"Demais falhas mecânicas ou elétricas";"Incêndio";"Sem Vítimas";"Plena Noite";"Decrescente";"Céu Claro";"Múltipla";"Reta";"Sim";1;0;0;0;1;0;0;1;-22,87143032;-43,16047668;"SPRF-RJ";"DEL02-RJ";"UOP01-DEL02-RJ"
744477;2026-01-08;"quinta-feira";"18:00:00";"RO";174;14;"VILHENA";"Acessar a via sem observar a presença dos outros veículos";"Colisão transversal";"Com Vítimas Feridas";"Pleno dia";"Crescente";"Céu Claro";"Dupla";"Interseção de Vias";"Sim";3;0;1;0;2;0;1;2;-12,73087162;-60,12953488;"SPRF-RO";"DEL04-RO";"UOP01-DEL04-RO"
744478;2026-01-08;"quinta-feira";"19:50:00";"MT";174;87;"CACERES";"Demais falhas na via";"Capotamento";"Com Vítimas Feridas";"Plena Noite";"Decrescente";"Céu Claro";"Simples";"Rotatória;Reta";"Não";3;0;0;2;1;0;2;1;-16,011915;-57,739677;"SPRF-MT";"DEL03-MT";"UOP01-DEL03-MT"
744479;2026-01-08;"quinta-feira";"14:00:00";"MT";174;496;"COMODORO";"Chuva";"Tombamento";"Com Vítimas Feridas";"Pleno dia";"Crescente";"Chuva";"Simples";"Reta";"Não";2;0;1;0;1;0;1;1;-13,5583;-59,8112;"SPRF-MT";"DEL04-MT";"UOP02-DEL04-MT"
744480;2026-01-08;"quinta-feira";"17:30:00";"SC";282;29,7;"SANTO AMARO DA IMPERATRIZ";"Acesso irregular";"Colisão transversal";"Com Vítimas Feridas";"Pleno dia";"Crescente";"Céu Claro";"Simples";"Reta";"Sim";2;0;0;1;1;0;1;2;-27,68579397;-48,78886163;"SPRF-SC";"DEL01-SC";"UOP03-DEL01-SC"
744481;2026-01-08;"quinta-feira";"19:30:00";"SC";282;115;"ALFREDO WAGNER";"Ultrapassagem Indevida";"Colisão frontal";"Com Vítimas Feridas";"Plena Noite";"Crescente";"Nublado";"Simples";"Reta";"Não";4;0;0;4;0;0;4;2;-27,76337342;-49,40068692;"SPRF-SC";"DEL01-SC";"UOP03-DEL01-SC"
744482;2026-01-08;"quinta-feira";"21:55:00";"SC";101;207,5;"SAO JOSE";"Ausência de reação do condutor";"Colisão traseira";"Sem Vítimas";"Plena Noite";"Crescente";"Céu Claro";"Dupla";"Aclive";"Sim";2;0;0;0;2;0;0;2;-27,601531;-48,626097;"SPRF-SC";"DEL01-SC";"UOP01-DEL01-SC"
744483;2026-01-08;"quinta-feira";"22:00:00";"SC";282;1,8;"FLORIANOPOLIS";"Velocidade Incompatível";"Colisão com objeto";"Com Vítimas Feridas";"Plena Noite";"Crescente";"Céu Claro";"Múltipla";"Reta";"Sim";1;0;1;0;0;0;1;1;-27,60309859;-48,58881561;"SPRF-SC";"DEL01-SC";"UOP01-DEL01-SC"
744484;2026-01-08;"quinta-feira";"21:30:00";"BA";324;393;"GAVIAO";"Manobra de mudança de faixa";"Colisão frontal";"Com Vítimas Feridas";"Plena Noite";"Decrescente";"Céu Claro";"Simples";"Reta";"Não";4;0;1;0;3;0;1;2;-11,535316;-39,705583;"SPRF-BA";"DEL04-BA";"UOP02-DEL04-BA"