"id";"data_inversa";"dia_semana";"horario";"uf";"br";"km";"municipio";"causa_acidente";"tipo_acidente";"classificacao_acidente";"fase_dia";"sentido_via";"condicao_metereologica";"tipo_pista";"tracado_via";"uso_solo";"pessoas";"mortos";"feridos_leves";"feridos_graves";"ilesos";"ignorados";"feridos";"veiculos";"latitude";"longitude";"regional";"delegacia";"uop"
745212;2026-01-12;"segunda-feira";"12:30:00";"MG";40;473;"SETE LAGOAS";"Ausência de reação do condutor";"Saída de leito carroçável";"Com Vítimas Feridas";"Pleno dia";"Crescente";"Céu Claro";"Dupla";"Reta";"Sim";2;0;1;0;1;0;1;1;-19,4925;-44,280278;"SPRF-MG";"DEL02-MG";"UOP01-DEL02-MG"
745213;2026-01-12;"segunda-feira";"09:30:00";"MG";381;810,3;"CAREACU";"Condutor Dormindo";"Colisão com objeto";"Com Vítimas Feridas";"Pleno dia";"Decrescente";"Sol";"Dupla";"Declive;Reta";"Não";2;0;1;0;1;0;1;1;-21,9930784;-45,6703038;"SPRF-MG";"DEL16-MG";"UOP02-DEL16-MG"
745214;2026-01-12;"segunda-feira";"11:30:00";"PR";373;256;"PRUDENTOPOLIS";"Reação tardia ou ineficiente do condutor";"Colisão traseira";"Com Vítimas Feridas";"Pleno dia";"Crescente";"Garoa/Chuvisco";"Simples";"Aclive;Reta";"Não";2;0;1;0;1;0;1;2;-25,20152412;-50,93055725;"SPRF-PR";"DEL08-PR";"UOP01-DEL08-PR"
745215;2026-01-12;"segunda-feira";"12:50:00";"ES";101;418;"ITAPEMIRIM";"Ultrapassagem Indevida";"Queda de ocupante de veículo";"Com Vítimas Feridas";"Pleno dia";"Crescente";"Sol";"Simples";"Curva";"Não";2;0;0;1;1;0;1;2;-20,92007622;-41,07633591;"SPRF-ES";"DEL03-ES";"UOP02-DEL03-ES"
745216;2026-01-12;"segunda-feira";"12:07:00";"RJ";101;326;"NITEROI";"Condutor deixou de manter distância do veículo da frente";"Tombamento";"Com Vítimas Feridas";"Pleno dia";"Crescente";"Céu Claro";"Dupla";"Declive;Reta";"Sim";1;0;1;0;0;0;1;1;-22,87028362;-43,16369534;"SPRF-RJ";"DEL02-RJ";"UOP01-DEL02-RJ"
745217;2026-01-10;"sábado";"20:35:00";"RJ";116;180;"BELFORD ROXO";"Entrada inopinada do pedestre";"Atropelamento de Pedestre";"Com Vítimas Feridas";"Plena Noite";"Crescente";"Céu Claro";"Dupla";"Reta";"Sim";3;0;0;3;0;0;3;2;-22,76580464;-43,41432846;"SPRF-RJ";"DEL06-RJ";"UOP01-DEL06-RJ"
745218;2026-01-12;"segunda-feira";"09:30:00";"DF";20;16;"BRASILIA";"Objeto estático sobre o leito carroçável";"Colisão traseira";"Com Vítimas Feridas";"Pleno dia";"Decrescente";"Céu Claro";"Dupla";"Aclive;Reta";"Sim";5;0;3;0;2;0;3;2;-15,623957;-47,722161;"SPRF-DF";"DEL02-DF";"UOP01-DEL02-DF"
745220;2026-01-12;"segunda-feira";"12:10:00";"SC";101;208,2;"SAO JOSE";"Demais falhas mecânicas ou elétricas";"Queda de ocupante de veículo";"Com Vítimas Feridas";"Pleno dia";"Crescente";"Nublado";"Múltipla";"Reta";"Sim";1;0;1;0;0;0;1;1;-27,60908632;-48,63730878;"SPRF-SC";"DEL01-SC";"UOP01-DEL01-SC"
745222;2026-01-12;"segunda-feira";"13:00:00";"GO";60;99;"ANAPOLIS";"Condutor deixou de manter distância do veículo da frente";"Engavetamento";"Sem Vítimas";"Pleno dia";"Decrescente";"Nublado";"Dupla";"Viaduto;Reta";"Sim";4;0;0;0;4;0;0;3;-16,394964;-48,96189;"SPRF-GO";"DEL02-GO";"UOP01-DEL02-GO"
745228;2026-01-12;"segunda-feira";"09:30:00";"MG";50;181;"UBERABA";"Pedestre cruzava a pista fora da faixa";"Atropelamento de Pedestre";"Com Vítimas Feridas";"Pleno dia";"Decrescente";"Sol";"Dupla";"Reta";"Não";2;0;0;1;1;0;1;2;-19,78545196;-47,91684866;"SPRF-MG";"DEL13-MG";"UOP01-DEL13-MG"
745230;2026-01-12;"segunda-feira";"10:07:00";"PE";101;80,8;"JABOATAO DOS GUARARAPES";"Trafegar com motocicleta (ou similar) entre as faixas";"Colisão transversal";"Com Vítimas Feridas";"Pleno dia";"Crescente";"Céu Claro";"Dupla";"Reta";"Não";2;0;1;0;1;0;1;2;-8,159775;-34,940467;"SPRF-PE";"DEL01-PE";"UOP01-DEL01-PE"
745231;2026-01-12;"segunda-feira";"14:00:00";"RS";392;667,4;"CERRO LARGO";"Condutor Dormindo";"Saída de leito carroçável";"Com Vítimas Feridas";"Pleno dia";"Crescente";"Nublado";"Simples";"Reta";"Não";2;0;1;0;1;0;1;1;-28,12201;-54,786693;"SPRF-RS";"DEL10-RS";"UOP01-DEL10-RS"
745232;2026-01-12;"segunda-feira";"14:00:00";"MG";262;356,3;"BETIM";"Velocidade Incompatível";"Colisão com objeto";"Com Vítimas Fatais";"Pleno dia";"Crescente";"Céu Claro";"Dupla";"Reta";"Não";4;2;0;2;0;0;2;1;-19,97315821;-44,2753365;"SPRF-MG";"DEL01-MG";"UOP03-DEL01-MG"
745233;2026-01-12;"segunda-feira";"14:15:00";"SP";153;50,8;"SAO JOSE DO RIO PRETO";"Conversão proibida";"Colisão lateral mesmo sentido";"Com Vítimas Feridas";"Pleno dia";"Decrescente";"Sol";"Simples";"Reta";"Não";2;0;1;0;1;0;1;2;-20,7166791;-49,33880702;"SPRF-SP";"DEL09-SP";"UOP01-DEL09-SP"
745234;2026-01-12;"segunda-feira";"15:00:00";"MG";381;496;"BETIM";"Ausência de reação do condutor";"Tombamento";"Com Vítimas Feridas";"Pleno dia";"Crescente";"Céu Claro";"Dupla";"Viaduto;Reta";"Não";2;0;2;0;0;0;2;1;-19,9863;-44,2034;"SPRF-MG";"DEL01-MG";"UOP03-DEL01-MG"
745235;2026-01-12;"segunda-feira";"14:45:00";"SC";282;4;"SAO JOSE";"Trafegar com motocicleta (ou similar) entre as faixas";"Colisão lateral mesmo sentido";"Com Vítimas Feridas";"Pleno dia";"Crescente";"Nublado";"Múltipla";"Reta";"Sim";3;0;2;0;1;0;2;2;-27,5898934;-48,610175;"SPRF-SC";"DEL01-SC";"UOP01-DEL01-SC"
745237;2026-01-12;"segunda-feira";"14:25:00";"SC";282;68,3;"RANCHO QUEIMADO";"Pista Escorregadia";"Colisão lateral sentido oposto";"Com Vítimas Feridas";"Pleno dia";"Decrescente";"Chuva";"Simples";"Curva";"Não";5;0;4;0;1;0;4;3;-27,693162;-49,07938;"SPRF-SC";"DEL01-SC";"UOP03-DEL01-SC"
745242;2026-01-12;"segunda-feira";"14:50:00";"ES";262;158;"IBATIBA";"Manobra de mudança de faixa";"Colisão transversal";"Com Vítimas Feridas";"Pleno dia";"Crescente";"Sol";"Simples";"Reta";"Sim";2;0;1;0;1;0;1;2;-20,23366;-41,50586026;"SPRF-ES";"DEL01-ES";"UOP02-DEL01-ES"
745243;2026-01-12;"segunda-feira";"15:20:00";"PR";116;117;"CURITIBA";"Acumulo de óleo sobre o pavimento";"Tombamento";"Com Vítimas Feridas";"Pleno dia";"Crescente";"Chuva";"Dupla";"Declive;Reta";"Sim";1;0;1;0;0;0;1;1;-25,56259847;-49,30844156;"SPRF-PR";"DEL01-PR";"UOP03-DEL01-PR"
745244;2026-01-12;"segunda-feira";"15:40:00";"ES";101;279;"SERRA";"Demais falhas mecânicas ou elétricas";"Colisão com objeto";"Com Vítimas Feridas";"Pleno dia";"Crescente";"Sol";"Dupla";"Viaduto";"Não";1;0;1;0;0;0;1;1;-20,21757157;-40,33536332;"SPRF-ES";"DEL02-ES";"UOP01-DEL02-ES"
745246;2026-01-12;"segunda-feira";"15:15:00";"SC";116;1,2;"MAFRA";"Desrespeitar a preferência no cruzamento";"Colisão transversal";"Com Vítimas Feridas";"Pleno dia";"Crescente";"Garoa/Chuvisco";"Simples";"Rotatória";"Sim";5;0;2;0;3;0;2;2;-26,11850987;-49,78840828;"SPRF-SC";"DEL06-SC";"UOP01-DEL06-SC"
745255;2026-01-12;"segunda-feira";"15:45:00";"MG";50;53;"ARAGUARI";"Velocidade Incompatível";"Saída de leito carroçável";"Com Vítimas Feridas";"Pleno dia";"Decrescente";"Chuva";"Dupla";"Curva;Aclive";"Não";2;0;2;0;0;0;2;1;-18,7611324;-48,2405879;"SPRF-MG";"DEL15-MG";"UOP02-DEL15-MG"
745256;2026-01-10;"sábado";"11:00:00";"TO";153;176;"ARAGUAINA";"Ausência de reação do condutor";"Saída de leito carroçável";"Sem Vítimas";"Pleno dia";"Crescente";"Nublado";"Simples";"Reta";"Não";2;0;0;0;0;2;0;1;-7,46395733;-48,37208749;"SPRF-TO";"DEL02-TO";"UOP01-DEL02-TO"
745258;2026-01-12;"segunda-feira";"16:30:00";"SP";116;1;"GUARULHOS";"Reação tardia ou ineficiente do condutor";"Colisão traseira";"Com Vítimas Feridas";"Pleno dia";"Decrescente";"Nublado";"Dupla";"Reta";"Sim";2;0;1;0;1;0;1;2;-23,44828341;-46,49268151;"SPRF-SP";"DEL01-SP";"UOP01-DEL01-SP"
745260;2026-01-12;"segunda-feira";"16:20:00";"RJ";465;2;"SEROPEDICA";"Ausência de reação do condutor";"Colisão traseira";"Sem Vítimas";"Pleno dia";"Crescente";"Céu Claro";"Simples";"Reta";"Não";2;0;0;0;2;0;0;2;-22,72256556;-43,72301626;"SPRF-RJ";"DEL06-RJ";"UOP02-DEL06-RJ"
745261;2026-01-12;"segunda-feira";"17:00:00";"RS";116;143,2;"CAXIAS DO SUL";"Reação tardia ou ineficiente do condutor";"Colisão traseira";"Com Vítimas Feridas";"Pleno dia";"Crescente";"Nublado";"Dupla";"Reta";"Sim";2;0;1;0;1;0;1;2;-29,1231953;-51,1229913;"SPRF-RS";"DEL05-RS";"UOP01-DEL05-RS"
745263;2026-01-12;"segunda-feira";"13:05:00";"MG";354;703,5;"CAXAMBU";"Ultrapassagem Indevida";"Colisão frontal";"Com Vítimas Feridas";"Pleno dia";"Crescente";"Céu Claro";"Simples";"Reta";"Não";3;0;0;2;0;1;2;3;-21,9826913;-44,92395043;"SPRF-MG";"DEL17-MG";"UOP01-DEL17-MG"
745264;2026-01-12;"segunda-feira";"17:00:00";"GO";153;429;"ANAPOLIS";"Demais falhas mecânicas ou elétricas";"Incêndio";"Sem Vítimas";"Pleno dia";"Decrescente";"Céu Claro";"Dupla";"Reta";"Não";1;0;0;0;0;1;0;1;-16,264351;-48,982681;"SPRF-GO";"DEL02-GO";"UOP01-DEL02-GO"
745265;2026-01-12;"segunda-feira";"17:00:00";"PR";376;217,8;"JANDAIA DO SUL";"Reação tardia ou ineficiente do condutor";"Colisão com objeto";"Com Vítimas Feridas";"Pleno dia";"Decrescente";"Chuva";"Dupla";"Reta";"Não";1;0;0;1;0;0;1;1;-23,58237042;-51,63039772;"SPRF-PR";"DEL09-PR";"UOP01-DEL09-PR"
745269;2026-01-12;"segunda-feira";"16:06:00";"MA";10;253,3;"IMPERATRIZ";"Manobra de mudança de faixa";"Colisão lateral mesmo sentido";"Com Vítimas Feridas";"Pleno dia";"Crescente";"Céu Claro";"Simples";"Retorno Regulamentado;Reta";"Sim";2;0;1;0;1;0;1;2;-5,517753;-47,47134;"SPRF-MA";"DEL04-MA";"UOP01-DEL04-MA"
745270;2026-01-12;"segunda-feira";"18:00:00";"SP";116;147;"SAO JOSE DOS CAMPOS";"Reação tardia ou ineficiente do condutor";"Colisão lateral mesmo sentido";"Com Vítimas Feridas";"Pleno dia";"Decrescente";"Céu Claro";"Dupla";"Reta";"Sim";3;0;1;0;2;0;1;3;-23,19514705;-45,8710405;"SPRF-SP";"DEL02-SP";"UOP01-DEL02-SP"
745272;2026-01-12;"segunda-feira";"16:27:00";"MT";163;843;"SINOP";"Carga excessiva e/ou mal acondicionada";"Colisão frontal";"Com Vítimas Feridas";"Pleno dia";"Crescente";"Chuva";"Simples";"Declive;Reta";"Não";4;0;3;0;1;0;3;2;-11,79069365;-55,47685862;"SPRF-MT";"DEL06-MT";"UOP02-DEL06-MT"
745275;2026-01-12;"segunda-feira";"17:45:00";"MG";381;945,5;"EXTREMA";"Condutor deixou de manter distância do veículo da frente";"Saída de leito carroçável";"Com Vítimas Feridas";"Pleno dia";"Crescente";"Chuva";"Dupla";"Reta";"Não";4;0;1;0;3;0;1;1;-22,85940923;-46,34023547;"SPRF-MG";"DEL16-MG";"UOP03-DEL16-MG"
745276;2026-01-12;"segunda-feira";"09:12:00";"SC";280;27;"ARAQUARI";"Trafegar com motocicleta (ou similar) entre as faixas";"Colisão frontal";"Com Vítimas Feridas";"Pleno dia";"Crescente";"Nublado";"Simples";"Reta";"Sim";2;0;1;0;1;0;1;2;-26,38831849;-48,73187006;"SPRF-SC";"DEL03-SC";"UOP03-DEL03-SC"
745277;2026-01-12;"segunda-feira";"18:10:00";"PR";376;433,7;"TIBAGI";"Reação tardia ou ineficiente do condutor";"Colisão com objeto";"Sem Vítimas";"Pleno dia";"Decrescente";"Garoa/Chuvisco";"Dupla";"Curva;Aclive";"Não";1;0;0;0;1;0;0;1;-24,80547222;-50,48858333;"SPRF-PR";"DEL03-PR";"UOP02-DEL03-PR"
745279;2026-01-12;"segunda-feira";"17:30:00";"PR";376;444;"TIBAGI";"Velocidade Incompatível";"Saída de leito carroçável";"Com Vítimas Feridas";"Pleno dia";"Crescente";"Chuva";"Dupla";"Curva";"Não";2;0;2;0;0;0;2;1;-24,87601685;-50,44317339;"SPRF-PR";"DEL03-PR";"UOP02-DEL03-PR"
745280;2026-01-12;"segunda-feira";"16:50:00";"PR";467;101,7;"CASCAVEL";"Demais falhas mecânicas ou elétricas";"Saída de leito carroçável";"Com Vítimas Feridas";"Pleno dia";"Crescente";"Céu Claro";"Dupla";"Reta";"Não";2;0;1;0;1;0;1;1;-24,900053;-53,526478;"SPRF-PR";"DEL04-PR";"UOP01-DEL04-PR"
745281;2026-01-12;"segunda-feira";"19:00:00";"SC";280;24;"ARAQUARI";"Trafegar com motocicleta (ou similar) entre as faixas";"Colisão transversal";"Com Vítimas Feridas";"Anoitecer";"Decrescente";"Chuva";"Simples";"Reta";"Não";2;0;0;1;1;0;1;2;-26,379856;-48,72255;"SPRF-SC";"DEL03-SC";"UOP03-DEL03-SC"
745282;2026-01-12;"segunda-feira";"18:05:00";"PR";376;13;"MARINGA";"Chuva";"Colisão com objeto";"Com Vítimas Feridas";"Pleno dia";"Decrescente";"Chuva";"Dupla";"Reta;Declive";"Não";1;0;1;0;0;0;1;1;-23,39713;-51,884033;"SPRF-PR";"DEL09-PR";"UOP01-DEL09-PR"
745283;2026-01-12;"segunda-feira";"19:00:00";"PB";101;84,3;"BAYEUX";"Reação tardia ou ineficiente do condutor";"Tombamento";"Com Vítimas Feridas";"Plena Noite";"Decrescente";"Céu Claro";"Dupla";"Reta";"Sim";2;0;1;0;1;0;1;1;-7,14281685;-34,9192822;"SPRF-PB";"DEL01-PB";"UOP01-DEL01-PB"
745286;2026-01-12;"segunda-feira";"15:00:00";"PR";376;432,3;"TIBAGI";"Reação tardia ou ineficiente do condutor";"Saída de leito carroçável";"Com Vítimas Feridas";"Pleno dia";"Crescente";"Chuva";"Dupla";"Curva;Aclive";"Não";4;0;3;1;0;0;4;1;-24,79623019;-50,49425539;"SPRF-PR";"DEL03-PR";"UOP02-DEL03-PR"
745288;2026-01-12;"segunda-feira";"17:33:00";"RS";470;223;"GARIBALDI";"Transitar no Acostamento";"Colisão transversal";"Com Vítimas Feridas";"Pleno dia";"Decrescente";"Céu Claro";"Simples";"Reta;Declive;Retorno Regulamentado";"Não";4;0;1;0;2;1;1;3;-29,23286402;-51,51591031;"SPRF-RS";"DEL06-RS";"UOP01-DEL06-RS"
745289;2026-01-12;"segunda-feira";"15:00:00";"SC";116;207;"PONTE ALTA";"Acessar a via sem observar a presença dos outros veículos";"Colisão frontal";"Com Vítimas Feridas";"Pleno dia";"Crescente";"Céu Claro";"Simples";"Interseção de Vias";"Sim";2;0;2;0;0;0;2;2;-27,478764;-50,380835;"SPRF-SC";"DEL05-SC";"UOP03-DEL05-SC"
745291;2026-01-12;"segunda-feira";"18:52:00";"RN";101;94;"NATAL";"Condutor deixou de manter distância do veículo da frente";"Colisão traseira";"Com Vítimas Feridas";"Plena Noite";"Crescente";"Céu Claro";"Múltipla";"Reta";"Não";2;0;1;0;1;0;1;2;-5,82577497;-35,20992637;"SPRF-RN";"DEL01-RN";"UOP01-DEL01-RN"
745292;2026-01-12;"segunda-feira";"19:05:00";"BA";242;410;"SEABRA";"Animais na Pista";"Atropelamento de Animal";"Com Vítimas Feridas";"Plena Noite";"Crescente";"Céu Claro";"Simples";"Reta";"Não";1;0;0;1;0;0;1;1;-12,45612918;-41,74971735;"SPRF-BA";"DEL06-BA";"UOP01-DEL06-BA"
745293;2026-01-12;"segunda-feira";"17:30:00";"PI";343;2,8;"TERESINA";"Condutor deixou de manter distância do veículo da frente";"Colisão traseira";"Com Vítimas Feridas";"Pleno dia";"Decrescente";"Céu Claro";"Dupla";"Reta";"Sim";3;0;1;0;2;0;1;2;-5,0810703;-42,77792609;"SPRF-PI";"DEL01-PI";"UOP01-DEL01-PI"
745294;2026-01-12;"segunda-feira";"16:20:00";"SP";116;481;"JACUPIRANGA";"Chuva";"Queda de ocupante de veículo";"Com Vítimas Feridas";"Pleno dia";"Crescente";"Chuva";"Dupla";"Reta";"Não";1;0;1;0;0;0;1;1;-24,7138953;-48,02912414;"SPRF-SP";"DEL05-SP";"UOP01-DEL05-SP"
745295;2026-01-12;"segunda-feira";"18:30:00";"SP";116;488;"CAJATI";"Acumulo de água sobre o pavimento";"Colisão com objeto";"Com Vítimas Feridas";"Anoitecer";"Decrescente";"Chuva";"Dupla";"Reta";"Sim";2;0;1;0;1;0;1;1;-24,73129259;-48,10152053;"SPRF-SP";"DEL05-SP";"UOP01-DEL05-SP"
745296;2026-01-12;"segunda-feira";"17:35:00";"PA";155;338;"MARABA";"Condutor deixou de manter distância do veículo da frente";"Colisão traseira";"Sem Vítimas";"Pleno dia";"Crescente";"Céu Claro";"Simples";"Reta";"Sim";3;0;0;0;3;0;0;2;-5,41851;-49,07633;"SPRF-PA";"DEL03-PA";"UOP01-DEL03-PA"
745298;2026-01-12;"segunda-feira";"15:19:00";"MT";163;783;"SORRISO";"Avarias e/ou desgaste excessivo no pneu";"Saída de leito carroçável";"Com Vítimas Feridas";"Pleno dia";"Crescente";"Chuva";"Simples";"Desvio Temporário;Reta";"Não";4;0;0;1;2;1;1;2;-12,313895;-55,57948;"SPRF-MT";"DEL06-MT";"UOP02-DEL06-MT"
745299;2026-01-12;"segunda-feira";"18:00:00";"MG";50;156;"UBERABA";"Condutor Dormindo";"Saída de leito carroçável";"Com Vítimas Feridas";"Pleno dia";"Decrescente";"Nublado";"Dupla";"Reta";"Não";2;0;1;1;0;0;2;1;-19,61982048;-48,01766753;"SPRF-MG";"DEL13-MG";"UOP01-DEL13-MG"
745301;2026-01-12;"segunda-feira";"18:45:00";"MS";262;380;"TERENOS";"Conversão proibida";"Colisão lateral mesmo sentido";"Com Vítimas Feridas";"Plena Noite";"Crescente";"Garoa/Chuvisco";"Simples";"Reta";"Não";3;0;1;0;2;0;1;2;-20,449504;-54,848149;"SPRF-MS";"DEL01-MS";"UOP03-DEL01-MS"
745302;2026-01-12;"segunda-feira";"19:20:00";"BA";235;247;"UAUA";"Ausência de reação do condutor";"Colisão traseira";"Com Vítimas Fatais";"Plena Noite";"Crescente";"Céu Claro";"Simples";"Reta";"Não";2;1;0;0;1;0;0;2;-9,774232;-39,601673;"SPRF-BA";"DEL07-BA";"UOP03-DEL07-BA"
745304;2026-01-12;"segunda-feira";"19:55:00";"RJ";116;184;"NOVA IGUACU";"Reação tardia ou ineficiente do condutor";"Queda de ocupante de veículo";"Com Vítimas Feridas";"Plena Noite";"Crescente";"Céu Claro";"Múltipla";"Em Obras;Reta;Interseção de Vias";"Sim";1;0;1;0;0;0;1;1;-22,74466565;-43,44856588;"SPRF-RJ";"DEL06-RJ";"UOP01-DEL06-RJ"
745305;2026-01-12;"segunda-feira";"20:45:00";"CE";116;14,8;"FORTALEZA";"Condutor deixou de manter distância do veículo da frente";"Saída de leito carroçável";"Com Vítimas Feridas";"Plena Noite";"Decrescente";"Céu Claro";"Múltipla";"Reta";"Sim";2;0;1;0;1;0;1;2;-3,8774;-38,50022;"SPRF-CE";"DEL01-CE";"UOP02-DEL01-CE"
745306;2026-01-12;"segunda-feira";"19:10:00";"MG";356;285,9;"PATROCINIO DO MURIAE";"Objeto estático sobre o leito carroçável";"Colisão com objeto";"Com Vítimas Feridas";"Plena Noite";"Decrescente";"Céu Claro";"Simples";"Curva";"Não";1;0;1;0;0;0;1;1;-21,12272452;-42,21632201;"SPRF-MG";"DEL07-MG";"UOP02-DEL07-MG"
745307;2026-01-12;"segunda-feira";"21:20:00";"RS";480;66;"BARAO DE COTEGIPE";"Velocidade Incompatível";"Colisão frontal";"Com Vítimas Feridas";"Plena Noite";"Decrescente";"Céu Claro";"Simples";"Curva";"Não";1;0;1;0;0;0;1;1;-27,62536194;-52,36808952;"SPRF-RS";"DEL08-RS";"UOP04-DEL08-RS"
745308;2026-01-12;"segunda-feira";"21:00:00";"SC";101;206,2;"SAO JOSE";"Condutor deixou de manter distância do veículo da frente";"Colisão traseira";"Com Vítimas Feridas";"Plena Noite";"Decrescente";"Chuva";"Múltipla";"Interseção de Vias;Reta";"Sim";2;0;1;0;1;0;1;2;-27,59476956;-48,61891905;"SPRF-SC";"DEL01-SC";"UOP01-DEL01-SC"
745309;2026-01-12;"segunda-feira";"17:40:00";"BA";116;2,5;"VITORIA DA CONQUISTA";"Reação tardia ou ineficiente do condutor";"Saída de leito carroçável";"Com Vítimas Feridas";"Pleno dia";"Crescente";"Céu Claro";"Simples";"Reta";"Não";1;0;1;0;0;0;1;1;-14,8252242;-40,85006046;"SPRF-BA";"DEL08-BA";"UOP01-DEL08-BA"
745310;2026-01-12;"segunda-feira";"21:15:00";"GO";40;15,8;"LUZIANIA";"Ingestão de álcool pelo condutor";"Saída de leito carroçável";"Sem Vítimas";"Plena Noite";"Crescente";"Céu Claro";"Dupla";"Reta";"Sim";2;0;0;0;2;0;0;1;-16,179683;-47,928998;"SPRF-DF";"DEL01-DF";"UOP01-DEL01-DF"
745311;2026-01-12;"segunda-feira";"21:00:00";"SC";280;6;"SAO FRANCISCO DO SUL";"Iluminação deficiente";"Colisão transversal";"Com Vítimas Feridas";"Plena Noite";"Decrescente";"Céu Claro";"Simples";"Reta";"Não";2;0;1;0;1;0;1;2;-26,26006092;-48,62557109;"SPRF-SC";"DEL03-SC";"UOP03-DEL03-SC"
745312;2026-01-12;"segunda-feira";"16:00:00";"RJ";354;12;"RESENDE";"Ultrapassagem Indevida";"Colisão frontal";"Com Vítimas Feridas";"Pleno dia";"Crescente";"Céu Claro";"Simples";"Curva";"Não";2;0;0;1;1;0;1;2;-22,434551;-44,737367;"SPRF-RJ";"DEL07-RJ";"UOP02-DEL07-RJ"
745313;2026-01-12;"segunda-feira";"21:29:00";"PE";408;65;"PAUDALHO";"Ausência de sinalização";"Colisão traseira";"Sem Vítimas";"Plena Noite";"Decrescente";"Céu Claro";"Dupla";"Declive;Reta";"Sim";3;0;0;0;1;2;0;2;-7,8887295;-35,1802323;"SPRF-PE";"DEL01-PE";"UOP01-DEL01-PE"
745315;2026-01-12;"segunda-feira";"20:10:00";"AC";364;124;"RIO BRANCO";"Acessar a via sem observar a presença dos outros veículos";"Colisão transversal";"Com Vítimas Feridas";"Plena Noite";"Crescente";"Céu Claro";"Dupla";"Rotatória;Reta";"Sim";4;0;2;0;2;0;2;2;-10,0119667;-67,7983469;"SPRF-AC";"DEL01-AC";"UOP01-DEL01-AC"
745316;2026-01-12;"segunda-feira";"21:50:00";"MG";116;413,7;"GOVERNADOR VALADARES";"Condutor deixou de manter distância do veículo da frente";"Colisão traseira";"Com Vítimas Feridas";"Plena Noite";"Crescente";"Céu Claro";"Simples";"Reta;Ponte";"Sim";2;0;1;0;1;0;1;2;-18,88387377;-41,95198059;"SPRF-MG";"DEL06-MG";"UOP01-DEL06-MG"
745317;2026-01-12;"segunda-feira";"22:10:00";"RS";116;336;"BARRA DO RIBEIRO";"Reação tardia ou ineficiente do condutor";"Saída de leito carroçável";"Com Vítimas Feridas";"Plena Noite";"Crescente";"Nublado";"Dupla";"Reta";"Não";2;0;2;0;0;0;2;1;-30,424072;-51,467569;"SPRF-RS";"DEL02-RS";"UOP02-DEL02-RS"
745318;2026-01-12;"segunda-feira";"23:00:00";"PR";116;5,5;"QUATRO BARRAS";"Reação tardia ou ineficiente do condutor";"Engavetamento";"Com Vítimas Feridas";"Plena Noite";"Decrescente";"Céu Claro";"Dupla";"Reta";"Sim";4;0;1;0;3;0;1;3;-25,365352;-49,090878;"SPRF-PR";"DEL01-PR";"UOP02-DEL01-PR"
745319;2026-01-12;"segunda-feira";"20:40:00";"MG";40;460;"CAETANOPOLIS";"Ausência de reação do condutor";"Atropelamento de Pedestre";"Com Vítimas Feridas";"Plena Noite";"Decrescente";"Céu Claro";"Dupla";"Reta";"Não";2;0;1;0;1;0;1;2;-19,396389;-44,334444;"SPRF-MG";"DEL02-MG";"UOP01-DEL02-MG"
745321;2026-01-12;"segunda-feira";"19:30:00";"MT";364;437,7;"VARZEA GRANDE";"Acesso irregular";"Saída de leito carroçável";"Sem Vítimas";"Plena Noite";"Crescente";"Nublado";"Dupla";"Reta";"Não";1;0;0;0;1;0;0;1;-15,62251633;-56,20524198;"SPRF-MT";"DEL01-MT";"UOP02-DEL01-MT"
745322;2026-01-12;"segunda-feira";"22:30:00";"RJ";116;236,1;"PIRAI";"Reação tardia ou ineficiente do condutor";"Colisão com objeto";"Com Vítimas Feridas";"Plena Noite";"Decrescente";"Céu Claro";"Dupla";"Curva";"Não";2;0;1;0;0;1;1;2;-22,66584;-43,86343833;"SPRF-RJ";"DEL07-RJ";"UOP01-DEL07-RJ"
745323;2026-01-12;"segunda-feira";"23:25:00";"PA";316;55;"CASTANHAL";"Ausência de reação do condutor";"Colisão traseira";"Com Vítimas Feridas";"Plena Noite";"Crescente";"Céu Claro";"Dupla";"Reta";"Sim";4;0;3;0;1;0;3;2;-1,30424;-47,994985;"SPRF-PA";"DEL01-PA";"UOP01-DEL01-PA"
745324;2026-01-12;"segunda-feira";"23:40:00";"SP";116;195;"ARUJA";"Ausência de reação do condutor";"Colisão com objeto";"Sem Vítimas";"Plena Noite";"Decrescente";"Céu Claro";"Múltipla";"Reta";"Sim";1;0;0;0;0;1;0;1;-23,39126512;-46,2813088;"SPRF-SP";"DEL01-SP";"UOP01-DEL01-SP"
745325;2026-01-12;"segunda-feira";"20:30:00";"MT";364;198;"RONDONOPOLIS";"Acumulo de areia ou detritos sobre o pavimento";"Saída de leito carroçável";"Com Vítimas Feridas";"Plena Noite";"Decrescente";"Garoa/Chuvisco";"Dupla";"Declive;Retorno Regulamentado";"Sim";2;0;1;0;1;0;1;1;-16,50625004;-54,6228954;"SPRF-MT";"DEL02-MT";"UOP01-DEL02-MT"
745326;2026-01-12;"segunda-feira";"22:00:00";"RO";364;460;"CACAULANDIA";"Animais na Pista";"Atropelamento de Animal";"Com Vítimas Feridas";"Plena Noite";"Crescente";"Céu Claro";"Simples";"Curva";"Não";1;0;1;0;0;0;1;1;-10,246245;-62,728287;"SPRF-RO";"DEL03-RO";"UOP02-DEL03-RO"