"id";"data_inversa";"dia_semana";"horario";"uf";"br";"km";"municipio";"causa_acidente";"tipo_acidente";"classificacao_acidente";"fase_dia";"sentido_via";"condicao_metereologica";"tipo_pista";"tracado_via";"uso_solo";"pessoas";"mortos";"feridos_leves";"feridos_graves";"ilesos";"ignorados";"feridos";"veiculos";"latitude";"longitude";"regional";"delegacia";"uop"
745328;2026-01-12;"segunda-feira";"18:30:00";"MT";70;522;"VARZEA GRANDE";"Acesso irregular";"Colisão transversal";"Com Vítimas Feridas";"Plena Noite";"Decrescente";"Garoa/Chuvisco";"Simples";"Aclive;Reta";"Sim";1;0;1;0;0;0;1;1;-15,66123342;-56,18662387;"SPRF-MT";"DEL01-MT";"UOP02-DEL01-MT"
745330;2026-01-13;"terça-feira";"02:00:00";"ES";101;261;"SERRA";"Transitar na contramão";"Colisão frontal";"Com Vítimas Feridas";"Plena Noite";"Crescente";"Céu Claro";"Dupla";"Interseção de Vias";"Sim";2;0;1;0;0;1;1;2;-20,14753672;-40,28046995;"SPRF-ES";"DEL02-ES";"UOP01-DEL02-ES"
745333;2026-01-13;"terça-feira";"06:10:00";"SC";101;108,1;"PENHA";"Acessar a via sem observar a presença dos outros veículos";"Colisão transversal";"Com Vítimas Feridas";"Pleno dia";"Crescente";"Nublado";"Dupla";"Aclive;Interseção de Vias;Curva";"Não";2;0;1;0;1;0;1;2;-26,82676549;-48,69091121;"SPRF-SC";"DEL03-SC";"UOP02-DEL03-SC"
745334;2026-01-13;"terça-feira";"06:00:00";"RJ";101;265;"RIO BONITO";"Reação tardia ou ineficiente do condutor";"Colisão com objeto";"Com Vítimas Feridas";"Amanhecer";"Crescente";"Céu Claro";"Dupla";"Curva";"Não";1;0;1;0;0;0;1;1;-22,7061454;-42,6548956;"SPRF-RJ";"DEL02-RJ";"UOP03-DEL02-RJ"
745336;2026-01-13;"terça-feira";"06:20:00";"RJ";116;174;"SAO JOAO DE MERITI";"Ausência de reação do condutor";"Queda de ocupante de veículo";"Com Vítimas Feridas";"Pleno dia";"Decrescente";"Céu Claro";"Dupla";"Reta";"Sim";1;0;1;0;0;0;1;1;-22,79916374;-43,35601542;"SPRF-RJ";"DEL06-RJ";"UOP01-DEL06-RJ"
745338;2026-01-13;"terça-feira";"06:50:00";"GO";153;434,1;"ANAPOLIS";"Chuva";"Tombamento";"Com Vítimas Feridas";"Pleno dia";"Crescente";"Chuva";"Dupla";"Reta";"Sim";1;0;1;0;0;0;1;1;-16,28669812;-48,94450519;"SPRF-GO";"DEL02-GO";"UOP01-DEL02-GO"
745339;2026-01-13;"terça-feira";"02:50:00";"PE";316;263;"BELEM DE SAO FRANCISCO";"Transitar no Acostamento";"Saída de leito carroçável";"Com Vítimas Feridas";"Plena Noite";"Decrescente";"Ignorado";"Simples";"Reta;Ponte";"Não";3;0;1;0;2;0;1;2;-8,727753;-38,916417;"SPRF-PE";"DEL05-PE";"UOP03-DEL05-PE"
745340;2026-01-13;"terça-feira";"04:40:00";"RJ";116;317;"ITATIAIA";"Pedestre andava na pista";"Atropelamento de Pedestre";"Com Vítimas Fatais";"Plena Noite";"Decrescente";"Céu Claro";"Dupla";"Reta";"Sim";3;1;0;0;1;1;0;2;-22,467656;-44,50598;"SPRF-RJ";"DEL07-RJ";"UOP02-DEL07-RJ"
745341;2026-01-13;"terça-feira";"07:00:00";"PR";376;186,5;"MARIALVA";"Animais na Pista";"Colisão traseira";"Com Vítimas Feridas";"Pleno dia";"Crescente";"Céu Claro";"Dupla";"Declive;Reta";"Não";2;0;1;0;1;0;1;2;-23,45376841;-51,85019016;"SPRF-PR";"DEL09-PR";"UOP01-DEL09-PR"
745342;2026-01-13;"terça-feira";"07:20:00";"PE";428;185;"PETROLINA";"Condutor deixou de manter distância do veículo da frente";"Colisão traseira";"Com Vítimas Feridas";"Pleno dia";"Crescente";"Sol";"Dupla";"Curva";"Não";4;0;2;0;2;0;2;2;-9,3463324;-40,4743242;"SPRF-PE";"DEL06-PE";"UOP01-DEL06-PE"
745343;2026-01-13;"terça-feira";"07:42:00";"CE";116;481,3;"MILAGRES";"Acesso irregular";"Colisão lateral sentido oposto";"Com Vítimas Feridas";"Pleno dia";"Crescente";"Céu Claro";"Simples";"Interseção de Vias;Reta";"Sim";2;0;1;0;1;0;1;2;-7,31551011;-38,93830908;"SPRF-CE";"DEL05-CE";"UOP03-DEL05-CE"
745345;2026-01-13;"terça-feira";"07:07:00";"PB";230;28;"JOAO PESSOA";"Ausência de reação do condutor";"Tombamento";"Com Vítimas Feridas";"Amanhecer";"Decrescente";"Céu Claro";"Simples";"Curva";"Não";1;0;1;0;0;0;1;1;-7,166155;-34,894655;"SPRF-PB";"DEL01-PB";"UOP01-DEL01-PB"
745348;2026-01-13;"terça-feira";"07:30:00";"RJ";116;193;"QUEIMADOS";"Condutor deixou de manter distância do veículo da frente";"Colisão traseira";"Com Vítimas Feridas";"Pleno dia";"Crescente";"Céu Claro";"Dupla";"Reta";"Sim";2;0;1;0;1;0;1;2;-22,73073391;-43,57653558;"SPRF-RJ";"DEL06-RJ";"UOP01-DEL06-RJ"
745349;2026-01-13;"terça-feira";"07:16:00";"ES";101;18;"CONCEICAO DA BARRA";"Ausência de reação do condutor";"Queda de ocupante de veículo";"Com Vítimas Feridas";"Pleno dia";"Crescente";"Céu Claro";"Simples";"Reta";"Sim";1;0;1;0;0;0;1;1;-18,31475435;-39,95057456;"SPRF-ES";"DEL04-ES";"UOP02-DEL04-ES"
745350;2026-01-13;"terça-feira";"07:45:00";"PR";116;115;"CURITIBA";"Reação tardia ou ineficiente do condutor";"Tombamento";"Com Vítimas Feridas";"Pleno dia";"Decrescente";"Nublado";"Dupla";"Reta";"Sim";2;0;1;0;1;0;1;1;-25,5467306;-49,3037833;"SPRF-PR";"DEL01-PR";"UOP03-DEL01-PR"
745352;2026-01-13;"terça-feira";"07:30:00";"SC";101;148;"ITAPEMA";"Desrespeitar a preferência no cruzamento";"Colisão transversal";"Com Vítimas Feridas";"Pleno dia";"Decrescente";"Nublado";"Simples";"Interseção de Vias;Viaduto";"Sim";2;0;1;0;1;0;1;2;-27,09036442;-48,61513495;"SPRF-SC";"DEL04-SC";"UOP03-DEL04-SC"
745353;2026-01-13;"terça-feira";"08:00:00";"AL";316;155;"PALMEIRA DOS INDIOS";"Conversão proibida";"Colisão transversal";"Com Vítimas Feridas";"Pleno dia";"Decrescente";"Céu Claro";"Simples";"Declive";"Sim";2;0;1;0;1;0;1;2;-9,426124;-36,619192;"SPRF-AL";"DEL03-AL";"UOP01-DEL03-AL"
745354;2026-01-13;"terça-feira";"08:10:00";"GO";153;493,9;"GOIANIA";"Trafegar com motocicleta (ou similar) entre as faixas";"Colisão traseira";"Com Vítimas Feridas";"Pleno dia";"Crescente";"Chuva";"Dupla";"Reta;Ponte";"Sim";3;0;2;0;1;0;2;2;-16,652872;-49,216681;"SPRF-GO";"DEL01-GO";"UOP01-DEL01-GO"
745355;2026-01-13;"terça-feira";"07:32:00";"PR";116;45,2;"CAMPINA GRANDE DO SUL";"Ausência de reação do condutor";"Saída de leito carroçável";"Sem Vítimas";"Pleno dia";"Decrescente";"Nublado";"Dupla";"Curva";"Não";1;0;0;0;1;0;0;1;-25,198406;-48,894666;"SPRF-PR";"DEL01-PR";"UOP02-DEL01-PR"
745356;2026-01-13;"terça-feira";"07:30:00";"RS";470;323,4;"TRIUNFO";"Reação tardia ou ineficiente do condutor";"Saída de leito carroçável";"Com Vítimas Fatais";"Pleno dia";"Decrescente";"Céu Claro";"Simples";"Curva";"Não";1;1;0;0;0;0;0;1;-29,87486532;-51,70924518;"SPRF-RS";"DEL04-RS";"UOP02-DEL04-RS"
745358;2026-01-13;"terça-feira";"08:20:00";"PB";230;18;"JOAO PESSOA";"Condutor deixou de manter distância do veículo da frente";"Colisão traseira";"Com Vítimas Feridas";"Pleno dia";"Decrescente";"Céu Claro";"Dupla";"Curva";"Sim";3;0;2;0;0;1;2;2;-7,1271614;-34,8456596;"SPRF-PB";"DEL01-PB";"UOP01-DEL01-PB"
745360;2026-01-13;"terça-feira";"08:00:00";"PR";116;116;"CURITIBA";"Manobra de mudança de faixa";"Colisão lateral mesmo sentido";"Com Vítimas Feridas";"Pleno dia";"Decrescente";"Céu Claro";"Dupla";"Reta";"Sim";2;0;1;0;1;0;1;2;-25,557027;-49,30589;"SPRF-PR";"DEL01-PR";"UOP03-DEL01-PR"
745361;2026-01-13;"terça-feira";"08:30:00";"RJ";116;186;"NOVA IGUACU";"Trafegar com motocicleta (ou similar) entre as faixas";"Colisão traseira";"Com Vítimas Feridas";"Pleno dia";"Decrescente";"Céu Claro";"Dupla";"Reta";"Sim";2;0;1;0;0;1;1;2;-22,73901035;-43,47456403;"SPRF-RJ";"DEL06-RJ";"UOP01-DEL06-RJ"
745362;2026-01-13;"terça-feira";"08:20:00";"MG";381;654;"SANTO ANTONIO DO AMPARO";"Chuva";"Capotamento";"Com Vítimas Feridas";"Pleno dia";"Decrescente";"Garoa/Chuvisco";"Dupla";"Curva";"Não";3;0;3;0;0;0;3;1;-20,9601572;-44,92172241;"SPRF-MG";"DEL04-MG";"UOP02-DEL04-MG"
745364;2026-01-13;"terça-feira";"09:40:00";"TO";153;336;"GUARAI";"Reação tardia ou ineficiente do condutor";"Colisão transversal";"Com Vítimas Feridas";"Pleno dia";"Decrescente";"Céu Claro";"Simples";"Reta";"Sim";2;0;2;0;0;0;2;2;-8,8527135;-48,5088406;"SPRF-TO";"DEL02-TO";"UOP02-DEL02-TO"
745369;2026-01-12;"segunda-feira";"00:20:00";"RJ";101;458;"ANGRA DOS REIS";"Ingestão de álcool pelo condutor";"Colisão transversal";"Com Vítimas Feridas";"Plena Noite";"Crescente";"Céu Claro";"Simples";"Reta";"Não";2;0;1;0;1;0;1;2;-23,04117177;-44,18747775;"SPRF-RJ";"DEL03-RJ";"UOP03-DEL03-RJ"
745370;2026-01-13;"terça-feira";"09:15:00";"SC";282;16,4;"PALHOCA";"Conversão proibida";"Colisão traseira";"Com Vítimas Feridas";"Pleno dia";"Decrescente";"Céu Claro";"Simples";"Reta";"Sim";3;0;2;0;1;0;2;2;-27,66197108;-48,68477172;"SPRF-SC";"DEL01-SC";"UOP02-DEL01-SC"
745371;2026-01-13;"terça-feira";"09:45:00";"PE";428;125,8;"PETROLINA";"Ausência de reação do condutor";"Colisão transversal";"Com Vítimas Feridas";"Pleno dia";"Crescente";"Céu Claro";"Dupla";"Curva";"Sim";4;0;1;1;2;0;2;2;-9,35956871;-40,48043489;"SPRF-PE";"DEL06-PE";"UOP03-DEL06-PE"
745372;2026-01-13;"terça-feira";"09:58:00";"SC";101;149;"ITAPEMA";"Conversão proibida";"Colisão lateral mesmo sentido";"Com Vítimas Feridas";"Pleno dia";"Decrescente";"Nublado";"Simples";"Reta";"Sim";2;0;1;0;1;0;1;2;-27,11660006;-48,60922337;"SPRF-SC";"DEL04-SC";"UOP03-DEL04-SC"
745375;2026-01-13;"terça-feira";"10:05:00";"SP";381;75;"SAO PAULO";"Chuva";"Saída de leito carroçável";"Sem Vítimas";"Pleno dia";"Decrescente";"Chuva";"Dupla";"Aclive;Curva";"Não";1;0;0;0;1;0;0;1;-23,3782597;-46,5646831;"SPRF-SP";"DEL03-SP";"UOP01-DEL03-SP"
745377;2026-01-13;"terça-feira";"07:50:00";"RJ";116;170;"RIO DE JANEIRO";"Demais falhas mecânicas ou elétricas";"Incêndio";"Sem Vítimas";"Pleno dia";"Decrescente";"Céu Claro";"Dupla";"Reta";"Sim";1;0;0;0;1;0;0;1;-22,81086379;-43,33473293;"SPRF-RJ";"DEL06-RJ";"UOP01-DEL06-RJ"
745382;2026-01-13;"terça-feira";"10:50:00";"BA";101;879,6;"TEIXEIRA DE FREITAS";"Acessar a via sem observar a presença dos outros veículos";"Colisão transversal";"Sem Vítimas";"Pleno dia";"Decrescente";"Céu Claro";"Simples";"Reta";"Sim";2;0;0;0;2;0;0;2;-17,55469333;-39,72369647;"SPRF-BA";"DEL09-BA";"UOP02-DEL09-BA"
745383;2026-01-13;"terça-feira";"10:50:00";"PR";277;132,5;"BALSA NOVA";"Acessar a via sem observar a presença dos outros veículos";"Colisão transversal";"Com Vítimas Feridas";"Pleno dia";"Decrescente";"Céu Claro";"Dupla";"Aclive;Reta;Interseção de Vias";"Sim";2;0;1;0;1;0;1;2;-25,464154;-49,589878;"SPRF-PR";"DEL03-PR";"UOP03-DEL03-PR"
745384;2026-01-13;"terça-feira";"11:15:00";"PE";408;48,3;"NAZARE DA MATA";"Ultrapassagem Indevida";"Colisão lateral mesmo sentido";"Com Vítimas Feridas";"Pleno dia";"Decrescente";"Céu Claro";"Simples";"Reta;Declive;Interseção de Vias";"Não";3;0;1;1;0;1;2;2;-7,77935;-35,23885;"SPRF-PE";"DEL01-PE";"UOP01-DEL01-PE"
745388;2026-01-13;"terça-feira";"10:20:00";"MG";381;923;"CAMANDUCAIA";"Velocidade Incompatível";"Capotamento";"Com Vítimas Feridas";"Pleno dia";"Decrescente";"Chuva";"Dupla";"Curva";"Não";1;0;1;0;0;0;1;1;-22,76074873;-46,16573095;"SPRF-MG";"DEL16-MG";"UOP03-DEL16-MG"
745389;2026-01-13;"terça-feira";"10:40:00";"PE";104;120,6;"PANELAS";"Ultrapassagem Indevida";"Colisão frontal";"Com Vítimas Feridas";"Pleno dia";"Crescente";"Céu Claro";"Simples";"Curva;Aclive";"Não";2;0;0;1;0;1;1;2;-8,703623;-36,026013;"SPRF-PE";"DEL02-PE";"UOP01-DEL02-PE"
745390;2026-01-13;"terça-feira";"12:01:00";"RO";364;235,6;"CACOAL";"Acessar a via sem observar a presença dos outros veículos";"Colisão transversal";"Com Vítimas Feridas";"Pleno dia";"Crescente";"Chuva";"Simples";"Reta;Interseção de Vias";"Sim";2;0;1;0;1;0;1;2;-11,44615;-61,436262;"SPRF-RO";"DEL02-RO";"UOP02-DEL02-RO"
745391;2026-01-13;"terça-feira";"11:50:00";"MG";40;293,7;"TRES MARIAS";"Acesso irregular";"Colisão transversal";"Com Vítimas Feridas";"Pleno dia";"Crescente";"Sol";"Simples";"Aclive;Reta";"Não";3;0;2;0;1;0;2;2;-18,28623;-45,131098;"SPRF-MG";"DEL14-MG";"UOP02-DEL14-MG"
745392;2026-01-13;"terça-feira";"12:30:00";"DF";70;3,1;"BRASILIA";"Pedestre cruzava a pista fora da faixa";"Atropelamento de Pedestre";"Com Vítimas Feridas";"Pleno dia";"Decrescente";"Céu Claro";"Dupla";"Curva";"Não";2;0;1;0;1;0;1;2;-15,80245798;-48,08299759;"SPRF-DF";"DEL03-DF";"UOP02-DEL03-DF"
745395;2026-01-13;"terça-feira";"10:45:00";"RS";290;24,4;"SANTO ANTONIO DA PATRULHA";"Manobra de mudança de faixa";"Colisão lateral mesmo sentido";"Com Vítimas Feridas";"Pleno dia";"Decrescente";"Céu Claro";"Dupla";"Reta";"Não";2;0;0;1;0;1;1;2;-29,881322;-50,498581;"SPRF-RS";"DEL03-RS";"UOP01-DEL03-RS"
745396;2026-01-13;"terça-feira";"09:50:00";"RJ";101;333;"RIO DE JANEIRO";"Manobra de mudança de faixa";"Queda de ocupante de veículo";"Com Vítimas Feridas";"Pleno dia";"Crescente";"Céu Claro";"Dupla";"Ponte";"Sim";2;0;2;0;0;0;2;1;-22,88156858;-43,21368879;"SPRF-RJ";"DEL02-RJ";"UOP01-DEL02-RJ"
745397;2026-01-13;"terça-feira";"12:30:00";"PR";373;401;"CANDOI";"Acesso irregular";"Colisão lateral mesmo sentido";"Com Vítimas Feridas";"Pleno dia";"Crescente";"Céu Claro";"Simples";"Reta";"Sim";2;0;0;1;1;0;1;2;-25,5784382;-52,055288;"SPRF-PR";"DEL08-PR";"UOP01-DEL08-PR"
745398;2026-01-13;"terça-feira";"08:30:00";"RJ";101;297;"ITABORAI";"Acesso irregular";"Colisão traseira";"Com Vítimas Feridas";"Pleno dia";"Decrescente";"Céu Claro";"Dupla";"Reta";"Sim";3;0;0;1;2;0;1;2;-22,76993846;-42,91532082;"SPRF-RJ";"DEL02-RJ";"UOP02-DEL02-RJ"
745399;2026-01-13;"terça-feira";"11:00:00";"RJ";101;129;"CONCEICAO DE MACABU";"Acessar a via sem observar a presença dos outros veículos";"Colisão transversal";"Com Vítimas Feridas";"Pleno dia";"Crescente";"Céu Claro";"Dupla";"Reta";"Não";5;0;4;1;0;0;5;2;-22,101693;-41,690428;"SPRF-RJ";"DEL08-RJ";"UOP04-DEL08-RJ"
745404;2026-01-13;"terça-feira";"12:50:00";"RJ";40;122;"DUQUE DE CAXIAS";"Demais falhas mecânicas ou elétricas";"Incêndio";"Sem Vítimas";"Pleno dia";"Decrescente";"Céu Claro";"Dupla";"Reta";"Não";1;0;0;0;1;0;0;1;-22,78719113;-43,28507066;"SPRF-RJ";"DEL01-RJ";"UOP02-DEL01-RJ"
745405;2026-01-13;"terça-feira";"13:50:00";"PR";376;519,9;"PONTA GROSSA";"Reação tardia ou ineficiente do condutor";"Tombamento";"Com Vítimas Feridas";"Pleno dia";"Crescente";"Nublado";"Dupla";"Aclive;Reta";"Não";1;0;1;0;0;0;1;1;-25,27548779;-49,92625806;"SPRF-PR";"DEL03-PR";"UOP04-DEL03-PR"
745408;2026-01-13;"terça-feira";"13:20:00";"PI";316;180;"VALENCA DO PIAUI";"Ausência de reação do condutor";"Saída de leito carroçável";"Com Vítimas Feridas";"Pleno dia";"Decrescente";"Céu Claro";"Simples";"Curva;Aclive";"Não";1;0;1;0;0;0;1;1;-6,31913337;-41,90699732;"SPRF-PI";"DEL04-PI";"UOP02-DEL04-PI"
745409;2026-01-13;"terça-feira";"14:00:00";"PE";101;70;"RECIFE";"Reação tardia ou ineficiente do condutor";"Colisão lateral mesmo sentido";"Com Vítimas Feridas";"Pleno dia";"Crescente";"Céu Claro";"Dupla";"Reta";"Não";2;0;1;0;1;0;1;2;-8,07337;-34,94297;"SPRF-PE";"DEL01-PE";"UOP01-DEL01-PE"
745410;2026-01-13;"terça-feira";"12:33:00";"RJ";101;326;"NITEROI";"Condutor deixou de manter distância do veículo da frente";"Colisão traseira";"Com Vítimas Feridas";"Pleno dia";"Crescente";"Céu Claro";"Dupla";"Ponte";"Não";3;0;1;0;2;0;1;3;-22,87115353;-43,15528393;"SPRF-RJ";"DEL02-RJ";"UOP01-DEL02-RJ"
745411;2026-01-13;"terça-feira";"12:50:00";"BA";101;85;"ENTRE RIOS";"Reação tardia ou ineficiente do condutor";"Saída de leito carroçável";"Com Vítimas Feridas";"Pleno dia";"Crescente";"Céu Claro";"Simples";"Reta";"Não";1;0;1;0;0;0;1;1;-11,99562915;-38,24936986;"SPRF-BA";"DEL01-BA";"UOP04-DEL01-BA"
745412;2026-01-13;"terça-feira";"14:45:00";"PB";104;118;"LAGOA SECA";"Manobra de mudança de faixa";"Colisão transversal";"Com Vítimas Feridas";"Pleno dia";"Decrescente";"Sol";"Simples";"Reta";"Não";3;0;1;0;1;1;1;2;-7,19343374;-35,87111235;"SPRF-PB";"DEL02-PB";"UOP04-DEL02-PB"
745413;2026-01-13;"terça-feira";"14:30:00";"RJ";116;310;"RESENDE";"Pista esburacada";"Colisão com objeto";"Com Vítimas Feridas";"Pleno dia";"Decrescente";"Chuva";"Dupla";"Reta";"Sim";2;0;1;0;1;0;1;1;-22,45952159;-44,43780899;"SPRF-RJ";"DEL07-RJ";"UOP02-DEL07-RJ"
745414;2026-01-13;"terça-feira";"11:35:00";"MS";163;608,9;"SAO GABRIEL DO OESTE";"Acessar a via sem observar a presença dos outros veículos";"Colisão transversal";"Com Vítimas Feridas";"Pleno dia";"Crescente";"Céu Claro";"Simples";"Declive;Reta";"Não";4;0;1;0;3;0;1;2;-19,48637321;-54,48528081;"SPRF-MS";"DEL06-MS";"UOP02-DEL06-MS"
745415;2026-01-13;"terça-feira";"10:50:00";"MS";262;702,4;"CORUMBA";"Ultrapassagem Indevida";"Saída de leito carroçável";"Com Vítimas Feridas";"Pleno dia";"Decrescente";"Sol";"Simples";"Ponte;Reta";"Não";5;0;1;0;4;0;1;1;-19,547782;-57,396633;"SPRF-MS";"DEL03-MS";"UOP03-DEL03-MS"
745418;2026-01-13;"terça-feira";"15:30:00";"DF";20;10;"BRASILIA";"Manobra de mudança de faixa";"Colisão traseira";"Com Vítimas Feridas";"Pleno dia";"Decrescente";"Sol";"Dupla";"Reta";"Sim";2;0;0;1;1;0;1;2;-15,62968393;-47,73144723;"SPRF-DF";"DEL02-DF";"UOP01-DEL02-DF"
745419;2026-01-13;"terça-feira";"14:03:00";"MS";163;266;"DOURADOS";"Ausência de reação do condutor";"Tombamento";"Com Vítimas Feridas";"Pleno dia";"Crescente";"Céu Claro";"Dupla";"Reta";"Sim";1;0;0;1;0;0;1;1;-22,21784521;-54,72207997;"SPRF-MS";"DEL04-MS";"UOP01-DEL04-MS"
745422;2026-01-13;"terça-feira";"09:40:00";"RO";364;354;"JI-PARANA";"Condutor deixou de manter distância do veículo da frente";"Colisão traseira";"Com Vítimas Feridas";"Pleno dia";"Decrescente";"Céu Claro";"Simples";"Aclive";"Não";2;0;1;0;1;0;1;1;-10,814645;-62,018462;"SPRF-RO";"DEL02-RO";"UOP01-DEL02-RO"
745423;2026-01-13;"terça-feira";"14:00:00";"PR";476;308,7;"SAO MATEUS DO SUL";"Velocidade Incompatível";"Saída de leito carroçável";"Com Vítimas Feridas";"Pleno dia";"Decrescente";"Chuva";"Simples";"Reta";"Não";1;0;1;0;0;0;1;1;-26,01624;-50,64024;"SPRF-PR";"DEL02-PR";"UOP03-DEL02-PR"
745424;2026-01-13;"terça-feira";"14:40:00";"MG";50;187;"UBERABA";"Chuva";"Tombamento";"Com Vítimas Feridas";"Pleno dia";"Crescente";"Chuva";"Dupla";"Reta";"Sim";1;0;1;0;0;0;1;1;-19,66568;-48,00011;"SPRF-MG";"DEL13-MG";"UOP01-DEL13-MG"
745426;2026-01-13;"terça-feira";"15:20:00";"RS";386;142;"SARANDI";"Mal súbito do condutor";"Saída de leito carroçável";"Com Vítimas Feridas";"Pleno dia";"Crescente";"Céu Claro";"Simples";"Reta";"Não";1;0;1;0;0;0;1;1;-28,01907185;-52,88794605;"SPRF-RS";"DEL08-RS";"UOP01-DEL08-RS"
745427;2026-01-13;"terça-feira";"09:00:00";"RJ";101;322;"NITEROI";"Demais falhas mecânicas ou elétricas";"Queda de ocupante de veículo";"Com Vítimas Feridas";"Pleno dia";"Crescente";"Céu Claro";"Dupla";"Reta";"Não";1;0;1;0;0;0;1;1;-22,875648;-43,110568;"SPRF-RJ";"DEL02-RJ";"UOP01-DEL02-RJ"
745429;2026-01-13;"terça-feira";"16:00:00";"PE";423;89;"SAO JOAO";"Acessar a via sem observar a presença dos outros veículos";"Colisão transversal";"Com Vítimas Feridas";"Pleno dia";"Crescente";"Céu Claro";"Simples";"Reta";"Não";2;0;0;1;1;0;1;2;-8,84177;-36,45796;"SPRF-PE";"DEL03-PE";"UOP01-DEL03-PE"
745432;2026-01-13;"terça-feira";"15:59:00";"PR";277;74;"SAO JOSE DOS PINHAIS";"Ultrapassagem Indevida";"Colisão transversal";"Com Vítimas Feridas";"Pleno dia";"Decrescente";"Nublado";"Dupla";"Interseção de Vias;Reta";"Sim";2;0;2;0;0;0;2;2;-25,48977365;-49,17720292;"SPRF-PR";"DEL01-PR";"UOP07-DEL01-PR"
745433;2026-01-13;"terça-feira";"16:50:00";"PB";230;16,7;"JOAO PESSOA";"Manobra de mudança de faixa";"Colisão lateral mesmo sentido";"Com Vítimas Feridas";"Pleno dia";"Decrescente";"Sol";"Dupla";"Reta";"Sim";2;0;1;0;0;1;1;2;-7,113265;-34,842185;"SPRF-PB";"DEL01-PB";"UOP01-DEL01-PB"
745436;2026-01-13;"terça-feira";"15:58:00";"ES";101;67;"SAO MATEUS";"Acesso irregular";"Colisão transversal";"Com Vítimas Feridas";"Anoitecer";"Decrescente";"Céu Claro";"Dupla";"Interseção de Vias";"Sim";2;0;1;0;1;0;1;2;-18,72224994;-39,86188458;"SPRF-ES";"DEL04-ES";"UOP02-DEL04-ES"
745438;2026-01-13;"terça-feira";"15:30:00";"PR";277;305;"PRUDENTOPOLIS";"Reação tardia ou ineficiente do condutor";"Colisão traseira";"Com Vítimas Feridas";"Pleno dia";"Decrescente";"Céu Claro";"Simples";"Em Obras;Reta";"Não";2;0;0;1;1;0;1;2;-25,301267;-51,148631;"SPRF-PR";"DEL08-PR";"UOP01-DEL08-PR"
745439;2026-01-13;"terça-feira";"16:38:00";"ES";101;394,7;"RIO NOVO DO SUL";"Acessar a via sem observar a presença dos outros veículos";"Colisão transversal";"Com Vítimas Feridas";"Pleno dia";"Crescente";"Céu Claro";"Simples";"Curva;Retorno Regulamentado";"Sim";2;0;0;1;1;0;1;2;-20,86634543;-40,93749253;"SPRF-ES";"DEL03-ES";"UOP02-DEL03-ES"
745440;2026-01-13;"terça-feira";"16:00:00";"MG";116;810,9;"ALEM PARAIBA";"Ausência de reação do condutor";"Saída de leito carroçável";"Com Vítimas Feridas";"Pleno dia";"Decrescente";"Céu Claro";"Simples";"Declive";"Não";1;0;1;0;0;0;1;1;-21,8066833;-42,7035141;"SPRF-MG";"DEL07-MG";"UOP01-DEL07-MG"
745441;2026-01-13;"terça-feira";"17:45:00";"RN";406;167;"SAO GONCALO DO AMARANTE";"Conversão proibida";"Colisão lateral mesmo sentido";"Com Vítimas Feridas";"Pleno dia";"Decrescente";"Céu Claro";"Dupla";"Reta";"Sim";3;0;1;0;2;0;1;2;-5,748329;-35,326902;"SPRF-RN";"DEL02-RN";"UOP01-DEL02-RN"
745442;2026-01-13;"terça-feira";"17:38:00";"RN";101;66;"EXTREMOZ";"Desrespeitar a preferência no cruzamento";"Colisão lateral sentido oposto";"Com Vítimas Feridas";"Anoitecer";"Decrescente";"Céu Claro";"Simples";"Aclive;Interseção de Vias;Retorno Regulamentado";"Não";5;0;1;1;3;0;2;2;-5,651578;-35,249851;"SPRF-RN";"DEL02-RN";"UOP01-DEL02-RN"
745443;2026-01-13;"terça-feira";"18:00:00";"MG";50;69;"UBERLANDIA";"Reação tardia ou ineficiente do condutor";"Colisão traseira";"Com Vítimas Feridas";"Anoitecer";"Decrescente";"Chuva";"Dupla";"Reta";"Não";2;0;1;0;1;0;1;2;-18,86080826;-48,25469971;"SPRF-MG";"DEL15-MG";"UOP01-DEL15-MG"
745445;2026-01-13;"terça-feira";"15:00:00";"BA";110;365;"CATU";"Condutor desrespeitou a iluminação vermelha do semáforo";"Colisão transversal";"Com Vítimas Feridas";"Pleno dia";"Crescente";"Céu Claro";"Simples";"Reta";"Sim";2;0;1;1;0;0;2;2;-12,35595447;-38,39161545;"SPRF-BA";"DEL01-BA";"UOP04-DEL01-BA"
745446;2026-01-13;"terça-feira";"15:30:00";"RJ";40;105;"DUQUE DE CAXIAS";"Acumulo de areia ou detritos sobre o pavimento";"Queda de ocupante de veículo";"Com Vítimas Feridas";"Pleno dia";"Decrescente";"Céu Claro";"Dupla";"Reta";"Sim";2;0;1;0;1;0;1;1;-22,64094701;-43,28338623;"SPRF-RJ";"DEL01-RJ";"UOP02-DEL01-RJ"
745447;2026-01-13;"terça-feira";"17:00:00";"PR";376;485;"PONTA GROSSA";"Reação tardia ou ineficiente do condutor";"Queda de ocupante de veículo";"Com Vítimas Feridas";"Pleno dia";"Crescente";"Nublado";"Dupla";"Curva;Declive;Viaduto";"Sim";1;0;1;0;0;0;1;1;-25,1028283;-50,1994699;"SPRF-PR";"DEL03-PR";"UOP04-DEL03-PR"