"id";"data_inversa";"dia_semana";"horario";"uf";"br";"km";"municipio";"causa_acidente";"tipo_acidente";"classificacao_acidente";"fase_dia";"sentido_via";"condicao_metereologica";"tipo_pista";"tracado_via";"uso_solo";"pessoas";"mortos";"feridos_leves";"feridos_graves";"ilesos";"ignorados";"feridos";"veiculos";"latitude";"longitude";"regional";"delegacia";"uop"
745698;2026-01-14;"quarta-feira";"10:30:00";"RS";386;434;"NOVA SANTA RITA";"Ausência de reação do condutor";"Colisão lateral mesmo sentido";"Sem Vítimas";"Pleno dia";"Decrescente";"Céu Claro";"Dupla";"Reta";"Não";2;0;0;0;2;0;0;2;-29,84189467;-51,29137232;"SPRF-RS";"DEL04-RS";"UOP02-DEL04-RS"
745704;2026-01-15;"quinta-feira";"04:40:00";"PE";101;107,9;"CABO DE SANTO AGOSTINHO";"Transitar no Acostamento";"Atropelamento de Pedestre";"Com Vítimas Fatais";"Amanhecer";"Crescente";"Céu Claro";"Simples";"Reta";"Não";2;1;0;0;0;1;0;2;-8,306592;-35,092804;"SPRF-PE";"DEL01-PE";"UOP03-DEL01-PE"
745708;2026-01-14;"quarta-feira";"17:00:00";"RN";101;98,4;"PARNAMIRIM";"Ausência de reação do condutor";"Colisão traseira";"Com Vítimas Feridas";"Pleno dia";"Decrescente";"Céu Claro";"Múltipla";"Reta";"Sim";2;0;1;0;1;0;1;2;-5,869398;-35,218;"SPRF-RN";"DEL01-RN";"UOP01-DEL01-RN"
745709;2026-01-14;"quarta-feira";"18:30:00";"BA";367;23,3;"PORTO SEGURO";"Ausência de reação do condutor";"Colisão lateral sentido oposto";"Com Vítimas Feridas";"Plena Noite";"Crescente";"Nublado";"Simples";"Reta";"Sim";3;0;2;0;1;0;2;2;-16,43582;-39,07442;"SPRF-BA";"DEL09-BA";"UOP03-DEL09-BA"
745711;2026-01-14;"quarta-feira";"09:40:00";"MG";116;415;"GOVERNADOR VALADARES";"Condutor usando celular";"Colisão lateral mesmo sentido";"Com Vítimas Feridas";"Pleno dia";"Decrescente";"Céu Claro";"Múltipla";"Reta";"Sim";2;0;1;0;1;0;1;2;-18,888945;-41,945837;"SPRF-MG";"DEL06-MG";"UOP01-DEL06-MG"
745712;2026-01-15;"quinta-feira";"04:24:00";"AL";316;214,4;"ATALAIA";"Ausência de reação do condutor";"Colisão lateral sentido oposto";"Sem Vítimas";"Amanhecer";"Crescente";"Céu Claro";"Simples";"Curva";"Não";4;0;0;0;4;0;0;2;-9,513136;-36,224293;"SPRF-AL";"DEL01-AL";"UOP01-DEL01-AL"
745713;2026-01-14;"quarta-feira";"18:50:00";"MG";381;483;"BETIM";"Reação tardia ou ineficiente do condutor";"Colisão traseira";"Com Vítimas Feridas";"Plena Noite";"Decrescente";"Chuva";"Múltipla";"Reta";"Sim";2;0;1;0;1;0;1;2;-19,965992;-44,176631;"SPRF-MG";"DEL01-MG";"UOP03-DEL01-MG"
745716;2026-01-14;"quarta-feira";"15:15:00";"MG";381;239;"SANTANA DO PARAISO";"Condutor Dormindo";"Saída de leito carroçável";"Com Vítimas Feridas";"Pleno dia";"Crescente";"Céu Claro";"Simples";"Declive;Reta";"Não";3;0;3;0;0;0;3;1;-19,423;-42,495392;"SPRF-MG";"DEL06-MG";"UOP01-DEL06-MG"
745717;2026-01-14;"quarta-feira";"11:00:00";"RJ";40;78;"PETROPOLIS";"Reação tardia ou ineficiente do condutor";"Capotamento";"Com Vítimas Feridas";"Pleno dia";"Crescente";"Céu Claro";"Simples";"Curva";"Não";1;0;1;0;0;0;1;1;-22,5283935;-43,2227185;"SPRF-RJ";"DEL01-RJ";"UOP01-DEL01-RJ"
745718;2026-01-14;"quarta-feira";"19:30:00";"MG";381;508,9;"SAO JOAQUIM DE BICAS";"Manobra de mudança de faixa";"Colisão lateral mesmo sentido";"Com Vítimas Feridas";"Plena Noite";"Decrescente";"Nublado";"Dupla";"Reta";"Não";2;0;1;0;1;0;1;2;-20,049531;-44,276738;"SPRF-MG";"DEL01-MG";"UOP03-DEL01-MG"
745719;2026-01-14;"quarta-feira";"12:50:00";"MG";116;526;"CARATINGA";"Acesso irregular";"Colisão lateral sentido oposto";"Com Vítimas Feridas";"Pleno dia";"Decrescente";"Céu Claro";"Simples";"Interseção de Vias;Reta";"Sim";2;0;1;0;1;0;1;2;-19,781338;-42,132635;"SPRF-MG";"DEL06-MG";"UOP02-DEL06-MG"
745721;2026-01-15;"quinta-feira";"07:30:00";"SC";101;215,5;"PALHOCA";"Ausência de sinalização";"Queda de ocupante de veículo";"Com Vítimas Feridas";"Pleno dia";"Crescente";"Céu Claro";"Simples";"Curva";"Não";1;0;1;0;0;0;1;1;-27,66086187;-48,67693841;"SPRF-SC";"DEL01-SC";"UOP02-DEL01-SC"
745722;2026-01-15;"quinta-feira";"07:10:00";"PB";230;25,6;"JOAO PESSOA";"Ausência de reação do condutor";"Colisão traseira";"Com Vítimas Feridas";"Pleno dia";"Decrescente";"Garoa/Chuvisco";"Dupla";"Viaduto";"Sim";3;0;1;0;2;0;1;2;-7,16973989;-34,87374496;"SPRF-PB";"DEL01-PB";"UOP01-DEL01-PB"
745725;2026-01-14;"quarta-feira";"08:20:00";"PB";230;346;"PATOS";"Reação tardia ou ineficiente do condutor";"Capotamento";"Com Vítimas Feridas";"Pleno dia";"Decrescente";"Céu Claro";"Simples";"Reta";"Não";2;0;2;0;0;0;2;1;-6,968463;-37,353923;"SPRF-PB";"DEL03-PB";"UOP01-DEL03-PB"
745726;2026-01-14;"quarta-feira";"11:00:00";"MG";381;201,9;"NAQUE";"Ultrapassagem Indevida";"Saída de leito carroçável";"Com Vítimas Feridas";"Pleno dia";"Crescente";"Sol";"Simples";"Declive;Curva";"Não";5;0;5;0;0;0;5;1;-19,198866;-42,28611;"SPRF-MG";"DEL06-MG";"UOP01-DEL06-MG"
745727;2026-01-15;"quinta-feira";"07:59:00";"RN";101;102;"PARNAMIRIM";"Pista Escorregadia";"Capotamento";"Com Vítimas Feridas";"Pleno dia";"Decrescente";"Céu Claro";"Dupla";"Curva";"Sim";1;0;1;0;0;0;1;1;-5,889299;-35,2426303;"SPRF-RN";"DEL01-RN";"UOP01-DEL01-RN"
745728;2026-01-15;"quinta-feira";"07:30:00";"PR";277;8;"PARANAGUA";"Ausência de reação do condutor";"Capotamento";"Com Vítimas Feridas";"Pleno dia";"Crescente";"Céu Claro";"Dupla";"Reta";"Não";2;0;2;0;0;0;2;1;-25,56330627;-48,5933876;"SPRF-PR";"DEL01-PR";"UOP05-DEL01-PR"
745730;2026-01-14;"quarta-feira";"16:00:00";"RS";285;284;"PASSO FUNDO";"Ausência de reação do condutor";"Colisão traseira";"Com Vítimas Feridas";"Pleno dia";"Crescente";"Céu Claro";"Simples";"Reta";"Não";3;0;0;1;2;0;1;2;-28,24606443;-52,29750798;"SPRF-RS";"DEL08-RS";"UOP03-DEL08-RS"
745732;2026-01-15;"quinta-feira";"07:28:00";"DF";20;1,2;"BRASILIA";"Reação tardia ou ineficiente do condutor";"Colisão traseira";"Com Vítimas Feridas";"Pleno dia";"Decrescente";"Céu Claro";"Dupla";"Reta";"Sim";3;0;1;0;2;0;1;2;-15,684923;-47,848143;"SPRF-DF";"DEL02-DF";"UOP01-DEL02-DF"
745734;2026-01-15;"quinta-feira";"03:45:00";"RS";285;382;"SANTA BARBARA DO SUL";"Velocidade Incompatível";"Colisão com objeto";"Com Vítimas Feridas";"Plena Noite";"Decrescente";"Céu Claro";"Simples";"Curva;Declive";"Não";1;0;1;0;0;0;1;1;-28,42515091;-53,16692522;"SPRF-RS";"DEL10-RS";"UOP02-DEL10-RS"
745735;2026-01-15;"quinta-feira";"07:20:00";"BA";324;620,2;"SALVADOR";"Manobra de mudança de faixa";"Colisão transversal";"Com Vítimas Feridas";"Pleno dia";"Crescente";"Sol";"Múltipla";"Reta";"Sim";3;0;1;0;2;0;1;3;-12,91572183;-38,46190665;"SPRF-BA";"DEL01-BA";"UOP01-DEL01-BA"
745736;2026-01-15;"quinta-feira";"07:50:00";"DF";70;5;"BRASILIA";"Manobra de mudança de faixa";"Colisão lateral mesmo sentido";"Com Vítimas Feridas";"Pleno dia";"Decrescente";"Céu Claro";"Dupla";"Aclive;Reta";"Sim";2;0;1;0;1;0;1;2;-15,792087;-48,10369;"SPRF-DF";"DEL03-DF";"UOP02-DEL03-DF"
745737;2026-01-15;"quinta-feira";"07:40:00";"RJ";116;187;"NOVA IGUACU";"Ausência de reação do condutor";"Colisão lateral mesmo sentido";"Com Vítimas Feridas";"Amanhecer";"Decrescente";"Céu Claro";"Dupla";"Reta";"Não";2;0;1;0;1;0;1;2;-22,73948531;-43,46884187;"SPRF-RJ";"DEL06-RJ";"UOP01-DEL06-RJ"
745740;2026-01-14;"quarta-feira";"17:40:00";"MA";135;4,7;"SAO LUIS";"Manobra de mudança de faixa";"Colisão traseira";"Sem Vítimas";"Plena Noite";"Decrescente";"Céu Claro";"Dupla";"Reta";"Sim";2;0;0;0;2;0;0;2;-2,619675;-44,256405;"SPRF-MA";"DEL01-MA";"UOP01-DEL01-MA"
745742;2026-01-15;"quinta-feira";"08:30:00";"AL";101;76,5;"RIO LARGO";"Manobra de mudança de faixa";"Tombamento";"Com Vítimas Feridas";"Pleno dia";"Crescente";"Céu Claro";"Dupla";"Curva";"Não";3;0;2;0;0;1;2;2;-9,42051559;-35,83997123;"SPRF-AL";"DEL01-AL";"UOP01-DEL01-AL"
745743;2026-01-15;"quinta-feira";"07:20:00";"RJ";116;170;"RIO DE JANEIRO";"Ausência de reação do condutor";"Colisão traseira";"Com Vítimas Feridas";"Pleno dia";"Decrescente";"Sol";"Dupla";"Reta";"Sim";2;0;1;0;1;0;1;2;-22,8044628;-43,3451745;"SPRF-RJ";"DEL06-RJ";"UOP01-DEL06-RJ"
745744;2026-01-15;"quinta-feira";"01:00:00";"BA";367;33;"PORTO SEGURO";"Redutor de velocidade em desacordo";"Queda de ocupante de veículo";"Com Vítimas Fatais";"Plena Noite";"Crescente";"Garoa/Chuvisco";"Simples";"Reta";"Sim";1;1;0;0;0;0;0;1;-16,416365;-39,156994;"SPRF-BA";"DEL09-BA";"UOP03-DEL09-BA"
745749;2026-01-15;"quinta-feira";"09:00:00";"CE";20;326,3;"CARIDADE";"Acessar a via sem observar a presença dos outros veículos";"Colisão transversal";"Com Vítimas Feridas";"Pleno dia";"Crescente";"Céu Claro";"Simples";"Reta";"Sim";2;0;0;1;1;0;1;2;-4,2274;-39,1973;"SPRF-CE";"DEL02-CE";"UOP01-DEL02-CE"
745751;2026-01-15;"quinta-feira";"08:40:00";"RS";116;114,5;"SAO MARCOS";"Reação tardia ou ineficiente do condutor";"Atropelamento de Pedestre";"Com Vítimas Feridas";"Pleno dia";"Decrescente";"Sol";"Simples";"Rotatória";"Sim";2;0;1;0;1;0;1;2;-28,970019;-51,0719907;"SPRF-RS";"DEL05-RS";"UOP01-DEL05-RS"
745753;2026-01-15;"quinta-feira";"07:00:00";"MG";381;447;"BELO HORIZONTE";"Acesso irregular";"Colisão transversal";"Com Vítimas Feridas";"Pleno dia";"Crescente";"Céu Claro";"Simples";"Reta";"Sim";2;0;1;0;1;0;1;2;-19,840249;-43,875998;"SPRF-MG";"DEL01-MG";"UOP01-DEL01-MG"
745756;2026-01-15;"quinta-feira";"08:10:00";"PB";101;77,6;"SANTA RITA";"Velocidade Incompatível";"Colisão com objeto";"Com Vítimas Feridas";"Pleno dia";"Decrescente";"Céu Claro";"Dupla";"Aclive";"Não";2;0;2;0;0;0;2;1;-7,092192;-34,968132;"SPRF-PB";"DEL01-PB";"UOP03-DEL01-PB"
745759;2026-01-15;"quinta-feira";"09:35:00";"RS";386;35,6;"FREDERICO WESTPHALEN";"Pista esburacada";"Tombamento";"Com Vítimas Feridas";"Pleno dia";"Decrescente";"Céu Claro";"Simples";"Reta";"Sim";1;0;1;0;0;0;1;1;-27,3718439;-53,3982701;"SPRF-RS";"DEL08-RS";"UOP02-DEL08-RS"
745760;2026-01-15;"quinta-feira";"06:30:00";"TO";242;421;"CARIRI DO TOCANTINS";"Reação tardia ou ineficiente do condutor";"Queda de ocupante de veículo";"Com Vítimas Feridas";"Amanhecer";"Decrescente";"Nublado";"Simples";"Reta";"Não";1;0;1;0;0;0;1;1;-11,94974086;-49,22632277;"SPRF-TO";"DEL01-TO";"UOP02-DEL01-TO"
745761;2026-01-14;"quarta-feira";"21:00:00";"BA";116;28;"VITORIA DA CONQUISTA";"Ausência de reação do condutor";"Colisão traseira";"Sem Vítimas";"Plena Noite";"Decrescente";"Nublado";"Simples";"Reta";"Não";2;0;0;0;2;0;0;2;-14,842402;-40,81644;"SPRF-BA";"DEL08-BA";"UOP01-DEL08-BA"
745765;2026-01-15;"quinta-feira";"08:30:00";"DF";20;16;"BRASILIA";"Manobra de mudança de faixa";"Colisão traseira";"Com Vítimas Feridas";"Pleno dia";"Crescente";"Céu Claro";"Dupla";"Aclive";"Não";3;0;1;0;2;0;1;2;-15,62821591;-47,72958755;"SPRF-DF";"DEL02-DF";"UOP01-DEL02-DF"
745766;2026-01-11;"domingo";"22:45:00";"RJ";465;18;"NOVA IGUACU";"Entrada inopinada do pedestre";"Atropelamento de Pedestre";"Com Vítimas Feridas";"Plena Noite";"Crescente";"Nublado";"Simples";"Reta";"Sim";2;0;1;0;1;0;1;2;-22,829387;-43,616555;"SPRF-RJ";"DEL06-RJ";"UOP02-DEL06-RJ"
745767;2026-01-15;"quinta-feira";"08:40:00";"RS";287;399,6;"SANTIAGO";"Acessar a via sem observar a presença dos outros veículos";"Queda de ocupante de veículo";"Com Vítimas Feridas";"Pleno dia";"Decrescente";"Céu Claro";"Simples";"Reta";"Sim";2;0;1;0;1;0;1;2;-29,17006454;-54,86084171;"SPRF-RS";"DEL12-RS";"UOP02-DEL12-RS"
745769;2026-01-15;"quinta-feira";"08:40:00";"SC";101;201,2;"SAO JOSE";"Condutor deixou de manter distância do veículo da frente";"Colisão traseira";"Com Vítimas Feridas";"Pleno dia";"Crescente";"Céu Claro";"Dupla";"Reta";"Não";4;0;1;0;3;0;1;2;-27,550357;-48,619693;"SPRF-SC";"DEL01-SC";"UOP01-DEL01-SC"
745770;2026-01-15;"quinta-feira";"07:00:00";"BA";101;765;"ITABELA";"Reação tardia ou ineficiente do condutor";"Colisão traseira";"Com Vítimas Feridas";"Pleno dia";"Decrescente";"Céu Claro";"Simples";"Reta";"Não";7;0;4;1;2;0;5;2;-16,71243186;-39,45327759;"SPRF-BA";"DEL09-BA";"UOP01-DEL09-BA"
745771;2026-01-15;"quinta-feira";"10:20:00";"PR";277;43,9;"MORRETES";"Condutor deixou de manter distância do veículo da frente";"Engavetamento";"Sem Vítimas";"Pleno dia";"Crescente";"Céu Claro";"Dupla";"Em Obras";"Não";4;0;0;0;4;0;0;3;-25,59318254;-48,88911121;"SPRF-PR";"DEL01-PR";"UOP05-DEL01-PR"
745772;2026-01-15;"quinta-feira";"09:05:00";"RO";364;236,1;"CACOAL";"Ausência de reação do condutor";"Colisão traseira";"Com Vítimas Feridas";"Pleno dia";"Crescente";"Céu Claro";"Simples";"Reta";"Sim";5;0;1;0;4;0;1;2;-11,444867;-61,440748;"SPRF-RO";"DEL02-RO";"UOP02-DEL02-RO"
745774;2026-01-15;"quinta-feira";"06:50:00";"BA";415;60;"ITABUNA";"Velocidade Incompatível";"Colisão transversal";"Com Vítimas Fatais";"Pleno dia";"Crescente";"Chuva";"Simples";"Curva";"Não";4;3;1;0;0;0;1;2;-14,855833;-39,394451;"SPRF-BA";"DEL05-BA";"UOP01-DEL05-BA"
745775;2026-01-15;"quinta-feira";"10:20:00";"MS";163;495;"CAMPO GRANDE";"Ausência de reação do condutor";"Saída de leito carroçável";"Com Vítimas Feridas";"Pleno dia";"Crescente";"Céu Claro";"Dupla";"Rotatória";"Não";1;0;1;0;0;0;1;1;-20,36241121;-54,52767849;"SPRF-MS";"DEL01-MS";"UOP02-DEL01-MS"
745776;2026-01-15;"quinta-feira";"11:20:00";"AP";210;5;"MACAPA";"Ausência de reação do condutor";"Colisão traseira";"Com Vítimas Feridas";"Pleno dia";"Crescente";"Céu Claro";"Dupla";"Reta";"Sim";6;0;1;1;4;0;2;2;0,09130124;-51,10543638;"SPRF-AP";"DEL01-AP";"UOP01-DEL01-AP"
745778;2026-01-15;"quinta-feira";"10:25:00";"RS";285;195,9;"LAGOA VERMELHA";"Acessar a via sem observar a presença dos outros veículos";"Colisão transversal";"Com Vítimas Feridas";"Pleno dia";"Decrescente";"Sol";"Simples";"Reta;Aclive";"Sim";4;0;2;0;2;0;2;2;-28,22557719;-51,50728432;"SPRF-RS";"DEL08-RS";"UOP05-DEL08-RS"
745780;2026-01-15;"quinta-feira";"12:00:00";"GO";40;60;"CRISTALINA";"Acessar a via sem observar a presença dos outros veículos";"Colisão transversal";"Com Vítimas Feridas";"Pleno dia";"Crescente";"Céu Claro";"Simples";"Curva;Declive";"Sim";2;0;1;0;1;0;1;2;-16,556348;-47,791397;"SPRF-DF";"DEL01-DF";"UOP02-DEL01-DF"
745782;2026-01-15;"quinta-feira";"12:20:00";"SC";470;89,1;"ASCURRA";"Ausência de reação do condutor";"Colisão transversal";"Com Vítimas Feridas";"Pleno dia";"Decrescente";"Céu Claro";"Simples";"Curva;Interseção de Vias";"Sim";4;0;2;0;2;0;2;2;-26,96213944;-49,37093703;"SPRF-SC";"DEL04-SC";"UOP01-DEL04-SC"
745785;2026-01-05;"segunda-feira";"15:00:00";"RJ";101;482;"ANGRA DOS REIS";"Acessar a via sem observar a presença dos outros veículos";"Colisão transversal";"Com Vítimas Feridas";"Pleno dia";"Decrescente";"Céu Claro";"Simples";"Rotatória";"Não";2;0;1;0;1;0;1;2;-23,00474841;-44,29803368;"SPRF-RJ";"DEL03-RJ";"UOP03-DEL03-RJ"
745786;2026-01-15;"quinta-feira";"11:40:00";"AP";156;470;"TARTARUGALZINHO";"Avarias e/ou desgaste excessivo no pneu";"Saída de leito carroçável";"Com Vítimas Feridas";"Pleno dia";"Crescente";"Céu Claro";"Simples";"Curva";"Não";2;0;1;0;1;0;1;1;1,5199682;-50,9177713;"SPRF-AP";"DEL01-AP";"UOP02-DEL01-AP"
745787;2026-01-15;"quinta-feira";"11:50:00";"PB";230;170,7;"CAMPINA GRANDE";"Conversão proibida";"Colisão transversal";"Com Vítimas Feridas";"Pleno dia";"Decrescente";"Céu Claro";"Simples";"Reta";"Sim";2;0;0;1;1;0;1;2;-7,18028884;-35,98979384;"SPRF-PB";"DEL02-PB";"UOP02-DEL02-PB"
745788;2026-01-15;"quinta-feira";"13:30:00";"SC";101;212;"PALHOCA";"Acessar a via sem observar a presença dos outros veículos";"Colisão lateral mesmo sentido";"Com Vítimas Feridas";"Pleno dia";"Crescente";"Céu Claro";"Simples";"Reta";"Sim";2;0;2;0;0;0;2;2;-27,63279392;-48,66204325;"SPRF-SC";"DEL01-SC";"UOP02-DEL01-SC"
745790;2026-01-15;"quinta-feira";"09:00:00";"PE";232;226,6;"PESQUEIRA";"Reação tardia ou ineficiente do condutor";"Colisão traseira";"Com Vítimas Feridas";"Pleno dia";"Crescente";"Nublado";"Simples";"Reta";"Não";2;0;0;1;1;0;1;2;-8,400688;-36,844143;"SPRF-PE";"DEL03-PE";"UOP02-DEL03-PE"
745791;2026-01-15;"quinta-feira";"12:20:00";"PE";407;119;"PETROLINA";"Ausência de reação do condutor";"Saída de leito carroçável";"Com Vítimas Fatais";"Pleno dia";"Decrescente";"Céu Claro";"Simples";"Reta";"Não";1;1;0;0;0;0;0;1;-9,336708;-40,56023;"SPRF-PE";"DEL06-PE";"UOP01-DEL06-PE"
745793;2026-01-15;"quinta-feira";"14:10:00";"ES";101;142,3;"LINHARES";"Manobra de mudança de faixa";"Colisão lateral mesmo sentido";"Com Vítimas Feridas";"Pleno dia";"Decrescente";"Céu Claro";"Múltipla";"Reta";"Sim";2;0;1;0;1;0;1;2;-19,33702627;-40,06589339;"SPRF-ES";"DEL04-ES";"UOP01-DEL04-ES"
745795;2026-01-10;"sábado";"09:20:00";"MG";381;509,1;"SAO JOAQUIM DE BICAS";"Ausência de reação do condutor";"Engavetamento";"Sem Vítimas";"Pleno dia";"Crescente";"Céu Claro";"Dupla";"Reta";"Não";11;0;0;0;10;1;0;5;-20,04981823;-44,27813021;"SPRF-MG";"DEL01-MG";"UOP03-DEL01-MG"
745797;2026-01-15;"quinta-feira";"14:50:00";"SC";101;210;"SAO JOSE";"Reação tardia ou ineficiente do condutor";"Colisão lateral mesmo sentido";"Com Vítimas Feridas";"Pleno dia";"Crescente";"Céu Claro";"Múltipla";"Interseção de Vias";"Não";2;0;0;1;1;0;1;2;-27,617974;-48,646446;"SPRF-SC";"DEL01-SC";"UOP01-DEL01-SC"
745798;2026-01-15;"quinta-feira";"14:50:00";"PB";230;69;"SOBRADO";"Ausência de reação do condutor";"Colisão traseira";"Sem Vítimas";"Pleno dia";"Crescente";"Nublado";"Dupla";"Reta";"Não";2;0;0;0;2;0;0;2;-7,191932;-35,227722;"SPRF-PB";"DEL01-PB";"UOP02-DEL01-PB"
745799;2026-01-15;"quinta-feira";"14:40:00";"BA";324;603;"SIMOES FILHO";"Reação tardia ou ineficiente do condutor";"Queda de ocupante de veículo";"Com Vítimas Feridas";"Pleno dia";"Decrescente";"Céu Claro";"Dupla";"Declive";"Não";1;0;1;0;0;0;1;1;-12,7808317;-38,4124647;"SPRF-BA";"DEL01-BA";"UOP01-DEL01-BA"
745801;2026-01-15;"quinta-feira";"14:15:00";"BA";101;935,4;"MUCURI";"Condutor deixou de manter distância do veículo da frente";"Colisão traseira";"Com Vítimas Feridas";"Pleno dia";"Crescente";"Céu Claro";"Simples";"Reta;Declive";"Sim";2;0;1;0;1;0;1;2;-18,0153717;-39,8619317;"SPRF-BA";"DEL09-BA";"UOP02-DEL09-BA"
745802;2026-01-15;"quinta-feira";"15:20:00";"MG";381;521,4;"BRUMADINHO";"Velocidade Incompatível";"Colisão com objeto";"Com Vítimas Feridas";"Pleno dia";"Decrescente";"Céu Claro";"Múltipla";"Curva";"Não";1;0;1;0;0;0;1;1;-20,117144;-44,303513;"SPRF-MG";"DEL04-MG";"UOP03-DEL04-MG"
745807;2026-01-15;"quinta-feira";"15:50:00";"RS";116;302;"GUAIBA";"Manobra de mudança de faixa";"Colisão lateral mesmo sentido";"Sem Vítimas";"Pleno dia";"Crescente";"Céu Claro";"Dupla";"Reta";"Não";3;0;0;0;3;0;0;3;-30,137322;-51,357769;"SPRF-RS";"DEL02-RS";"UOP01-DEL02-RS"
745808;2026-01-15;"quinta-feira";"16:05:00";"BA";324;618;"SALVADOR";"Pista Escorregadia";"Queda de ocupante de veículo";"Com Vítimas Feridas";"Pleno dia";"Crescente";"Céu Claro";"Múltipla";"Curva";"Sim";2;0;1;0;1;0;1;1;-12,8907;-38,44516;"SPRF-BA";"DEL01-BA";"UOP01-DEL01-BA"
745809;2026-01-15;"quinta-feira";"15:40:00";"SP";101;48;"UBATUBA";"Acessar a via sem observar a presença dos outros veículos";"Colisão transversal";"Sem Vítimas";"Pleno dia";"Crescente";"Chuva";"Simples";"Reta";"Sim";2;0;0;0;2;0;0;2;-23,43764608;-45,08771896;"SPRF-SP";"DEL06-SP";"UOP01-DEL06-SP"
745810;2026-01-15;"quinta-feira";"14:50:00";"MS";163;19;"MUNDO NOVO";"Desrespeitar a preferência no cruzamento";"Colisão transversal";"Sem Vítimas";"Pleno dia";"Crescente";"Céu Claro";"Simples";"Reta";"Sim";2;0;0;0;2;0;0;2;-23,9355315;-54,2813907;"SPRF-MS";"DEL09-MS";"UOP02-DEL09-MS"
745813;2026-01-15;"quinta-feira";"16:25:00";"ES";101;146,1;"LINHARES";"Condutor deixou de manter distância do veículo da frente";"Saída de leito carroçável";"Com Vítimas Feridas";"Pleno dia";"Crescente";"Céu Claro";"Múltipla";"Declive;Reta";"Sim";1;0;1;0;0;0;1;1;-19,37042794;-40,06475109;"SPRF-ES";"DEL04-ES";"UOP01-DEL04-ES"
745814;2026-01-15;"quinta-feira";"15:30:00";"GO";153;505;"APARECIDA DE GOIANIA";"Reação tardia ou ineficiente do condutor";"Queda de ocupante de veículo";"Com Vítimas Feridas";"Pleno dia";"Crescente";"Nublado";"Dupla";"Reta";"Sim";2;0;0;1;0;1;1;2;-16,74695;-49,240971;"SPRF-GO";"DEL01-GO";"UOP01-DEL01-GO"
745816;2026-01-15;"quinta-feira";"14:00:00";"MT";70;678;"CACERES";"Acumulo de água sobre o pavimento";"Saída de leito carroçável";"Com Vítimas Feridas";"Pleno dia";"Crescente";"Nublado";"Simples";"Curva";"Não";3;0;2;0;1;0;2;2;-16,16573026;-57,35273838;"SPRF-MT";"DEL03-MT";"UOP02-DEL03-MT"
745817;2026-01-08;"quinta-feira";"21:00:00";"TO";242;161;"PARANA";"Ausência de reação do condutor";"Saída de leito carroçável";"Com Vítimas Fatais";"Plena Noite";"Decrescente";"Ignorado";"Simples";"Reta";"Não";3;1;1;1;0;0;2;1;-12,68589446;-47,67997742;"SPRF-TO";"DEL01-TO";"UOP03-DEL01-TO"
745819;2026-01-15;"quinta-feira";"16:00:00";"PR";277;599;"CASCAVEL";"Desrespeitar a preferência no cruzamento";"Saída de leito carroçável";"Com Vítimas Feridas";"Pleno dia";"Decrescente";"Céu Claro";"Simples";"Reta";"Sim";1;0;1;0;0;0;1;1;-24,99858;-53,51769;"SPRF-PR";"DEL04-PR";"UOP01-DEL04-PR"
745820;2026-01-15;"quinta-feira";"14:35:00";"SC";280;15;"ARAQUARI";"Acessar a via sem observar a presença dos outros veículos";"Colisão transversal";"Com Vítimas Feridas";"Pleno dia";"Decrescente";"Céu Claro";"Simples";"Reta";"Sim";3;0;2;0;1;0;2;2;-26,37663348;-48,71893334;"SPRF-SC";"DEL03-SC";"UOP03-DEL03-SC"
745821;2026-01-15;"quinta-feira";"15:40:00";"SC";101;119;"ITAJAI";"Ausência de reação do condutor";"Tombamento";"Com Vítimas Feridas";"Pleno dia";"Crescente";"Sol";"Dupla";"Reta";"Não";2;0;1;1;0;0;2;1;-26,91077809;-48,71282671;"SPRF-SC";"DEL04-SC";"UOP04-DEL04-SC"
745823;2026-01-15;"quinta-feira";"17:22:00";"PB";230;23,6;"JOAO PESSOA";"Ausência de reação do condutor";"Colisão traseira";"Com Vítimas Feridas";"Anoitecer";"Crescente";"Céu Claro";"Dupla";"Reta";"Não";1;0;1;0;0;0;1;1;-7,16325589;-34,86176491;"SPRF-PB";"DEL01-PB";"UOP01-DEL01-PB"
745824;2026-01-15;"quinta-feira";"15:00:00";"SC";470;207;"SAO CRISTOVAO DO SUL";"Reação tardia ou ineficiente do condutor";"Saída de leito carroçável";"Com Vítimas Feridas";"Pleno dia";"Crescente";"Chuva";"Simples";"Curva";"Não";2;0;1;1;0;0;2;1;-27,29079;-50,19674;"SPRF-SC";"DEL05-SC";"UOP03-DEL05-SC"
745825;2026-01-15;"quinta-feira";"17:20:00";"RJ";101;426;"MANGARATIBA";"Reação tardia ou ineficiente do condutor";"Queda de ocupante de veículo";"Com Vítimas Fatais";"Pleno dia";"Decrescente";"Chuva";"Simples";"Reta";"Não";2;1;0;0;1;0;0;2;-22,93169581;-43,98122661;"SPRF-RJ";"DEL03-RJ";"UOP02-DEL03-RJ"