"id";"data_inversa";"dia_semana";"horario";"uf";"br";"km";"municipio";"causa_acidente";"tipo_acidente";"classificacao_acidente";"fase_dia";"sentido_via";"condicao_metereologica";"tipo_pista";"tracado_via";"uso_solo";"pessoas";"mortos";"feridos_leves";"feridos_graves";"ilesos";"ignorados";"feridos";"veiculos";"latitude";"longitude";"regional";"delegacia";"uop"
746366;2026-01-18;"domingo";"05:05:00";"RS";153;412;"CACHOEIRA DO SUL";"Ausência de reação do condutor";"Colisão lateral sentido oposto";"Com Vítimas Feridas";"Amanhecer";"Decrescente";"Garoa/Chuvisco";"Simples";"Ponte;Reta";"Não";3;0;0;1;1;1;1;3;-30,06298826;-52,89687857;"SPRF-RS";"DEL02-RS";"UOP03-DEL02-RS"
746367;2026-01-18;"domingo";"04:30:00";"CE";116;43;"HORIZONTE";"Objeto estático sobre o leito carroçável";"Colisão com objeto";"Com Vítimas Fatais";"Amanhecer";"Decrescente";"Chuva";"Dupla";"Reta";"Sim";2;1;0;0;0;1;0;1;-4,122858;-38,486072;"SPRF-CE";"DEL01-CE";"UOP02-DEL01-CE"
746369;2026-01-18;"domingo";"03:45:00";"SC";470;14;"NAVEGANTES";"Acessar a via sem observar a presença dos outros veículos";"Colisão transversal";"Com Vítimas Feridas";"Plena Noite";"Decrescente";"Céu Claro";"Dupla";"Reta";"Não";2;0;1;0;1;0;1;2;-26,83881077;-48,76509458;"SPRF-SC";"DEL04-SC";"UOP04-DEL04-SC"
746370;2026-01-18;"domingo";"03:00:00";"SP";116;161;"SAO JOSE DOS CAMPOS";"Reação tardia ou ineficiente do condutor";"Colisão com objeto";"Com Vítimas Feridas";"Plena Noite";"Crescente";"Céu Claro";"Dupla";"Interseção de Vias;Reta";"Não";1;0;1;0;0;0;1;1;-23,2492092;-45,9356255;"SPRF-SP";"DEL02-SP";"UOP01-DEL02-SP"
746371;2026-01-18;"domingo";"00:10:00";"SE";101;6,7;"CEDRO DE SAO JOAO";"Velocidade Incompatível";"Saída de leito carroçável";"Sem Vítimas";"Plena Noite";"Decrescente";"Céu Claro";"Dupla";"Reta";"Não";1;0;0;0;1;0;0;1;-10,24358811;-36,85424924;"SPRF-SE";"DEL02-SE";"UOP02-DEL02-SE"
746373;2026-01-18;"domingo";"05:00:00";"SE";235;30,4;"AREIA BRANCA";"Ingestão de álcool pelo condutor";"Colisão com objeto";"Sem Vítimas";"Amanhecer";"Decrescente";"Céu Claro";"Simples";"Curva";"Não";1;0;0;0;0;1;0;1;-10,783612;-37,292877;"SPRF-SE";"DEL01-SE";"UOP02-DEL01-SE"
746377;2026-01-18;"domingo";"06:40:00";"RN";101;112;"PARNAMIRIM";"Manobra de mudança de faixa";"Colisão lateral mesmo sentido";"Com Vítimas Feridas";"Pleno dia";"Crescente";"Sol";"Dupla";"Declive";"Não";2;0;0;1;1;0;1;2;-5,9573937;-35,2649731;"SPRF-RN";"DEL01-RN";"UOP01-DEL01-RN"
746378;2026-01-18;"domingo";"06:30:00";"RS";116;310;"GUAIBA";"Ausência de reação do condutor";"Saída de leito carroçável";"Com Vítimas Feridas";"Pleno dia";"Decrescente";"Chuva";"Dupla";"Reta";"Não";2;0;1;1;0;0;2;1;-30,205797;-51,401835;"SPRF-RS";"DEL02-RS";"UOP01-DEL02-RS"
746379;2026-01-18;"domingo";"06:50:00";"RN";101;111;"PARNAMIRIM";"Condutor deixou de manter distância do veículo da frente";"Saída de leito carroçável";"Com Vítimas Feridas";"Pleno dia";"Crescente";"Céu Claro";"Dupla";"Declive;Reta";"Não";3;0;2;0;1;0;2;1;-5,9492784;-35,2630871;"SPRF-RN";"DEL01-RN";"UOP01-DEL01-RN"
746380;2026-01-18;"domingo";"04:30:00";"MG";354;729,1;"POUSO ALTO";"Chuva";"Saída de leito carroçável";"Com Vítimas Feridas";"Plena Noite";"Decrescente";"Chuva";"Simples";"Curva;Declive";"Não";4;0;2;0;2;0;2;1;-22,14730402;-44,96592522;"SPRF-MG";"DEL17-MG";"UOP01-DEL17-MG"
746381;2026-01-18;"domingo";"05:17:00";"CE";222;229;"SOBRAL";"Condutor Dormindo";"Colisão com objeto";"Sem Vítimas";"Amanhecer";"Crescente";"Céu Claro";"Simples";"Ponte;Reta;Declive";"Não";1;0;0;0;0;1;0;1;-3,7027077;-40,3921224;"SPRF-CE";"DEL04-CE";"UOP01-DEL04-CE"
746384;2026-01-18;"domingo";"06:35:00";"PB";230;19;"JOAO PESSOA";"Mal súbito do condutor";"Tombamento";"Com Vítimas Feridas";"Pleno dia";"Decrescente";"Céu Claro";"Dupla";"Reta";"Sim";1;0;1;0;0;0;1;1;-7,12927903;-34,84987646;"SPRF-PB";"DEL01-PB";"UOP01-DEL01-PB"
746385;2026-01-18;"domingo";"07:00:00";"SC";282;1,3;"FLORIANOPOLIS";"Reação tardia ou ineficiente do condutor";"Colisão com objeto";"Sem Vítimas";"Pleno dia";"Decrescente";"Nublado";"Múltipla";"Reta";"Sim";1;0;0;0;1;0;0;1;-27,603702;-48,58402;"SPRF-SC";"DEL01-SC";"UOP01-DEL01-SC"
746386;2026-01-18;"domingo";"07:00:00";"RS";116;173;"CAXIAS DO SUL";"Acessar a via sem observar a presença dos outros veículos";"Colisão transversal";"Com Vítimas Feridas";"Pleno dia";"Decrescente";"Nublado";"Simples";"Reta";"Não";3;0;1;0;2;0;1;2;-29,322663;-51,170787;"SPRF-RS";"DEL05-RS";"UOP02-DEL05-RS"
746387;2026-01-18;"domingo";"01:00:00";"CE";20;82;"TAUA";"Condutor deixou de manter distância do veículo da frente";"Colisão traseira";"Sem Vítimas";"Plena Noite";"Crescente";"Ignorado";"Simples";"Reta";"Não";1;0;0;0;0;1;0;1;-6,011568;-40,29094;"SPRF-CE";"DEL02-CE";"UOP02-DEL02-CE"
746388;2026-01-18;"domingo";"02:45:00";"PE";316;79;"OURICURI";"Reação tardia ou ineficiente do condutor";"Queda de ocupante de veículo";"Com Vítimas Feridas";"Plena Noite";"Crescente";"Garoa/Chuvisco";"Simples";"Aclive";"Sim";1;0;1;0;0;0;1;1;-7,85668572;-40,11444258;"SPRF-PE";"DEL05-PE";"UOP02-DEL05-PE"
746389;2026-01-18;"domingo";"03:05:00";"RJ";116;146;"DUQUE DE CAXIAS";"Velocidade Incompatível";"Queda de ocupante de veículo";"Com Vítimas Feridas";"Plena Noite";"Decrescente";"Céu Claro";"Simples";"Reta";"Sim";1;0;0;1;0;0;1;1;-22,6682449;-43,2675234;"SPRF-RJ";"DEL01-RJ";"UOP02-DEL01-RJ"
746390;2026-01-18;"domingo";"08:00:00";"ES";101;147,4;"LINHARES";"Condutor desrespeitou a iluminação vermelha do semáforo";"Colisão transversal";"Com Vítimas Feridas";"Pleno dia";"Crescente";"Céu Claro";"Dupla";"Interseção de Vias;Reta";"Sim";3;0;1;0;2;0;1;2;-19,38235742;-40,06721608;"SPRF-ES";"DEL04-ES";"UOP01-DEL04-ES"
746391;2026-01-02;"sexta-feira";"18:45:00";"PR";376;466;"PONTA GROSSA";"Ausência de reação do condutor";"Saída de leito carroçável";"Com Vítimas Feridas";"Anoitecer";"Crescente";"Chuva";"Dupla";"Curva";"Não";7;0;3;2;2;0;5;3;-25,024267;-50,319798;"SPRF-PR";"DEL03-PR";"UOP01-DEL03-PR"
746392;2026-01-18;"domingo";"03:40:00";"RS";470;275;"SAO JOSE DO SUL";"Reação tardia ou ineficiente do condutor";"Saída de leito carroçável";"Com Vítimas Fatais";"Plena Noite";"Crescente";"Nublado";"Simples";"Reta";"Não";1;1;0;0;0;0;0;1;-29,562923;-51,48351;"SPRF-RS";"DEL06-RS";"UOP01-DEL06-RS"
746393;2026-01-18;"domingo";"07:30:00";"RS";386;306,3;"POUSO NOVO";"Acumulo de óleo sobre o pavimento";"Colisão frontal";"Com Vítimas Feridas";"Pleno dia";"Decrescente";"Chuva";"Simples";"Curva;Declive";"Não";8;0;8;0;0;0;8;2;-29,17116;-52,20932;"SPRF-RS";"DEL04-RS";"UOP01-DEL04-RS"
746394;2026-01-18;"domingo";"06:30:00";"RJ";40;109;"DUQUE DE CAXIAS";"Ingestão de álcool pelo condutor";"Colisão traseira";"Com Vítimas Feridas";"Pleno dia";"Decrescente";"Céu Claro";"Dupla";"Reta";"Não";2;0;1;0;1;0;1;2;-22,67561193;-43,28605503;"SPRF-RJ";"DEL01-RJ";"UOP02-DEL01-RJ"
746395;2026-01-18;"domingo";"08:10:00";"SC";282;521,7;"XAXIM";"Desrespeitar a preferência no cruzamento";"Colisão transversal";"Com Vítimas Feridas";"Pleno dia";"Crescente";"Céu Claro";"Múltipla";"Interseção de Vias;Rotatória";"Sim";3;0;1;0;2;0;1;2;-26,9535573;-52,5380137;"SPRF-SC";"DEL07-SC";"UOP01-DEL07-SC"
746396;2026-01-18;"domingo";"08:20:00";"RN";101;75;"EXTREMOZ";"Manobra de mudança de faixa";"Colisão transversal";"Com Vítimas Feridas";"Pleno dia";"Crescente";"Céu Claro";"Dupla";"Rotatória";"Não";2;0;1;0;1;0;1;2;-5,721418;-35,2775;"SPRF-RN";"DEL02-RN";"UOP01-DEL02-RN"
746397;2026-01-18;"domingo";"03:30:00";"MT";163;794;"VERA";"Reação tardia ou ineficiente do condutor";"Saída de leito carroçável";"Sem Vítimas";"Plena Noite";"Decrescente";"Nublado";"Simples";"Declive;Reta";"Não";1;0;0;0;1;0;0;1;-12,231256;-55,545616;"SPRF-MT";"DEL06-MT";"UOP02-DEL06-MT"
746398;2026-01-14;"quarta-feira";"06:49:00";"RJ";40;113;"DUQUE DE CAXIAS";"Ausência de reação do condutor";"Colisão lateral mesmo sentido";"Com Vítimas Feridas";"Pleno dia";"Crescente";"Céu Claro";"Múltipla";"Reta";"Sim";2;0;2;0;0;0;2;2;-22,7057089;-43,29040423;"SPRF-RJ";"DEL01-RJ";"UOP02-DEL01-RJ"
746400;2026-01-18;"domingo";"06:20:00";"RJ";40;114;"DUQUE DE CAXIAS";"Ausência de reação do condutor";"Colisão traseira";"Com Vítimas Feridas";"Pleno dia";"Decrescente";"Céu Claro";"Múltipla";"Reta";"Não";2;0;1;0;1;0;1;2;-22,72187151;-43,28870773;"SPRF-RJ";"DEL01-RJ";"UOP02-DEL01-RJ"
746401;2026-01-18;"domingo";"09:20:00";"MG";40;660,9;"CARANDAI";"Acumulo de água sobre o pavimento";"Saída de leito carroçável";"Com Vítimas Feridas";"Pleno dia";"Decrescente";"Chuva";"Simples";"Curva";"Não";2;0;2;0;0;0;2;1;-20,908849;-43,82889;"SPRF-MG";"DEL05-MG";"UOP02-DEL05-MG"
746402;2026-01-18;"domingo";"09:00:00";"MG";262;380;"MATEUS LEME";"Velocidade Incompatível";"Saída de leito carroçável";"Com Vítimas Feridas";"Pleno dia";"Crescente";"Chuva";"Dupla";"Curva";"Não";6;0;4;0;2;0;4;1;-19,922816;-44,465275;"SPRF-MG";"DEL01-MG";"UOP03-DEL01-MG"
746403;2026-01-18;"domingo";"08:00:00";"RO";364;258,9;"CACOAL";"Reação tardia ou ineficiente do condutor";"Tombamento";"Com Vítimas Feridas";"Pleno dia";"Crescente";"Céu Claro";"Simples";"Reta";"Não";2;0;0;1;0;1;1;2;-11,424962;-61,638327;"SPRF-RO";"DEL02-RO";"UOP02-DEL02-RO"
746404;2026-01-18;"domingo";"08:00:00";"PR";116;15;"COLOMBO";"Condutor Dormindo";"Saída de leito carroçável";"Com Vítimas Feridas";"Pleno dia";"Decrescente";"Céu Claro";"Dupla";"Curva;Declive";"Sim";1;0;1;0;0;0;1;1;-25,386242;-49,174368;"SPRF-PR";"DEL01-PR";"UOP02-DEL01-PR"
746406;2026-01-18;"domingo";"09:00:00";"RS";386;396;"TRIUNFO";"Velocidade Incompatível";"Saída de leito carroçável";"Com Vítimas Feridas";"Pleno dia";"Decrescente";"Chuva";"Simples";"Declive;Reta";"Não";1;0;1;0;0;0;1;1;-29,7467473;-51,6088688;"SPRF-RS";"DEL04-RS";"UOP02-DEL04-RS"
746407;2026-01-18;"domingo";"09:03:00";"RS";448;22;"PORTO ALEGRE";"Reação tardia ou ineficiente do condutor";"Colisão com objeto";"Com Vítimas Feridas";"Pleno dia";"Decrescente";"Chuva";"Simples";"Viaduto;Curva";"Não";5;0;3;0;2;0;3;1;-29,97301893;-51,19863903;"SPRF-RS";"DEL01-RS";"UOP01-DEL01-RS"
746410;2026-01-18;"domingo";"08:30:00";"MG";381;424,9;"SABARA";"Velocidade Incompatível";"Saída de leito carroçável";"Com Vítimas Feridas";"Pleno dia";"Crescente";"Nublado";"Simples";"Declive;Curva";"Não";1;0;1;0;0;0;1;1;-19,786957;-43,701557;"SPRF-MG";"DEL01-MG";"UOP01-DEL01-MG"
746411;2026-01-18;"domingo";"09:44:00";"PE";232;10;"JABOATAO DOS GUARARAPES";"Retorno proibido";"Colisão traseira";"Com Vítimas Feridas";"Pleno dia";"Decrescente";"Céu Claro";"Simples";"Rotatória;Curva";"Sim";2;0;1;0;1;0;1;2;-8,08188;-34,9908;"SPRF-PE";"DEL01-PE";"UOP01-DEL01-PE"
746412;2026-01-18;"domingo";"08:30:00";"SC";101;169;"TIJUCAS";"Avarias e/ou desgaste excessivo no pneu";"Tombamento";"Com Vítimas Feridas";"Pleno dia";"Crescente";"Céu Claro";"Dupla";"Reta";"Não";2;0;2;0;0;0;2;1;-27,27532928;-48,63132477;"SPRF-SC";"DEL04-SC";"UOP03-DEL04-SC"
746414;2026-01-18;"domingo";"10:40:00";"MG";40;464;"SETE LAGOAS";"Chuva";"Saída de leito carroçável";"Com Vítimas Feridas";"Pleno dia";"Crescente";"Chuva";"Dupla";"Curva;Aclive";"Não";5;0;1;0;4;0;1;1;-19,433158;-44,335698;"SPRF-MG";"DEL02-MG";"UOP01-DEL02-MG"
746417;2026-01-18;"domingo";"10:37:00";"MG";381;550;"ITAGUARA";"Chuva";"Saída de leito carroçável";"Com Vítimas Feridas";"Pleno dia";"Decrescente";"Chuva";"Dupla";"Curva";"Não";2;0;1;0;1;0;1;1;-20,30070887;-44,44162242;"SPRF-MG";"DEL04-MG";"UOP03-DEL04-MG"
746418;2026-01-18;"domingo";"09:45:00";"MG";262;564,9;"CORREGO DANTA";"Condutor deixou de manter distância do veículo da frente";"Tombamento";"Com Vítimas Feridas";"Pleno dia";"Crescente";"Garoa/Chuvisco";"Simples";"Curva";"Não";6;0;1;0;5;0;1;2;-19,69126174;-46,03858821;"SPRF-MG";"DEL08-MG";"UOP02-DEL08-MG"
746419;2026-01-18;"domingo";"11:05:00";"MG";40;738;"SANTOS DUMONT";"Ausência de reação do condutor";"Colisão com objeto";"Com Vítimas Feridas";"Pleno dia";"Decrescente";"Chuva";"Dupla";"Curva";"Não";2;0;1;0;1;0;1;1;-21,4327933;-43,55167866;"SPRF-MG";"DEL05-MG";"UOP01-DEL05-MG"
746420;2026-01-18;"domingo";"07:15:00";"RO";429;43,3;"ALVORADA DOESTE";"Desrespeitar a preferência no cruzamento";"Colisão transversal";"Com Vítimas Fatais";"Pleno dia";"Crescente";"Sol";"Simples";"Reta;Interseção de Vias";"Não";2;1;0;0;1;0;0;2;-11,295945;-62,237881;"SPRF-RO";"DEL02-RO";"UOP03-DEL02-RO"
746423;2026-01-18;"domingo";"10:40:00";"MG";381;653,9;"SANTO ANTONIO DO AMPARO";"Ausência de reação do condutor";"Colisão com objeto";"Com Vítimas Feridas";"Pleno dia";"Decrescente";"Nublado";"Dupla";"Aclive;Curva";"Não";3;0;3;0;0;0;3;1;-20,97489428;-44,93767619;"SPRF-MG";"DEL04-MG";"UOP02-DEL04-MG"
746425;2026-01-18;"domingo";"11:30:00";"MG";381;713,1;"CARMO DA CACHOEIRA";"Ausência de reação do condutor";"Colisão com objeto";"Com Vítimas Feridas";"Pleno dia";"Crescente";"Chuva";"Dupla";"Reta";"Não";3;0;3;0;0;0;3;1;-21,37652158;-45,19362116;"SPRF-MG";"DEL04-MG";"UOP02-DEL04-MG"
746427;2026-01-18;"domingo";"11:30:00";"SC";101;196,4;"BIGUACU";"Reação tardia ou ineficiente do condutor";"Tombamento";"Com Vítimas Feridas";"Pleno dia";"Decrescente";"Sol";"Múltipla";"Curva";"Sim";1;0;1;0;0;0;1;1;-27,513302;-48,640483;"SPRF-SC";"DEL01-SC";"UOP01-DEL01-SC"
746428;2026-01-18;"domingo";"11:20:00";"MG";40;594,6;"OURO PRETO";"Velocidade Incompatível";"Colisão frontal";"Com Vítimas Feridas";"Pleno dia";"Crescente";"Chuva";"Simples";"Declive;Curva";"Não";3;0;3;0;0;0;3;2;-20,4031632;-43,897359;"SPRF-MG";"DEL05-MG";"UOP02-DEL05-MG"
746430;2026-01-18;"domingo";"11:00:00";"MG";40;764;"JUIZ DE FORA";"Avarias e/ou desgaste excessivo no pneu";"Saída de leito carroçável";"Com Vítimas Feridas";"Pleno dia";"Decrescente";"Chuva";"Simples";"Curva";"Não";2;0;2;0;0;0;2;1;-21,58785057;-43,45899582;"SPRF-MG";"DEL05-MG";"UOP01-DEL05-MG"
746431;2026-01-18;"domingo";"11:30:00";"SC";101;230;"PALHOCA";"Reação tardia ou ineficiente do condutor";"Colisão lateral mesmo sentido";"Com Vítimas Feridas";"Pleno dia";"Decrescente";"Céu Claro";"Dupla";"Reta";"Não";3;0;1;1;1;0;2;2;-27,77437801;-48,63412349;"SPRF-SC";"DEL01-SC";"UOP02-DEL01-SC"
746432;2026-01-11;"domingo";"03:00:00";"PR";277;41,3;"MORRETES";"Reação tardia ou ineficiente do condutor";"Saída de leito carroçável";"Sem Vítimas";"Plena Noite";"Crescente";"Céu Claro";"Dupla";"Curva;Aclive";"Não";1;0;0;0;1;0;0;1;-25,56136883;-48,81594356;"SPRF-PR";"DEL01-PR";"UOP05-DEL01-PR"
746433;2026-01-18;"domingo";"11:00:00";"SC";101;204;"SAO JOSE";"Demais falhas mecânicas ou elétricas";"Colisão lateral mesmo sentido";"Com Vítimas Feridas";"Pleno dia";"Crescente";"Céu Claro";"Múltipla";"Reta";"Sim";2;0;1;0;1;0;1;2;-27,58037;-48,61448;"SPRF-SC";"DEL01-SC";"UOP01-DEL01-SC"
746434;2026-01-18;"domingo";"10:20:00";"RO";364;195;"PIMENTA BUENO";"Ingestão de álcool pelo condutor";"Saída de leito carroçável";"Com Vítimas Feridas";"Pleno dia";"Decrescente";"Céu Claro";"Simples";"Curva;Rotatória";"Sim";1;0;1;0;0;0;1;1;-11,68833687;-61,18296182;"SPRF-RO";"DEL02-RO";"UOP02-DEL02-RO"
746436;2026-01-18;"domingo";"12:05:00";"PE";101;48,4;"ABREU E LIMA";"Transitar na contramão";"Colisão frontal";"Com Vítimas Feridas";"Pleno dia";"Crescente";"Céu Claro";"Múltipla";"Reta;Interseção de Vias";"Sim";3;0;2;0;1;0;2;2;-7,89588;-34,902948;"SPRF-PE";"DEL01-PE";"UOP02-DEL01-PE"
746437;2026-01-18;"domingo";"07:30:00";"RO";364;761;"PORTO VELHO";"Condutor deixou de manter distância do veículo da frente";"Colisão traseira";"Com Vítimas Feridas";"Pleno dia";"Crescente";"Nublado";"Simples";"Reta";"Não";4;0;4;0;0;0;4;2;-9,110737;-64,106682;"SPRF-RO";"DEL01-RO";"UOP02-DEL01-RO"
746438;2026-01-18;"domingo";"12:10:00";"MG";381;480;"CONTAGEM";"Avarias e/ou desgaste excessivo no pneu";"Queda de ocupante de veículo";"Com Vítimas Feridas";"Pleno dia";"Crescente";"Garoa/Chuvisco";"Dupla";"Reta";"Não";1;0;1;0;0;0;1;1;-19,9600095;-44,052723;"SPRF-MG";"DEL01-MG";"UOP03-DEL01-MG"
746440;2026-01-18;"domingo";"12:15:00";"PR";116;98,7;"SAO JOSE DOS PINHAIS";"Transitar no Acostamento";"Colisão transversal";"Sem Vítimas";"Pleno dia";"Decrescente";"Sol";"Dupla";"Curva";"Não";2;0;0;0;1;1;0;2;-25,557145;-49,149938;"SPRF-PR";"DEL01-PR";"UOP07-DEL01-PR"
746442;2026-01-18;"domingo";"12:10:00";"RS";290;74,8;"GRAVATAI";"Velocidade Incompatível";"Saída de leito carroçável";"Com Vítimas Feridas";"Pleno dia";"Decrescente";"Chuva";"Dupla";"Curva";"Não";3;0;3;0;0;0;3;1;-29,95471192;-51,00217478;"SPRF-RS";"DEL01-RS";"UOP01-DEL01-RS"
746443;2026-01-18;"domingo";"13:00:00";"BA";116;433,8;"FEIRA DE SANTANA";"Demais falhas mecânicas ou elétricas";"Saída de leito carroçável";"Com Vítimas Feridas";"Pleno dia";"Decrescente";"Chuva";"Dupla";"Curva";"Não";3;0;2;0;1;0;2;1;-12,3006602;-39,0388036;"SPRF-BA";"DEL02-BA";"UOP01-DEL02-BA"
746444;2026-01-18;"domingo";"11:30:00";"MG";381;686,5;"LAVRAS";"Ausência de reação do condutor";"Colisão com objeto";"Com Vítimas Feridas";"Pleno dia";"Decrescente";"Chuva";"Dupla";"Aclive;Curva";"Não";3;0;2;0;1;0;2;1;-21,17768905;-45,12405753;"SPRF-MG";"DEL04-MG";"UOP02-DEL04-MG"
746445;2026-01-18;"domingo";"13:15:00";"MG";40;750;"SANTOS DUMONT";"Reação tardia ou ineficiente do condutor";"Tombamento";"Com Vítimas Feridas";"Pleno dia";"Decrescente";"Chuva";"Dupla";"Curva;Interseção de Vias";"Não";2;0;1;0;1;0;1;1;-21,48989056;-43,53426933;"SPRF-MG";"DEL05-MG";"UOP01-DEL05-MG"
746446;2026-01-18;"domingo";"11:30:00";"RO";364;382;"OURO PRETO DO OESTE";"Demais falhas mecânicas ou elétricas";"Queda de ocupante de veículo";"Com Vítimas Feridas";"Pleno dia";"Crescente";"Céu Claro";"Simples";"Declive";"Não";1;0;1;0;0;0;1;1;-10,724168;-62,239397;"SPRF-RO";"DEL02-RO";"UOP01-DEL02-RO"
746448;2026-01-18;"domingo";"12:30:00";"RO";364;704;"PORTO VELHO";"Reação tardia ou ineficiente do condutor";"Tombamento";"Com Vítimas Feridas";"Pleno dia";"Decrescente";"Nublado";"Dupla";"Reta";"Não";1;0;1;0;0;0;1;1;-8,80059463;-63,79475204;"SPRF-RO";"DEL01-RO";"UOP01-DEL01-RO"
746449;2026-01-16;"sexta-feira";"23:00:00";"AM";174;959;"MANAUS";"Entrada inopinada do pedestre";"Atropelamento de Pedestre";"Com Vítimas Fatais";"Plena Noite";"Decrescente";"Nublado";"Simples";"Reta";"Não";5;1;0;0;4;0;0;2;-2,3176;-60,04625;"SPRF-AM";"DEL01-AM";"UOP01-DEL01-AM"
746450;2026-01-18;"domingo";"13:30:00";"SP";116;320;"JUQUITIBA";"Trafegar com motocicleta (ou similar) entre as faixas";"Colisão lateral mesmo sentido";"Com Vítimas Feridas";"Pleno dia";"Decrescente";"Céu Claro";"Dupla";"Reta";"Não";4;0;0;1;3;0;1;2;-23,93441155;-47,01577082;"SPRF-SP";"DEL04-SP";"UOP03-DEL04-SP"
746452;2026-01-18;"domingo";"14:15:00";"MG";40;826,8;"SIMAO PEREIRA";"Ausência de reação do condutor";"Tombamento";"Com Vítimas Feridas";"Pleno dia";"Decrescente";"Chuva";"Dupla";"Aclive;Curva";"Não";1;0;1;0;0;0;1;1;-21,99968286;-43,28621507;"SPRF-MG";"DEL05-MG";"UOP01-DEL05-MG"
746453;2026-01-18;"domingo";"10:30:00";"PE";424;91;"GARANHUNS";"Suicídio (presumido)";"Saída de leito carroçável";"Com Vítimas Feridas";"Pleno dia";"Crescente";"Céu Claro";"Simples";"Curva";"Não";1;0;0;1;0;0;1;1;-8,91082;-36,4953;"SPRF-PE";"DEL03-PE";"UOP01-DEL03-PE"
746454;2026-01-18;"domingo";"14:15:00";"GO";60;73;"ABADIANIA";"Condutor Dormindo";"Saída de leito carroçável";"Com Vítimas Feridas";"Pleno dia";"Crescente";"Céu Claro";"Dupla";"Aclive";"Não";1;0;1;0;0;0;1;1;-16,26200071;-48,76272201;"SPRF-GO";"DEL02-GO";"UOP01-DEL02-GO"
746459;2026-01-18;"domingo";"14:00:00";"SC";101;138,7;"BALNEARIO CAMBORIU";"Suicídio (presumido)";"Colisão com objeto";"Com Vítimas Feridas";"Pleno dia";"Crescente";"Céu Claro";"Múltipla";"Aclive;Curva";"Sim";1;0;1;0;0;0;1;1;-27,02863;-48,603609;"SPRF-SC";"DEL04-SC";"UOP03-DEL04-SC"
746460;2026-01-18;"domingo";"12:00:00";"MS";163;106,2;"ITAQUIRAI";"Reação tardia ou ineficiente do condutor";"Saída de leito carroçável";"Com Vítimas Feridas";"Pleno dia";"Decrescente";"Céu Claro";"Dupla";"Curva;Declive";"Não";2;0;1;0;1;0;1;1;-23,225568;-54,218966;"SPRF-MS";"DEL09-MS";"UOP01-DEL09-MS"
746461;2026-01-18;"domingo";"13:20:00";"RS";392;19;"RIO GRANDE";"Condutor usando celular";"Colisão com objeto";"Sem Vítimas";"Pleno dia";"Crescente";"Céu Claro";"Dupla";"Reta";"Não";1;0;0;0;0;1;0;1;-32,086364;-52,193345;"SPRF-RS";"DEL07-RS";"UOP02-DEL07-RS"
746462;2026-01-18;"domingo";"14:13:00";"MG";381;601;"CARMOPOLIS DE MINAS";"Velocidade Incompatível";"Saída de leito carroçável";"Com Vítimas Feridas";"Pleno dia";"Decrescente";"Chuva";"Dupla";"Declive;Curva";"Não";1;0;1;0;0;0;1;1;-20,60705789;-44,72596407;"SPRF-MG";"DEL04-MG";"UOP01-DEL04-MG"
746463;2026-01-18;"domingo";"13:50:00";"ES";101;333,2;"GUARAPARI";"Demais falhas mecânicas ou elétricas";"Colisão traseira";"Com Vítimas Feridas";"Pleno dia";"Decrescente";"Céu Claro";"Dupla";"Reta";"Não";3;0;1;0;2;0;1;2;-20,61518649;-40,51407902;"SPRF-ES";"DEL03-ES";"UOP01-DEL03-ES"
746464;2026-01-18;"domingo";"14:10:00";"PB";104;109,1;"LAGOA SECA";"Reação tardia ou ineficiente do condutor";"Saída de leito carroçável";"Com Vítimas Feridas";"Pleno dia";"Crescente";"Sol";"Simples";"Reta;Declive";"Não";1;0;1;0;0;0;1;1;-7,121593;-35,86354;"SPRF-PB";"DEL02-PB";"UOP04-DEL02-PB"
746467;2026-01-18;"domingo";"14:26:00";"PE";101;196,7;"XEXEU";"Ausência de reação do condutor";"Saída de leito carroçável";"Com Vítimas Feridas";"Pleno dia";"Decrescente";"Céu Claro";"Simples";"Reta";"Não";1;0;1;0;0;0;1;1;-8,781419;-35,621361;"SPRF-PE";"DEL01-PE";"UOP03-DEL01-PE"
746468;2026-01-18;"domingo";"13:15:00";"SP";116;477;"JACUPIRANGA";"Reação tardia ou ineficiente do condutor";"Colisão lateral mesmo sentido";"Com Vítimas Feridas";"Pleno dia";"Crescente";"Sol";"Simples";"Aclive;Reta";"Sim";2;0;1;0;1;0;1;2;-24,70049886;-48,00661532;"SPRF-SP";"DEL05-SP";"UOP01-DEL05-SP"
746469;2026-01-18;"domingo";"14:10:00";"MG";381;422,2;"CAETE";"Velocidade Incompatível";"Saída de leito carroçável";"Com Vítimas Feridas";"Pleno dia";"Decrescente";"Nublado";"Dupla";"Retorno Regulamentado";"Não";5;0;3;0;2;0;3;1;-19,79196341;-43,68067503;"SPRF-MG";"DEL01-MG";"UOP01-DEL01-MG"
746470;2026-01-18;"domingo";"14:10:00";"MG";381;423,2;"CAETE";"Reação tardia ou ineficiente do condutor";"Saída de leito carroçável";"Com Vítimas Feridas";"Pleno dia";"Decrescente";"Chuva";"Simples";"Curva";"Não";4;0;3;0;1;0;3;1;-19,78834933;-43,68404388;"SPRF-MG";"DEL01-MG";"UOP01-DEL01-MG"