"id";"data_inversa";"dia_semana";"horario";"uf";"br";"km";"municipio";"causa_acidente";"tipo_acidente";"classificacao_acidente";"fase_dia";"sentido_via";"condicao_metereologica";"tipo_pista";"tracado_via";"uso_solo";"pessoas";"mortos";"feridos_leves";"feridos_graves";"ilesos";"ignorados";"feridos";"veiculos";"latitude";"longitude";"regional";"delegacia";"uop"
746472;2026-01-18;"domingo";"13:35:00";"RJ";393;282,1;"VOLTA REDONDA";"Transitar na contramão";"Colisão frontal";"Sem Vítimas";"Pleno dia";"Decrescente";"Nublado";"Simples";"Reta";"Sim";2;0;0;0;2;0;0;2;-22,480983;-44,062826;"SPRF-RJ";"DEL05-RJ";"UOP04-DEL05-RJ"
746473;2026-01-18;"domingo";"15:00:00";"SP";101;48,1;"UBATUBA";"Conversão proibida";"Colisão transversal";"Com Vítimas Feridas";"Pleno dia";"Crescente";"Céu Claro";"Simples";"Reta";"Sim";3;0;0;1;2;0;1;2;-23,435177;-45,086965;"SPRF-SP";"DEL06-SP";"UOP01-DEL06-SP"
746474;2026-01-18;"domingo";"14:45:00";"MG";262;435,3;"NOVA SERRANA";"Chuva";"Colisão transversal";"Com Vítimas Feridas";"Pleno dia";"Decrescente";"Chuva";"Dupla";"Reta";"Sim";3;0;1;0;2;0;1;2;-19,875153;-44,950787;"SPRF-MG";"DEL08-MG";"UOP03-DEL08-MG"
746475;2026-01-18;"domingo";"08:15:00";"SC";282;349,5;"CAMPOS NOVOS";"Velocidade Incompatível";"Colisão frontal";"Com Vítimas Fatais";"Pleno dia";"Crescente";"Chuva";"Simples";"Aclive;Reta";"Não";3;2;0;1;0;0;1;2;-27,359218;-51,279318;"SPRF-SC";"DEL07-SC";"UOP06-DEL07-SC"
746476;2026-01-18;"domingo";"15:00:00";"RS";287;330;"SAO VICENTE DO SUL";"Desrespeitar a preferência no cruzamento";"Colisão frontal";"Com Vítimas Feridas";"Pleno dia";"Decrescente";"Sol";"Simples";"Interseção de Vias";"Sim";5;0;1;0;4;0;1;2;-29,68453917;-54,66538676;"SPRF-RS";"DEL12-RS";"UOP02-DEL12-RS"
746477;2026-01-18;"domingo";"14:00:00";"RJ";354;20;"RESENDE";"Reação tardia ou ineficiente do condutor";"Capotamento";"Com Vítimas Feridas";"Pleno dia";"Decrescente";"Céu Claro";"Simples";"Curva";"Não";1;0;1;0;0;0;1;1;-22,50010306;-44,6855487;"SPRF-RJ";"DEL07-RJ";"UOP02-DEL07-RJ"
746478;2026-01-18;"domingo";"14:45:00";"RS";386;306,2;"POUSO NOVO";"Acumulo de água sobre o pavimento";"Saída de leito carroçável";"Sem Vítimas";"Pleno dia";"Decrescente";"Chuva";"Simples";"Curva";"Não";1;0;0;0;1;0;0;1;-29,1981;-52,18215;"SPRF-RS";"DEL04-RS";"UOP01-DEL04-RS"
746479;2026-01-18;"domingo";"15:00:00";"PE";232;406,3;"SERRA TALHADA";"Velocidade Incompatível";"Colisão com objeto";"Com Vítimas Feridas";"Pleno dia";"Crescente";"Céu Claro";"Simples";"Interseção de Vias;Reta;Rotatória";"Sim";2;0;2;0;0;0;2;1;-7,98468207;-38,27484369;"SPRF-PE";"DEL04-PE";"UOP01-DEL04-PE"
746482;2026-01-18;"domingo";"15:50:00";"MG";262;380;"MATEUS LEME";"Velocidade Incompatível";"Saída de leito carroçável";"Com Vítimas Feridas";"Pleno dia";"Crescente";"Chuva";"Dupla";"Curva";"Não";1;0;1;0;0;0;1;1;-19,921735;-44,473702;"SPRF-MG";"DEL01-MG";"UOP03-DEL01-MG"
746483;2026-01-18;"domingo";"16:20:00";"RN";101;65;"EXTREMOZ";"Condutor deixou de manter distância do veículo da frente";"Colisão traseira";"Com Vítimas Feridas";"Pleno dia";"Decrescente";"Céu Claro";"Simples";"Reta;Declive";"Não";4;0;0;1;3;0;1;2;-5,640624;-35,250142;"SPRF-RN";"DEL02-RN";"UOP01-DEL02-RN"
746484;2026-01-18;"domingo";"12:45:00";"PA";10;15;"DOM ELISEU";"Ausência de reação do condutor";"Saída de leito carroçável";"Sem Vítimas";"Pleno dia";"Decrescente";"Nublado";"Simples";"Curva";"Não";1;0;0;0;1;0;0;1;-4,319898;-47,551677;"SPRF-PA";"DEL02-PA";"UOP02-DEL02-PA"
746486;2026-01-18;"domingo";"15:25:00";"PE";101;68;"RECIFE";"Reação tardia ou ineficiente do condutor";"Tombamento";"Com Vítimas Feridas";"Pleno dia";"Decrescente";"Céu Claro";"Múltipla";"Rotatória";"Sim";2;0;1;1;0;0;2;1;-8,05247;-34,94586;"SPRF-PE";"DEL01-PE";"UOP01-DEL01-PE"
746487;2026-01-18;"domingo";"12:20:00";"BA";116;27;"VITORIA DA CONQUISTA";"Velocidade Incompatível";"Capotamento";"Com Vítimas Feridas";"Pleno dia";"Decrescente";"Chuva";"Simples";"Curva";"Não";1;0;1;0;0;0;1;1;-14,85172955;-40,80193955;"SPRF-BA";"DEL08-BA";"UOP01-DEL08-BA"
746489;2026-01-18;"domingo";"16:11:00";"PE";232;75,6;"GRAVATA";"Ausência de reação do condutor";"Queda de ocupante de veículo";"Com Vítimas Feridas";"Pleno dia";"Crescente";"Céu Claro";"Dupla";"Reta;Declive";"Não";1;0;0;1;0;0;1;1;-8,1961216;-35,5309827;"SPRF-PE";"DEL02-PE";"UOP02-DEL02PE"
746490;2026-01-18;"domingo";"15:33:00";"PA";316;95;"IGARAPE-ACU";"Pista Escorregadia";"Saída de leito carroçável";"Com Vítimas Feridas";"Pleno dia";"Decrescente";"Chuva";"Simples";"Reta";"Não";4;0;3;0;0;1;3;2;-1,328583;-47,640493;"SPRF-PA";"DEL01-PA";"UOP02-DEL01-PA"
746491;2026-01-10;"sábado";"08:45:00";"SC";282;72,1;"RANCHO QUEIMADO";"Velocidade Incompatível";"Colisão frontal";"Com Vítimas Feridas";"Pleno dia";"Crescente";"Garoa/Chuvisco";"Simples";"Curva";"Sim";7;0;7;0;0;0;7;2;-27,683333;-49,10622;"SPRF-SC";"DEL01-SC";"UOP03-DEL01-SC"
746492;2026-01-18;"domingo";"16:30:00";"MG";40;461;"SETE LAGOAS";"Manobra de mudança de faixa";"Colisão lateral mesmo sentido";"Com Vítimas Feridas";"Pleno dia";"Crescente";"Chuva";"Simples";"Declive;Reta";"Não";2;0;1;0;0;1;1;2;-19,40601519;-44,33390451;"SPRF-MG";"DEL02-MG";"UOP01-DEL02-MG"
746493;2026-01-18;"domingo";"12:00:00";"RR";174;173;"RORAINOPOLIS";"Velocidade Incompatível";"Saída de leito carroçável";"Com Vítimas Feridas";"Pleno dia";"Crescente";"Chuva";"Simples";"Curva";"Não";4;0;4;0;0;0;4;1;0,60709;-60,46155333;"SPRF-RR";"DEL01-RR";"UOP02-DEL01-RR"
746494;2026-01-18;"domingo";"15:23:00";"RJ";101;486;"ANGRA DOS REIS";"Acessar a via sem observar a presença dos outros veículos";"Colisão transversal";"Com Vítimas Feridas";"Pleno dia";"Crescente";"Céu Claro";"Simples";"Interseção de Vias";"Sim";3;0;2;0;1;0;2;2;-22,98357159;-44,29589935;"SPRF-RJ";"DEL03-RJ";"UOP03-DEL03-RJ"
746496;2026-01-18;"domingo";"16:00:00";"MG";50;82,5;"UBERLANDIA";"Ausência de reação do condutor";"Colisão com objeto";"Com Vítimas Feridas";"Pleno dia";"Crescente";"Chuva";"Dupla";"Aclive;Reta";"Não";5;0;2;3;0;0;5;1;-18,98557797;-48,21216457;"SPRF-MG";"DEL15-MG";"UOP01-DEL15-MG"
746498;2026-01-18;"domingo";"17:00:00";"SC";282;530,5;"CORDILHEIRA ALTA";"Acumulo de água sobre o pavimento";"Tombamento";"Com Vítimas Feridas";"Pleno dia";"Crescente";"Chuva";"Múltipla";"Declive;Curva";"Sim";1;0;1;0;0;0;1;1;-26,98661723;-52,60975454;"SPRF-SC";"DEL07-SC";"UOP01-DEL07-SC"
746499;2026-01-18;"domingo";"06:07:00";"CE";116;46;"PACAJUS";"Velocidade Incompatível";"Saída de leito carroçável";"Sem Vítimas";"Pleno dia";"Crescente";"Nublado";"Dupla";"Curva";"Sim";1;0;0;0;0;1;0;1;-4,14411111;-38,47825;"SPRF-CE";"DEL01-CE";"UOP02-DEL01-CE"
746500;2026-01-18;"domingo";"16:50:00";"ES";101;269;"SERRA";"Manobra de mudança de faixa";"Colisão lateral mesmo sentido";"Com Vítimas Feridas";"Pleno dia";"Crescente";"Céu Claro";"Dupla";"Reta";"Não";2;0;1;0;1;0;1;2;-20,22255368;-40,27017436;"SPRF-ES";"DEL02-ES";"UOP01-DEL02-ES"
746502;2026-01-18;"domingo";"16:08:00";"MG";40;461,9;"SETE LAGOAS";"Chuva";"Colisão traseira";"Com Vítimas Feridas";"Pleno dia";"Crescente";"Chuva";"Dupla";"Reta;Declive";"Não";10;0;1;0;9;0;1;9;-19,412458;-44,337411;"SPRF-MG";"DEL02-MG";"UOP01-DEL02-MG"
746503;2026-01-18;"domingo";"13:15:00";"MG";381;237,8;"SANTANA DO PARAISO";"Ultrapassagem Indevida";"Engavetamento";"Sem Vítimas";"Pleno dia";"Crescente";"Céu Claro";"Simples";"Reta";"Não";5;0;0;0;4;1;0;5;-19,39245711;-42,48094797;"SPRF-MG";"DEL06-MG";"UOP01-DEL06-MG"
746505;2026-01-18;"domingo";"14:30:00";"MG";116;68;"MEDINA";"Ausência de reação do condutor";"Colisão lateral mesmo sentido";"Com Vítimas Feridas";"Pleno dia";"Crescente";"Céu Claro";"Simples";"Curva";"Não";2;0;1;0;1;0;1;1;-16,1784903;-41,4566182;"SPRF-MG";"DEL11-MG";"UOP02-DEL11-MG"
746506;2026-01-18;"domingo";"10:30:00";"ES";101;67,8;"SAO MATEUS";"Suicídio (presumido)";"Saída de leito carroçável";"Com Vítimas Feridas";"Pleno dia";"Decrescente";"Céu Claro";"Simples";"Reta";"Sim";1;0;1;0;0;0;1;1;-18,72313938;-39,86126773;"SPRF-ES";"DEL04-ES";"UOP02-DEL04-ES"
746507;2026-01-18;"domingo";"15:00:00";"MG";40;717,2;"BARBACENA";"Reação tardia ou ineficiente do condutor";"Colisão com objeto";"Com Vítimas Feridas";"Pleno dia";"Decrescente";"Chuva";"Dupla";"Curva";"Não";3;0;3;0;0;0;3;1;-21,27948673;-43,64336636;"SPRF-MG";"DEL05-MG";"UOP01-DEL05-MG"
746508;2026-01-18;"domingo";"16:30:00";"PI";343;262;"CAMPO MAIOR";"Reação tardia ou ineficiente do condutor";"Tombamento";"Com Vítimas Feridas";"Pleno dia";"Crescente";"Nublado";"Simples";"Reta";"Sim";1;0;0;1;0;0;1;1;-4,83023;-42,09244;"SPRF-PI";"DEL01-PI";"UOP03-DEL01-PI"
746510;2026-01-18;"domingo";"17:20:00";"RS";386;399;"TRIUNFO";"Acumulo de água sobre o pavimento";"Colisão com objeto";"Com Vítimas Feridas";"Pleno dia";"Decrescente";"Chuva";"Simples";"Curva";"Não";1;0;1;0;0;0;1;1;-29,74924191;-51,60993934;"SPRF-RS";"DEL04-RS";"UOP02-DEL04-RS"
746511;2026-01-18;"domingo";"17:20:00";"SC";480;130;"CHAPECO";"Ingestão de álcool pelo condutor";"Colisão com objeto";"Com Vítimas Feridas";"Pleno dia";"Crescente";"Céu Claro";"Simples";"Curva";"Sim";1;0;1;0;0;0;1;1;-27,0445966;-52,635907;"SPRF-SC";"DEL07-SC";"UOP01-DEL07-SC"
746512;2026-01-18;"domingo";"17:20:00";"BA";101;4,4;"RIO REAL";"Reação tardia ou ineficiente do condutor";"Colisão lateral sentido oposto";"Com Vítimas Fatais";"Plena Noite";"Crescente";"Céu Claro";"Simples";"Reta";"Não";1;1;0;0;0;0;0;1;-11,53704134;-37,83534819;"SPRF-SE";"DEL02-SE";"UOP03-DEL02-SE"
746513;2026-01-18;"domingo";"16:40:00";"PR";376;221,5;"JANDAIA DO SUL";"Velocidade Incompatível";"Saída de leito carroçável";"Com Vítimas Feridas";"Pleno dia";"Crescente";"Céu Claro";"Dupla";"Curva;Declive";"Não";4;0;1;0;3;0;1;1;-23,6024529;-51,59651756;"SPRF-PR";"DEL09-PR";"UOP01-DEL09-PR"
746514;2026-01-18;"domingo";"18:00:00";"GO";60;37,2;"GOIANIA";"Velocidade Incompatível";"Colisão lateral mesmo sentido";"Com Vítimas Feridas";"Pleno dia";"Crescente";"Céu Claro";"Dupla";"Rotatória";"Sim";2;0;2;0;0;0;2;2;-16,739276;-49,346121;"SPRF-GO";"DEL01-GO";"UOP02-DEL01-GO"
746516;2026-01-18;"domingo";"15:10:00";"SC";101;332;"TUBARAO";"Desrespeitar a preferência no cruzamento";"Colisão transversal";"Com Vítimas Feridas";"Pleno dia";"Decrescente";"Chuva";"Múltipla";"Rotatória";"Sim";3;0;1;0;2;0;1;2;-28,46587125;-48,99523616;"SPRF-SC";"DEL02-SC";"UOP01-DEL02-SC"
746517;2026-01-18;"domingo";"18:00:00";"SP";116;158;"JACAREI";"Reação tardia ou ineficiente do condutor";"Colisão traseira";"Com Vítimas Feridas";"Anoitecer";"Crescente";"Chuva";"Dupla";"Reta";"Sim";2;0;1;0;1;0;1;2;-23,26089107;-45,95243859;"SPRF-SP";"DEL02-SP";"UOP01-DEL02-SP"
746518;2026-01-18;"domingo";"15:30:00";"MA";222;603;"ACAILANDIA";"Ingestão de álcool pelo condutor";"Queda de ocupante de veículo";"Com Vítimas Fatais";"Pleno dia";"Crescente";"Céu Claro";"Simples";"Reta";"Não";2;1;0;0;1;0;0;2;-4,67977;-46,98063;"SPRF-MA";"DEL04-MA";"UOP03-DEL04-MA"
746519;2026-01-14;"quarta-feira";"21:15:00";"RJ";116;247;"PIRAI";"Pedestre andava na pista";"Atropelamento de Pedestre";"Com Vítimas Feridas";"Plena Noite";"Crescente";"Céu Claro";"Múltipla";"Curva;Aclive";"Não";3;0;1;0;2;0;1;2;-22,60606581;-43,93487804;"SPRF-RJ";"DEL07-RJ";"UOP01-DEL07-RJ"
746521;2026-01-18;"domingo";"14:20:00";"MT";163;658;"LUCAS DO RIO VERDE";"Reação tardia ou ineficiente do condutor";"Colisão traseira";"Com Vítimas Feridas";"Pleno dia";"Crescente";"Sol";"Simples";"Reta";"Não";2;0;1;0;1;0;1;2;-13,308743;-56,041552;"SPRF-MT";"DEL06-MT";"UOP01-DEL06-MT"
746524;2026-01-18;"domingo";"18:01:00";"CE";116;20,5;"EUSEBIO";"Condutor deixou de manter distância do veículo da frente";"Colisão traseira";"Com Vítimas Feridas";"Plena Noite";"Decrescente";"Céu Claro";"Dupla";"Reta";"Sim";6;0;1;0;4;1;1;2;-3,9261412;-38,5078969;"SPRF-CE";"DEL01-CE";"UOP02-DEL01-CE"
746525;2026-01-18;"domingo";"18:45:00";"PB";101;105;"ALHANDRA";"Avarias e/ou desgaste excessivo no pneu";"Tombamento";"Com Vítimas Feridas";"Plena Noite";"Crescente";"Céu Claro";"Dupla";"Reta";"Não";2;0;2;0;0;0;2;1;-7,33184501;-34,94737923;"SPRF-PB";"DEL01-PB";"UOP01-DEL01-PB"
746526;2026-01-18;"domingo";"15:00:00";"SC";101;54;"JOINVILLE";"Reação tardia ou ineficiente do condutor";"Colisão traseira";"Com Vítimas Feridas";"Pleno dia";"Decrescente";"Sol";"Dupla";"Reta";"Não";4;0;1;0;2;1;1;3;-26,42130565;-48,83077115;"SPRF-SC";"DEL03-SC";"UOP01-DEL03-SC"
746527;2026-01-18;"domingo";"18:13:00";"MG";381;628;"OLIVEIRA";"Velocidade Incompatível";"Saída de leito carroçável";"Com Vítimas Feridas";"Anoitecer";"Decrescente";"Chuva";"Dupla";"Curva;Aclive";"Não";4;0;3;0;1;0;3;1;-20,81905082;-44,79960211;"SPRF-MG";"DEL04-MG";"UOP01-DEL04-MG"
746528;2026-01-18;"domingo";"18:00:00";"SP";381;30;"ATIBAIA";"Reação tardia ou ineficiente do condutor";"Colisão com objeto";"Sem Vítimas";"Pleno dia";"Crescente";"Céu Claro";"Dupla";"Reta";"Não";2;0;0;0;2;0;0;1;-23,04612809;-46,56266785;"SPRF-SP";"DEL03-SP";"UOP02-DEL03-SP"
746529;2026-01-18;"domingo";"16:50:00";"SC";280;215;"TRES BARRAS";"Velocidade Incompatível";"Colisão transversal";"Com Vítimas Feridas";"Pleno dia";"Decrescente";"Céu Claro";"Simples";"Declive;Reta";"Não";3;0;0;1;2;0;1;2;-26,17343215;-50,27600018;"SPRF-SC";"DEL06-SC";"UOP04-DEL06-SC"
746530;2026-01-18;"domingo";"17:00:00";"SC";282;42;"AGUAS MORNAS";"Velocidade Incompatível";"Saída de leito carroçável";"Com Vítimas Feridas";"Pleno dia";"Decrescente";"Chuva";"Simples";"Declive;Curva";"Não";2;0;1;0;1;0;1;1;-27,72032663;-48,90292038;"SPRF-SC";"DEL01-SC";"UOP03-DEL01-SC"
746532;2026-01-18;"domingo";"18:15:00";"PR";376;466,3;"PONTA GROSSA";"Chuva";"Saída de leito carroçável";"Com Vítimas Feridas";"Pleno dia";"Decrescente";"Chuva";"Dupla";"Curva";"Não";3;0;3;0;0;0;3;1;-25,02505;-50,31627;"SPRF-PR";"DEL03-PR";"UOP01-DEL03-PR"
746533;2026-01-18;"domingo";"18:00:00";"BA";116;15,5;"VITORIA DA CONQUISTA";"Transitar no Acostamento";"Colisão transversal";"Com Vítimas Feridas";"Plena Noite";"Crescente";"Céu Claro";"Simples";"Reta";"Sim";3;0;1;0;2;0;1;2;-14,90273654;-40,84472179;"SPRF-BA";"DEL08-BA";"UOP01-DEL08-BA"
746534;2026-01-18;"domingo";"19:25:00";"BA";242;814;"BARREIRAS";"Chuva";"Queda de ocupante de veículo";"Com Vítimas Feridas";"Plena Noite";"Decrescente";"Garoa/Chuvisco";"Simples";"Reta";"Sim";1;0;1;0;0;0;1;1;-12,120084;-44,951866;"SPRF-BA";"DEL10-BA";"UOP01-DEL10-BA"
746535;2026-01-18;"domingo";"19:00:00";"MG";262;376;"JUATUBA";"Ausência de reação do condutor";"Saída de leito carroçável";"Com Vítimas Feridas";"Plena Noite";"Decrescente";"Chuva";"Dupla";"Curva";"Não";2;0;2;0;0;0;2;1;-19,95860666;-44,35845596;"SPRF-MG";"DEL01-MG";"UOP03-DEL01-MG"
746536;2026-01-18;"domingo";"19:00:00";"MG";40;523,5;"CONTAGEM";"Condutor deixou de manter distância do veículo da frente";"Colisão traseira";"Sem Vítimas";"Plena Noite";"Decrescente";"Céu Claro";"Dupla";"Reta";"Sim";2;0;0;0;2;0;0;2;-19,873501;-44,0556548;"SPRF-MG";"DEL01-MG";"UOP02-DEL01-MG"
746537;2026-01-18;"domingo";"18:40:00";"RJ";40;105;"DUQUE DE CAXIAS";"Demais falhas mecânicas ou elétricas";"Incêndio";"Sem Vítimas";"Anoitecer";"Decrescente";"Céu Claro";"Múltipla";"Reta";"Sim";1;0;0;0;1;0;0;1;-22,63083582;-43,28523618;"SPRF-RJ";"DEL01-RJ";"UOP02-DEL01-RJ"
746538;2026-01-18;"domingo";"16:25:00";"MA";402;10;"ROSARIO";"Acessar a via sem observar a presença dos outros veículos";"Colisão transversal";"Com Vítimas Feridas";"Pleno dia";"Crescente";"Chuva";"Simples";"Reta";"Sim";3;0;1;0;2;0;1;2;-2,940996;-44,246751;"SPRF-MA";"DEL01-MA";"UOP01-DEL01-MA"
746539;2026-01-18;"domingo";"18:20:00";"PE";232;37,1;"VITORIA DE SANTO ANTAO";"Ingestão de álcool pelo condutor";"Colisão lateral mesmo sentido";"Com Vítimas Feridas";"Plena Noite";"Crescente";"Céu Claro";"Dupla";"Reta";"Não";2;0;0;1;0;1;1;2;-8,11409305;-35,21568775;"SPRF-PE";"DEL02-PE";"UOP02-DEL02PE"
746542;2026-01-18;"domingo";"19:00:00";"AL";101;176;"TEOTONIO VILELA";"Acessar a via sem observar a presença dos outros veículos";"Colisão frontal";"Com Vítimas Feridas";"Plena Noite";"Crescente";"Céu Claro";"Simples";"Reta";"Sim";2;0;2;0;0;0;2;2;-9,89519064;-36,37233717;"SPRF-AL";"DEL02-AL";"UOP02-DEL02-AL"
746544;2026-01-18;"domingo";"19:42:00";"ES";393;0,5;"CACHOEIRO DE ITAPEMIRIM";"Reação tardia ou ineficiente do condutor";"Colisão lateral mesmo sentido";"Com Vítimas Feridas";"Plena Noite";"Crescente";"Céu Claro";"Simples";"Reta";"Sim";2;0;1;0;1;0;1;2;-20,84064417;-41,16002083;"SPRF-ES";"DEL03-ES";"UOP02-DEL03-ES"
746545;2026-01-18;"domingo";"18:51:00";"MA";10;264;"IMPERATRIZ";"Ausência de reação do condutor";"Eventos atípicos";"Com Vítimas Feridas";"Plena Noite";"Decrescente";"Nublado";"Simples";"Reta";"Sim";1;0;0;1;0;0;1;1;-5,426558;-47,472817;"SPRF-MA";"DEL04-MA";"UOP01-DEL04-MA"
746547;2026-01-18;"domingo";"18:30:00";"RR";174;485;"BOA VISTA";"Demais falhas mecânicas ou elétricas";"Tombamento";"Com Vítimas Feridas";"Plena Noite";"Crescente";"Céu Claro";"Simples";"Reta";"Não";2;0;2;0;0;0;2;1;2,7223;-60,8217;"SPRF-RR";"DEL01-RR";"UOP01-DEL01-RR"
746548;2026-01-18;"domingo";"20:00:00";"PE";101;50;"ABREU E LIMA";"Manobra de mudança de faixa";"Colisão lateral mesmo sentido";"Com Vítimas Feridas";"Plena Noite";"Crescente";"Céu Claro";"Múltipla";"Reta";"Sim";3;0;2;0;1;0;2;2;-7,915633;-34,898288;"SPRF-PE";"DEL01-PE";"UOP02-DEL01-PE"
746549;2026-01-18;"domingo";"19:30:00";"RN";226;41;"MACAIBA";"Transitar no Acostamento";"Colisão frontal";"Com Vítimas Feridas";"Plena Noite";"Crescente";"Céu Claro";"Simples";"Reta";"Não";3;0;3;0;0;0;3;2;-5,936951;-35,549247;"SPRF-RN";"DEL01-RN";"UOP02-DEL01-RN"
746551;2026-01-18;"domingo";"20:00:00";"MG";40;769;"JUIZ DE FORA";"Ausência de reação do condutor";"Colisão transversal";"Com Vítimas Feridas";"Plena Noite";"Crescente";"Nublado";"Simples";"Interseção de Vias";"Não";2;0;0;1;1;0;1;2;-21,63275879;-43,44335139;"SPRF-MG";"DEL05-MG";"UOP01-DEL05-MG"
746552;2026-01-18;"domingo";"20:35:00";"RJ";101;81;"CAMPOS DOS GOYTACAZES";"Pedestre andava na pista";"Atropelamento de Pedestre";"Com Vítimas Feridas";"Plena Noite";"Decrescente";"Céu Claro";"Simples";"Reta";"Não";2;0;1;0;1;0;1;2;-21,832122;-41,447745;"SPRF-RJ";"DEL08-RJ";"UOP02-DEL08-RJ"
746554;2026-01-18;"domingo";"19:20:00";"PI";343;138;"PIRACURUCA";"Condutor Dormindo";"Colisão lateral sentido oposto";"Com Vítimas Feridas";"Plena Noite";"Crescente";"Nublado";"Simples";"Reta";"Não";2;0;1;1;0;0;2;2;-3,91289421;-41,71285629;"SPRF-PI";"DEL02-PI";"UOP01-DEL02-PI"
746555;2026-01-18;"domingo";"17:15:00";"RJ";116;215;"PARACAMBI";"Reação tardia ou ineficiente do condutor";"Colisão com objeto";"Com Vítimas Fatais";"Pleno dia";"Decrescente";"Nublado";"Dupla";"Reta";"Não";1;1;0;0;0;0;0;1;-22,69353648;-43,78214836;"SPRF-RJ";"DEL06-RJ";"UOP02-DEL06-RJ"
746556;2026-01-18;"domingo";"13:30:00";"PR";376;154;"MANDAGUACU";"Ingestão de álcool pelo condutor";"Queda de ocupante de veículo";"Com Vítimas Feridas";"Pleno dia";"Crescente";"Céu Claro";"Dupla";"Curva";"Sim";1;0;1;0;0;0;1;1;-23,338204;-52,100338;"SPRF-PR";"DEL09-PR";"UOP02-DEL09-PR"
746557;2026-01-18;"domingo";"19:30:00";"PR";376;86;"PARANAVAI";"Demais falhas mecânicas ou elétricas";"Queda de ocupante de veículo";"Com Vítimas Feridas";"Pleno dia";"Decrescente";"Céu Claro";"Simples";"Curva";"Sim";2;0;2;0;0;0;2;1;-22,976386;-52,605889;"SPRF-PR";"DEL09-PR";"UOP02-DEL09-PR"
746558;2026-01-18;"domingo";"16:38:00";"RR";174;171;"RORAINOPOLIS";"Acessar a via sem observar a presença dos outros veículos";"Colisão transversal";"Com Vítimas Feridas";"Pleno dia";"Crescente";"Nublado";"Simples";"Reta";"Sim";5;0;2;3;0;0;5;2;0,579895;-60,461342;"SPRF-RR";"DEL01-RR";"UOP02-DEL01-RR"
746559;2026-01-18;"domingo";"17:45:00";"MG";251;424,5;"GRAO MOGOL";"Demais falhas mecânicas ou elétricas";"Colisão com objeto";"Sem Vítimas";"Pleno dia";"Crescente";"Céu Claro";"Simples";"Reta";"Não";1;0;0;0;1;0;0;1;-16,22041919;-42,86363393;"SPRF-MG";"DEL12-MG";"UOP01-DEL12-MG"
746560;2026-01-18;"domingo";"19:15:00";"SC";280;57,5;"GUARAMIRIM";"Reação tardia ou ineficiente do condutor";"Colisão com objeto";"Com Vítimas Feridas";"Plena Noite";"Decrescente";"Chuva";"Dupla";"Rotatória";"Sim";1;0;1;0;0;0;1;1;-26,474;-49,02;"SPRF-SC";"DEL03-SC";"UOP03-DEL03-SC"
746561;2026-01-18;"domingo";"21:20:00";"ES";101;144,4;"LINHARES";"Animais na Pista";"Atropelamento de Animal";"Com Vítimas Feridas";"Plena Noite";"Crescente";"Céu Claro";"Dupla";"Reta";"Sim";2;0;2;0;0;0;2;1;-19,3561352;-40,063597;"SPRF-ES";"DEL04-ES";"UOP01-DEL04-ES"
746562;2026-01-18;"domingo";"15:10:00";"MG";116;606,9;"SAO JOAO DO MANHUACU";"Reação tardia ou ineficiente do condutor";"Colisão transversal";"Com Vítimas Feridas";"Pleno dia";"Crescente";"Céu Claro";"Simples";"Interseção de Vias";"Sim";2;0;1;0;1;0;1;2;-20,39333098;-42,14766026;"SPRF-MG";"DEL06-MG";"UOP03-DEL06-MG"
746563;2026-01-18;"domingo";"16:05:00";"PR";376;42,6;"NOVA LONDRINA";"Ultrapassagem Indevida";"Saída de leito carroçável";"Com Vítimas Feridas";"Pleno dia";"Decrescente";"Nublado";"Simples";"Reta";"Não";1;0;0;1;0;0;1;1;-22,83779442;-52,98671119;"SPRF-PR";"DEL09-PR";"UOP02-DEL09-PR"
746564;2026-01-18;"domingo";"19:40:00";"MT";174;486;"COMODORO";"Pedestre cruzava a pista fora da faixa";"Atropelamento de Pedestre";"Com Vítimas Feridas";"Plena Noite";"Crescente";"Céu Claro";"Simples";"Reta";"Sim";4;0;1;0;3;0;1;2;-13,65982641;-59,79365442;"SPRF-MT";"DEL04-MT";"UOP02-DEL04-MT"
746565;2026-01-18;"domingo";"16:50:00";"AM";319;726;"HUMAITA";"Ausência de reação do condutor";"Colisão traseira";"Com Vítimas Feridas";"Pleno dia";"Decrescente";"Céu Claro";"Simples";"Reta";"Não";4;0;0;1;2;1;1;3;-7,890972;-63,2848;"SPRF-AM";"DEL02-AM";"UOP01-DEL02-AM"
746566;2026-01-18;"domingo";"21:20:00";"RJ";116;112;"GUAPIMIRIM";"Velocidade Incompatível";"Atropelamento de Pedestre";"Com Vítimas Feridas";"Plena Noite";"Decrescente";"Céu Claro";"Simples";"Reta";"Sim";4;0;2;0;1;1;2;2;-22,56085371;-42,99646728;"SPRF-RJ";"DEL04-RJ";"UOP02-DEL04-RJ"
746567;2026-01-18;"domingo";"20:50:00";"MG";381;148,3;"GOVERNADOR VALADARES";"Ingestão de álcool pelo condutor";"Colisão transversal";"Com Vítimas Feridas";"Plena Noite";"Crescente";"Nublado";"Simples";"Reta";"Não";3;0;1;2;0;0;3;2;-18,856576;-41,984102;"SPRF-MG";"DEL06-MG";"UOP01-DEL06-MG"