"id";"data_inversa";"dia_semana";"horario";"uf";"br";"km";"municipio";"causa_acidente";"tipo_acidente";"classificacao_acidente";"fase_dia";"sentido_via";"condicao_metereologica";"tipo_pista";"tracado_via";"uso_solo";"pessoas";"mortos";"feridos_leves";"feridos_graves";"ilesos";"ignorados";"feridos";"veiculos";"latitude";"longitude";"regional";"delegacia";"uop"
746788;2026-01-19;"segunda-feira";"18:20:00";"SC";101;108,5;"PENHA";"Trafegar com motocicleta (ou similar) entre as faixas";"Colisão lateral mesmo sentido";"Com Vítimas Feridas";"Anoitecer";"Crescente";"Nublado";"Dupla";"Reta";"Sim";2;0;1;0;1;0;1;2;-26,82983875;-48,69287459;"SPRF-SC";"DEL03-SC";"UOP02-DEL03-SC"
746789;2026-01-19;"segunda-feira";"18:40:00";"RN";101;82;"NATAL";"Pedestre cruzava a pista fora da faixa";"Atropelamento de Pedestre";"Com Vítimas Feridas";"Plena Noite";"Decrescente";"Céu Claro";"Dupla";"Reta";"Sim";2;0;1;1;0;0;2;2;-5,769;-35,271;"SPRF-RN";"DEL02-RN";"UOP01-DEL02-RN"
746791;2026-01-19;"segunda-feira";"20:00:00";"PR";277;3,3;"FOZ DO IGUACU";"Acesso irregular";"Colisão transversal";"Com Vítimas Feridas";"Plena Noite";"Crescente";"Céu Claro";"Simples";"Reta";"Não";2;0;0;1;1;0;1;2;-25,51857195;-54,52674357;"SPRF-PR";"DEL05-PR";"UOP04-DEL05-PR"
746792;2026-01-19;"segunda-feira";"16:00:00";"GO";60;48;"ABADIANIA";"Reação tardia ou ineficiente do condutor";"Saída de leito carroçável";"Com Vítimas Feridas";"Pleno dia";"Decrescente";"Ignorado";"Dupla";"Declive";"Não";2;0;1;0;1;0;1;1;-16,15301079;-48,61091626;"SPRF-GO";"DEL02-GO";"UOP01-DEL02-GO"
746793;2026-01-19;"segunda-feira";"19:50:00";"PR";373;400;"CANDOI";"Acessar a via sem observar a presença dos outros veículos";"Colisão lateral mesmo sentido";"Com Vítimas Feridas";"Plena Noite";"Crescente";"Céu Claro";"Simples";"Reta";"Não";3;0;3;0;0;0;3;2;-25,561358;-52,045315;"SPRF-PR";"DEL08-PR";"UOP01-DEL08-PR"
746794;2026-01-19;"segunda-feira";"18:50:00";"MT";163;592;"NOVA MUTUM";"Reação tardia ou ineficiente do condutor";"Colisão com objeto";"Com Vítimas Fatais";"Plena Noite";"Crescente";"Céu Claro";"Dupla";"Reta";"Sim";4;1;3;0;0;0;3;1;-13,866952;-56,086649;"SPRF-MT";"DEL01-MT";"UOP01-DEL01-MT"
746795;2026-01-19;"segunda-feira";"21:45:00";"PE";232;99,1;"BEZERROS";"Entrada inopinada do pedestre";"Atropelamento de Pedestre";"Com Vítimas Fatais";"Plena Noite";"Crescente";"Nublado";"Dupla";"Declive;Reta";"Sim";2;1;0;0;1;0;0;2;-8,23694;-35,73521;"SPRF-PE";"DEL02-PE";"UOP03-DEL02-PE"
746797;2026-01-19;"segunda-feira";"21:30:00";"GO";153;672,5;"PANAMA";"Objeto estático sobre o leito carroçável";"Colisão com objeto";"Sem Vítimas";"Plena Noite";"Decrescente";"Nublado";"Dupla";"Declive;Reta";"Não";4;0;0;0;4;0;0;1;-18,154824;-49,286836;"SPRF-GO";"DEL03-GO";"UOP02-DEL03-GO"
746798;2026-01-19;"segunda-feira";"20:00:00";"SC";101;252,4;"PAULO LOPES";"Ingestão de álcool pelo condutor";"Colisão lateral mesmo sentido";"Com Vítimas Feridas";"Plena Noite";"Decrescente";"Ignorado";"Múltipla";"Reta";"Sim";2;0;0;1;1;0;1;2;-27,961816;-48,6790406;"SPRF-SC";"DEL02-SC";"UOP03-DEL02-SC"
746799;2026-01-19;"segunda-feira";"21:45:00";"PR";116;103;"SAO JOSE DOS PINHAIS";"Reação tardia ou ineficiente do condutor";"Colisão traseira";"Sem Vítimas";"Plena Noite";"Decrescente";"Nublado";"Dupla";"Reta";"Sim";2;0;0;0;2;0;0;2;-25,57104627;-49,19325527;"SPRF-PR";"DEL01-PR";"UOP07-DEL01-PR"
746801;2026-01-19;"segunda-feira";"21:49:00";"SC";282;31;"SANTO AMARO DA IMPERATRIZ";"Ingestão de álcool pelo condutor";"Saída de leito carroçável";"Sem Vítimas";"Plena Noite";"Crescente";"Nublado";"Simples";"Reta";"Não";1;0;0;0;1;0;0;1;-27,699409;-48,797101;"SPRF-SC";"DEL01-SC";"UOP03-DEL01-SC"
746803;2026-01-19;"segunda-feira";"17:00:00";"MG";381;705;"LAVRAS";"Chuva";"Capotamento";"Com Vítimas Feridas";"Pleno dia";"Crescente";"Chuva";"Dupla";"Reta";"Não";2;0;2;0;0;0;2;1;-21,28937436;-45,14007568;"SPRF-MG";"DEL04-MG";"UOP02-DEL04-MG"
746810;2026-01-19;"segunda-feira";"22:00:00";"RO";364;240,7;"CACOAL";"Ausência de reação do condutor";"Colisão traseira";"Com Vítimas Feridas";"Plena Noite";"Crescente";"Chuva";"Dupla";"Reta";"Sim";1;0;1;0;0;0;1;1;-11,43905837;-61,47620916;"SPRF-RO";"DEL02-RO";"UOP02-DEL02-RO"
746811;2026-01-20;"terça-feira";"00:20:00";"MG";381;563;"OLIVEIRA";"Acesso irregular";"Colisão frontal";"Com Vítimas Feridas";"Plena Noite";"Crescente";"Nublado";"Dupla";"Curva";"Sim";2;0;0;2;0;0;2;2;-20,73160645;-44,77273862;"SPRF-MG";"DEL04-MG";"UOP03-DEL04-MG"
746812;2026-01-20;"terça-feira";"00:50:00";"SP";116;60;"GUARATINGUETA";"Objeto estático sobre o leito carroçável";"Colisão com objeto";"Com Vítimas Fatais";"Plena Noite";"Crescente";"Céu Claro";"Dupla";"Reta";"Não";3;1;1;0;1;0;1;3;-22,79087488;-45,16097593;"SPRF-SP";"DEL08-SP";"UOP01-DEL08-SP"
746814;2026-01-19;"segunda-feira";"23:30:00";"MT";70;512;"VARZEA GRANDE";"Reação tardia ou ineficiente do condutor";"Colisão traseira";"Sem Vítimas";"Plena Noite";"Decrescente";"Céu Claro";"Simples";"Reta;Em Obras";"Não";7;0;0;0;7;0;0;2;-15,70201;-56,11714;"SPRF-MT";"DEL01-MT";"UOP02-DEL01-MT"
746817;2026-01-19;"segunda-feira";"23:37:00";"SP";459;1;"PIQUETE";"Pista Escorregadia";"Capotamento";"Sem Vítimas";"Plena Noite";"Crescente";"Garoa/Chuvisco";"Simples";"Curva;Declive";"Não";1;0;0;0;0;1;0;1;-22,56965998;-45,21618739;"SPRF-SP";"DEL08-SP";"UOP02-DEL08-SP"
746819;2026-01-20;"terça-feira";"01:15:00";"MT";163;948;"NOVA SANTA HELENA";"Ausência de reação do condutor";"Saída de leito carroçável";"Com Vítimas Feridas";"Plena Noite";"Crescente";"Chuva";"Simples";"Reta";"Não";1;0;1;0;0;0;1;1;-10,90947;-55,19705;"SPRF-MT";"DEL06-MT";"UOP02-DEL06-MT"
746820;2026-01-20;"terça-feira";"04:55:00";"PR";376;593;"CURITIBA";"Demais falhas mecânicas ou elétricas";"Incêndio";"Sem Vítimas";"Amanhecer";"Crescente";"Nublado";"Dupla";"Reta";"Não";1;0;0;0;1;0;0;1;-25,45277312;-49,36227886;"SPRF-PR";"DEL01-PR";"UOP06-DEL01-PR"
746821;2026-01-18;"domingo";"17:23:00";"RJ";101;285;"ITABORAI";"Reação tardia ou ineficiente do condutor";"Colisão com objeto";"Com Vítimas Feridas";"Pleno dia";"Decrescente";"Nublado";"Simples";"Viaduto";"Não";2;0;2;0;0;0;2;1;-22,75220065;-42,81951354;"SPRF-RJ";"DEL02-RJ";"UOP02-DEL02-RJ"
746822;2026-01-20;"terça-feira";"05:10:00";"RS";101;80,7;"OSORIO";"Reação tardia ou ineficiente do condutor";"Tombamento";"Com Vítimas Fatais";"Amanhecer";"Crescente";"Céu Claro";"Dupla";"Reta";"Não";1;1;0;0;0;0;0;1;-29,8334133;-50,24651;"SPRF-RS";"DEL03-RS";"UOP01-DEL03-RS"
746823;2026-01-20;"terça-feira";"06:30:00";"MG";40;470,8;"SETE LAGOAS";"Acumulo de água sobre o pavimento";"Tombamento";"Com Vítimas Feridas";"Pleno dia";"Decrescente";"Chuva";"Dupla";"Declive;Reta";"Sim";1;0;1;0;0;0;1;1;-19,45628418;-44,3090415;"SPRF-MG";"DEL02-MG";"UOP01-DEL02-MG"
746824;2026-01-20;"terça-feira";"06:45:00";"ES";101;343,2;"GUARAPARI";"Velocidade Incompatível";"Colisão com objeto";"Com Vítimas Feridas";"Pleno dia";"Decrescente";"Chuva";"Dupla";"Curva";"Não";1;0;1;0;0;0;1;1;-20,66390337;-40,59335455;"SPRF-ES";"DEL03-ES";"UOP01-DEL03-ES"
746828;2026-01-20;"terça-feira";"05:20:00";"MG";262;430,7;"NOVA SERRANA";"Ausência de reação do condutor";"Colisão com objeto";"Sem Vítimas";"Amanhecer";"Crescente";"Garoa/Chuvisco";"Dupla";"Reta";"Não";1;0;0;0;0;1;0;1;-19,86388878;-44,9979794;"SPRF-MG";"DEL08-MG";"UOP03-DEL08-MG"
746829;2026-01-20;"terça-feira";"06:40:00";"PB";230;23;"JOAO PESSOA";"Ausência de reação do condutor";"Colisão lateral mesmo sentido";"Com Vítimas Feridas";"Pleno dia";"Decrescente";"Céu Claro";"Dupla";"Viaduto";"Sim";2;0;0;1;1;0;1;2;-7,1645929;-34,8621575;"SPRF-PB";"DEL01-PB";"UOP01-DEL01-PB"
746830;2026-01-20;"terça-feira";"07:20:00";"SC";101;66;"ARAQUARI";"Ausência de reação do condutor";"Colisão traseira";"Com Vítimas Feridas";"Pleno dia";"Crescente";"Sol";"Dupla";"Curva";"Não";2;0;1;0;1;0;1;2;-26,48224572;-48,73574702;"SPRF-SC";"DEL03-SC";"UOP02-DEL03-SC"
746831;2026-01-20;"terça-feira";"06:45:00";"DF";60;27,2;"BRASILIA";"Ausência de reação do condutor";"Saída de leito carroçável";"Com Vítimas Feridas";"Pleno dia";"Decrescente";"Chuva";"Dupla";"Aclive;Reta";"Não";1;0;1;0;0;0;1;1;-16,015466;-48,248212;"SPRF-DF";"DEL03-DF";"UOP01-DEL03-DF"
746832;2026-01-20;"terça-feira";"04:10:00";"MS";60;219;"CAMAPUA";"Animais na Pista";"Atropelamento de Animal";"Com Vítimas Feridas";"Amanhecer";"Crescente";"Céu Claro";"Simples";"Aclive;Reta";"Não";1;0;1;0;0;0;1;1;-19,64221067;-54,15144185;"SPRF-MS";"DEL06-MS";"UOP02-DEL06-MS"
746834;2026-01-19;"segunda-feira";"19:00:00";"RJ";493;16;"GUAPIMIRIM";"Reação tardia ou ineficiente do condutor";"Tombamento";"Com Vítimas Feridas";"Plena Noite";"Decrescente";"Chuva";"Simples";"Reta;Em Obras";"Não";1;0;1;0;0;0;1;1;-22,66777224;-43,00856941;"SPRF-RJ";"DEL04-RJ";"UOP02-DEL04-RJ"
746835;2026-01-20;"terça-feira";"06:10:00";"RJ";356;18,4;"ITAPERUNA";"Acumulo de água sobre o pavimento";"Saída de leito carroçável";"Com Vítimas Feridas";"Pleno dia";"Crescente";"Chuva";"Simples";"Curva";"Não";24;0;23;0;1;0;23;1;-21,177106;-42,024762;"SPRF-RJ";"DEL08-RJ";"UOP03-DEL08-RJ"
746837;2026-01-20;"terça-feira";"08:00:00";"SC";101;200;"SAO JOSE";"Manobra de mudança de faixa";"Colisão lateral mesmo sentido";"Com Vítimas Feridas";"Pleno dia";"Crescente";"Céu Claro";"Dupla";"Reta";"Não";2;0;1;0;1;0;1;2;-27,54287522;-48,6211431;"SPRF-SC";"DEL01-SC";"UOP01-DEL01-SC"
746838;2026-01-20;"terça-feira";"07:50:00";"TO";10;452;"PALMAS";"Manobra de mudança de faixa";"Colisão lateral mesmo sentido";"Com Vítimas Feridas";"Pleno dia";"Decrescente";"Chuva";"Múltipla";"Reta";"Não";3;0;1;0;2;0;1;2;-10,32770469;-48,29774505;"SPRF-TO";"DEL01-TO";"UOP03-DEL01-TO"
746839;2026-01-20;"terça-feira";"07:15:00";"BA";116;507;"SANTA TERESINHA";"Entrada inopinada do pedestre";"Atropelamento de Pedestre";"Com Vítimas Fatais";"Pleno dia";"Crescente";"Nublado";"Simples";"Curva";"Não";3;1;0;0;1;1;0;2;-12,64542;-39,604625;"SPRF-BA";"DEL02-BA";"UOP01-DEL02-BA"
746844;2026-01-20;"terça-feira";"07:30:00";"RJ";101;76;"CAMPOS DOS GOYTACAZES";"Acumulo de água sobre o pavimento";"Capotamento";"Com Vítimas Feridas";"Pleno dia";"Decrescente";"Chuva";"Dupla";"Curva;Rotatória";"Sim";1;0;1;0;0;0;1;1;-21,73398864;-41,32781982;"SPRF-RJ";"DEL08-RJ";"UOP02-DEL08-RJ"
746845;2026-01-12;"segunda-feira";"17:50:00";"PR";376;432;"TIBAGI";"Velocidade Incompatível";"Colisão com objeto";"Com Vítimas Feridas";"Pleno dia";"Crescente";"Chuva";"Dupla";"Curva";"Não";2;0;1;0;1;0;1;1;-24,79831006;-50,49445722;"SPRF-PR";"DEL03-PR";"UOP02-DEL03-PR"
746846;2026-01-07;"quarta-feira";"17:40:00";"RN";405;66;"FELIPE GUERRA";"Condutor Dormindo";"Saída de leito carroçável";"Com Vítimas Feridas";"Pleno dia";"Crescente";"Céu Claro";"Simples";"Reta";"Não";1;0;1;0;0;0;1;1;-5,57725083;-37,75937224;"SPRF-RN";"DEL04-RN";"UOP02-DEL04-RN"
746847;2026-01-20;"terça-feira";"08:00:00";"BA";324;527;"FEIRA DE SANTANA";"Condutor deixou de manter distância do veículo da frente";"Colisão traseira";"Com Vítimas Feridas";"Pleno dia";"Decrescente";"Céu Claro";"Dupla";"Reta";"Sim";2;0;1;0;1;0;1;2;-12,321084;-38,8704235;"SPRF-BA";"DEL01-BA";"UOP03-DEL01-BA"
746848;2026-01-20;"terça-feira";"08:40:00";"SC";101;137;"BALNEARIO CAMBORIU";"Condutor usando celular";"Colisão traseira";"Com Vítimas Feridas";"Pleno dia";"Decrescente";"Sol";"Dupla";"Reta";"Sim";2;0;1;0;1;0;1;2;-27,0146402;-48,61231025;"SPRF-SC";"DEL04-SC";"UOP03-DEL04-SC"
746849;2026-01-12;"segunda-feira";"15:00:00";"PR";376;403;"TIBAGI";"Velocidade Incompatível";"Colisão com objeto";"Com Vítimas Feridas";"Pleno dia";"Crescente";"Chuva";"Dupla";"Curva";"Não";4;0;2;2;0;0;4;1;-24,60229643;-50,66428648;"SPRF-PR";"DEL03-PR";"UOP02-DEL03-PR"
746851;2026-01-20;"terça-feira";"06:30:00";"GO";70;450;"BOM JARDIM DE GOIAS";"Condutor deixou de manter distância do veículo da frente";"Colisão traseira";"Com Vítimas Feridas";"Amanhecer";"Decrescente";"Céu Claro";"Simples";"Reta;Aclive";"Não";2;0;1;0;1;0;1;2;-15,92006398;-51,99314117;"SPRF-GO";"DEL04-GO";"UOP02-DEL04-GO"
746852;2026-01-20;"terça-feira";"08:25:00";"MG";40;517,6;"RIBEIRAO DAS NEVES";"Chuva";"Tombamento";"Com Vítimas Feridas";"Pleno dia";"Decrescente";"Chuva";"Dupla";"Curva";"Sim";1;0;1;0;0;0;1;1;-19,82962364;-44,08322096;"SPRF-MG";"DEL01-MG";"UOP02-DEL01-MG"
746853;2026-01-20;"terça-feira";"08:00:00";"SC";101;137;"BALNEARIO CAMBORIU";"Ausência de reação do condutor";"Colisão traseira";"Com Vítimas Feridas";"Pleno dia";"Decrescente";"Céu Claro";"Dupla";"Reta";"Sim";3;0;0;2;1;0;2;2;-27,016269;-48,6115;"SPRF-SC";"DEL04-SC";"UOP03-DEL04-SC"
746856;2026-01-20;"terça-feira";"07:55:00";"PR";376;670,1;"GUARATUBA";"Condutor deixou de manter distância do veículo da frente";"Engavetamento";"Com Vítimas Feridas";"Pleno dia";"Decrescente";"Céu Claro";"Dupla";"Aclive";"Não";14;0;1;0;13;0;1;4;-25,878873;-48,934595;"SPRF-PR";"DEL01-PR";"UOP04-DEL01-PR"
746857;2026-01-20;"terça-feira";"07:30:00";"SC";101;114;"ITAJAI";"Reação tardia ou ineficiente do condutor";"Tombamento";"Com Vítimas Feridas";"Pleno dia";"Crescente";"Céu Claro";"Múltipla";"Reta";"Sim";1;0;1;0;0;0;1;1;-26,87218734;-48,72934341;"SPRF-SC";"DEL04-SC";"UOP04-DEL04-SC"
746858;2026-01-20;"terça-feira";"09:00:00";"PI";135;556,8;"SAO GONCALO DO GURGUEIA";"Reação tardia ou ineficiente do condutor";"Saída de leito carroçável";"Com Vítimas Feridas";"Pleno dia";"Crescente";"Nublado";"Simples";"Curva;Declive";"Não";4;0;3;0;1;0;3;1;-10,14379155;-45,19850403;"SPRF-PI";"DEL03-PI";"UOP02-DEL03-PI"
746859;2026-01-20;"terça-feira";"08:00:00";"SC";470;10;"NAVEGANTES";"Desrespeitar a preferência no cruzamento";"Colisão transversal";"Com Vítimas Feridas";"Pleno dia";"Decrescente";"Céu Claro";"Simples";"Reta";"Não";2;0;1;0;1;0;1;2;-26,83574732;-48,7384294;"SPRF-SC";"DEL04-SC";"UOP04-DEL04-SC"
746860;2026-01-20;"terça-feira";"09:30:00";"MG";40;788;"JUIZ DE FORA";"Reação tardia ou ineficiente do condutor";"Saída de leito carroçável";"Com Vítimas Feridas";"Pleno dia";"Decrescente";"Nublado";"Dupla";"Reta";"Não";1;0;1;0;0;0;1;1;-21,736406;-43,442895;"SPRF-MG";"DEL05-MG";"UOP01-DEL05-MG"
746861;2026-01-20;"terça-feira";"07:34:00";"MT";70;500;"CUIABA";"Condutor deixou de manter distância do veículo da frente";"Colisão lateral sentido oposto";"Com Vítimas Feridas";"Pleno dia";"Crescente";"Sol";"Simples";"Reta";"Não";3;0;0;1;2;0;1;3;-15,68707671;-56,01832587;"SPRF-MT";"DEL01-MT";"UOP02-DEL01-MT"
746862;2026-01-20;"terça-feira";"08:15:00";"RO";364;708;"PORTO VELHO";"Acessar a via sem observar a presença dos outros veículos";"Colisão lateral mesmo sentido";"Com Vítimas Feridas";"Pleno dia";"Decrescente";"Nublado";"Dupla";"Interseção de Vias;Reta";"Sim";2;0;1;0;1;0;1;2;-8,79176263;-63,84798853;"SPRF-RO";"DEL01-RO";"UOP01-DEL01-RO"
746863;2026-01-20;"terça-feira";"09:00:00";"SC";101;114;"ITAJAI";"Reação tardia ou ineficiente do condutor";"Colisão traseira";"Com Vítimas Feridas";"Pleno dia";"Crescente";"Céu Claro";"Múltipla";"Reta";"Sim";2;0;1;0;1;0;1;2;-26,86905601;-48,73045921;"SPRF-SC";"DEL04-SC";"UOP04-DEL04-SC"
746864;2026-01-20;"terça-feira";"09:30:00";"MG";116;794;"ALEM PARAIBA";"Reação tardia ou ineficiente do condutor";"Saída de leito carroçável";"Com Vítimas Feridas";"Pleno dia";"Crescente";"Chuva";"Simples";"Curva";"Não";1;0;1;0;0;0;1;1;-21,717847;-42,730227;"SPRF-MG";"DEL07-MG";"UOP01-DEL07-MG"
746869;2026-01-20;"terça-feira";"10:00:00";"RS";116;247,1;"SAO LEOPOLDO";"Condutor deixou de manter distância do veículo da frente";"Engavetamento";"Com Vítimas Feridas";"Pleno dia";"Crescente";"Céu Claro";"Múltipla";"Curva";"Sim";3;0;1;0;2;0;1;3;-29,768869;-51,153429;"SPRF-RS";"DEL01-RS";"UOP02-DEL01-RS"
746870;2026-01-20;"terça-feira";"09:33:00";"SP";116;218;"GUARULHOS";"Ausência de reação do condutor";"Colisão traseira";"Com Vítimas Feridas";"Pleno dia";"Crescente";"Nublado";"Múltipla";"Reta";"Não";3;0;2;0;1;0;2;2;-23,462028;-46,49168;"SPRF-SP";"DEL01-SP";"UOP01-DEL01-SP"
746872;2026-01-19;"segunda-feira";"22:00:00";"BA";116;550;"MILAGRES";"Chuva";"Colisão lateral sentido oposto";"Com Vítimas Feridas";"Plena Noite";"Crescente";"Chuva";"Simples";"Curva";"Não";3;0;0;1;2;0;1;2;-12,90381;-39,86132;"SPRF-BA";"DEL03-BA";"UOP02-DEL03-BA"
746878;2026-01-20;"terça-feira";"09:30:00";"MS";163;315,4;"RIO BRILHANTE";"Afundamento ou ondulação no pavimento";"Tombamento";"Com Vítimas Feridas";"Pleno dia";"Crescente";"Céu Claro";"Dupla";"Reta";"Não";1;0;1;0;0;0;1;1;-21,84894;-54,53511;"SPRF-MS";"DEL02-MS";"UOP02-DEL02-MS"
746879;2026-01-20;"terça-feira";"09:30:00";"GO";60;33,4;"ALEXANIA";"Avarias e/ou desgaste excessivo no pneu";"Saída de leito carroçável";"Com Vítimas Feridas";"Pleno dia";"Crescente";"Chuva";"Dupla";"Curva;Declive";"Não";2;0;2;0;0;0;2;1;-16,099056;-48,522466;"SPRF-DF";"DEL03-DF";"UOP01-DEL03-DF"
746881;2026-01-20;"terça-feira";"10:10:00";"PR";153;9,7;"JACAREZINHO";"Condutor deixou de manter distância do veículo da frente";"Colisão traseira";"Com Vítimas Feridas";"Pleno dia";"Crescente";"Céu Claro";"Simples";"Reta";"Não";2;0;1;0;1;0;1;2;-23,07737495;-49,93471973;"SPRF-PR";"DEL07-PR";"UOP04-DEL07-PR"
746884;2026-01-09;"sexta-feira";"13:04:00";"PI";343;344,4;"TERESINA";"Condutor deixou de manter distância do veículo da frente";"Colisão traseira";"Com Vítimas Feridas";"Pleno dia";"Crescente";"Céu Claro";"Dupla";"Reta;Em Obras";"Sim";3;0;1;0;2;0;1;3;-5,10189887;-42,76610523;"SPRF-PI";"DEL01-PI";"UOP01-DEL01-PI"
746885;2026-01-20;"terça-feira";"11:50:00";"PR";116;142,9;"MANDIRITUBA";"Acessar a via sem observar a presença dos outros veículos";"Colisão transversal";"Com Vítimas Fatais";"Pleno dia";"Crescente";"Céu Claro";"Simples";"Reta;Declive";"Não";2;1;0;0;1;0;0;2;-25,7874826;-49,32670204;"SPRF-PR";"DEL01-PR";"UOP03-DEL01-PR"
746888;2026-01-20;"terça-feira";"10:20:00";"GO";60;178,6;"ABADIA DE GOIAS";"Condutor Dormindo";"Saída de leito carroçável";"Sem Vítimas";"Pleno dia";"Crescente";"Céu Claro";"Múltipla";"Reta";"Sim";1;0;0;0;1;0;0;1;-16,7608754;-49,45875406;"SPRF-GO";"DEL01-GO";"UOP02-DEL01-GO"
746892;2026-01-20;"terça-feira";"11:30:00";"ES";393;1,5;"CACHOEIRO DE ITAPEMIRIM";"Ausência de reação do condutor";"Colisão lateral mesmo sentido";"Com Vítimas Feridas";"Pleno dia";"Crescente";"Nublado";"Simples";"Declive;Reta";"Não";2;0;0;1;1;0;1;2;-20,83587206;-41,17009877;"SPRF-ES";"DEL03-ES";"UOP02-DEL03-ES"
746893;2026-01-20;"terça-feira";"11:40:00";"TO";153;718;"FIGUEIROPOLIS";"Demais falhas mecânicas ou elétricas";"Saída de leito carroçável";"Com Vítimas Feridas";"Pleno dia";"Crescente";"Nublado";"Simples";"Reta";"Não";2;0;2;0;0;0;2;1;-12,184466;-49,155494;"SPRF-TO";"DEL01-TO";"UOP02-DEL01-TO"
746894;2026-01-20;"terça-feira";"12:35:00";"MG";262;409,2;"IGARATINGA";"Velocidade Incompatível";"Saída de leito carroçável";"Com Vítimas Feridas";"Pleno dia";"Crescente";"Chuva";"Dupla";"Reta";"Não";3;0;3;0;0;0;3;1;-19,88767;-44,71574;"SPRF-MG";"DEL08-MG";"UOP03-DEL08-MG"
746895;2026-01-20;"terça-feira";"11:10:00";"RJ";101;297;"ITABORAI";"Manobra de mudança de faixa";"Engavetamento";"Com Vítimas Feridas";"Pleno dia";"Decrescente";"Garoa/Chuvisco";"Dupla";"Reta";"Sim";3;0;1;0;2;0;1;3;-22,74443162;-42,80883437;"SPRF-RJ";"DEL02-RJ";"UOP02-DEL02-RJ"
746896;2026-01-20;"terça-feira";"10:20:00";"RJ";116;148;"DUQUE DE CAXIAS";"Manobra de mudança de faixa";"Colisão lateral sentido oposto";"Com Vítimas Feridas";"Pleno dia";"Crescente";"Chuva";"Dupla";"Curva;Interseção de Vias";"Não";2;0;1;0;1;0;1;2;-22,671937;-43,281832;"SPRF-RJ";"DEL01-RJ";"UOP02-DEL01-RJ"
746897;2026-01-20;"terça-feira";"10:19:00";"RO";364;422,2;"JARU";"Reação tardia ou ineficiente do condutor";"Colisão lateral mesmo sentido";"Com Vítimas Feridas";"Pleno dia";"Decrescente";"Sol";"Simples";"Curva";"Sim";2;0;0;1;1;0;1;2;-10,46046612;-62,45527983;"SPRF-RO";"DEL03-RO";"UOP02-DEL03-RO"
746898;2026-01-20;"terça-feira";"09:30:00";"MA";135;6;"SAO LUIS";"Condutor deixou de manter distância do veículo da frente";"Colisão traseira";"Com Vítimas Feridas";"Pleno dia";"Crescente";"Sol";"Dupla";"Reta";"Sim";3;0;1;0;1;1;1;2;-2,64157712;-44,27248746;"SPRF-MA";"DEL01-MA";"UOP01-DEL01-MA"
746899;2026-01-20;"terça-feira";"11:20:00";"PR";116;108;"CURITIBA";"Trafegar com motocicleta (ou similar) entre as faixas";"Colisão lateral mesmo sentido";"Com Vítimas Feridas";"Pleno dia";"Crescente";"Céu Claro";"Dupla";"Reta";"Sim";2;0;1;0;1;0;1;2;-25,56669776;-49,2399931;"SPRF-PR";"DEL01-PR";"UOP03-DEL01-PR"
746900;2026-01-20;"terça-feira";"10:45:00";"RN";226;309;"JANDUIS";"Reação tardia ou ineficiente do condutor";"Colisão traseira";"Sem Vítimas";"Pleno dia";"Decrescente";"Céu Claro";"Simples";"Reta";"Sim";3;0;0;0;3;0;0;2;-6,018063;-37,407843;"SPRF-RN";"DEL04-RN";"UOP01-DEL04-RN"
746901;2026-01-20;"terça-feira";"13:00:00";"MG";381;330;"NOVA ERA";"Velocidade Incompatível";"Colisão com objeto";"Com Vítimas Feridas";"Pleno dia";"Crescente";"Chuva";"Simples";"Curva";"Não";1;0;1;0;0;0;1;1;-19,79884809;-43,05524826;"SPRF-MG";"DEL03-MG";"UOP01-DEL03-MG"
746902;2026-01-20;"terça-feira";"05:00:00";"MS";262;485;"ANASTACIO";"Ausência de reação do condutor";"Saída de leito carroçável";"Com Vítimas Feridas";"Amanhecer";"Crescente";"Nevoeiro/Neblina";"Simples";"Reta";"Não";1;0;1;0;0;0;1;1;-20,501807;-55,765309;"SPRF-MS";"DEL03-MS";"UOP01-DEL03-MS"
746903;2026-01-20;"terça-feira";"12:50:00";"PB";101;81,9;"BAYEUX";"Acessar a via sem observar a presença dos outros veículos";"Colisão lateral mesmo sentido";"Com Vítimas Feridas";"Pleno dia";"Crescente";"Céu Claro";"Dupla";"Interseção de Vias";"Sim";2;0;0;1;0;1;1;2;-7,13049377;-34,93460208;"SPRF-PB";"DEL01-PB";"UOP01-DEL01-PB"
746904;2026-01-20;"terça-feira";"12:00:00";"MG";40;89;"PARACATU";"Demais falhas mecânicas ou elétricas";"Saída de leito carroçável";"Com Vítimas Feridas";"Pleno dia";"Crescente";"Nublado";"Simples";"Reta";"Não";2;0;2;0;0;0;2;1;-17,498092;-46,58287025;"SPRF-MG";"DEL14-MG";"UOP01-DEL14-MG"
746905;2026-01-20;"terça-feira";"10:30:00";"RS";116;362;"TAPES";"Transitar na contramão";"Colisão frontal";"Com Vítimas Fatais";"Pleno dia";"Crescente";"Céu Claro";"Simples";"Reta";"Não";4;1;2;1;0;0;3;2;-30,63341636;-51,54994369;"SPRF-RS";"DEL02-RS";"UOP02-DEL02-RS"
746907;2026-01-16;"sexta-feira";"23:20:00";"PE";0;0;"CAMARAGIBE";"Frear bruscamente";"Colisão traseira";"Sem Vítimas";"Plena Noite";"Não Informado";"Ignorado";"Dupla";"Interseção de Vias";"Não";6;0;0;0;6;0;0;2;-8,020562;-34,989985;"SPRF-PE";"N/A";"N/A"