"id";"data_inversa";"dia_semana";"horario";"uf";"br";"km";"municipio";"causa_acidente";"tipo_acidente";"classificacao_acidente";"fase_dia";"sentido_via";"condicao_metereologica";"tipo_pista";"tracado_via";"uso_solo";"pessoas";"mortos";"feridos_leves";"feridos_graves";"ilesos";"ignorados";"feridos";"veiculos";"latitude";"longitude";"regional";"delegacia";"uop"
747162;2026-01-21;"quarta-feira";"17:50:00";"DF";20;6;"BRASILIA";"Manobra de mudança de faixa";"Colisão lateral mesmo sentido";"Com Vítimas Feridas";"Anoitecer";"Decrescente";"Céu Claro";"Dupla";"Reta";"Sim";2;0;1;0;1;0;1;2;-15,670546;-47,816044;"SPRF-DF";"DEL02-DF";"UOP01-DEL02-DF"
747164;2026-01-21;"quarta-feira";"17:50:00";"SC";280;50;"GUARAMIRIM";"Retorno proibido";"Colisão traseira";"Com Vítimas Feridas";"Pleno dia";"Decrescente";"Céu Claro";"Dupla";"Em Obras;Curva";"Sim";2;0;2;0;0;0;2;2;-26,462954;-48,948378;"SPRF-SC";"DEL03-SC";"UOP03-DEL03-SC"
747165;2026-01-21;"quarta-feira";"18:10:00";"PR";277;53,5;"SAO JOSE DOS PINHAIS";"Velocidade Incompatível";"Saída de leito carroçável";"Com Vítimas Feridas";"Pleno dia";"Crescente";"Nublado";"Dupla";"Curva";"Não";2;0;2;0;0;0;2;1;-25,575333;-48,975677;"SPRF-PR";"DEL01-PR";"UOP05-DEL01-PR"
747166;2026-01-21;"quarta-feira";"18:15:00";"RS";116;517;"PELOTAS";"Acessar a via sem observar a presença dos outros veículos";"Colisão transversal";"Com Vítimas Feridas";"Anoitecer";"Crescente";"Céu Claro";"Dupla";"Rotatória;Viaduto";"Sim";2;0;1;0;1;0;1;2;-31,67830085;-52,34255481;"SPRF-RS";"DEL07-RS";"UOP01-DEL07-RS"
747169;2026-01-21;"quarta-feira";"18:30:00";"PR";376;224;"CAMBIRA";"Reação tardia ou ineficiente do condutor";"Saída de leito carroçável";"Com Vítimas Feridas";"Anoitecer";"Crescente";"Céu Claro";"Dupla";"Declive";"Não";2;0;2;0;0;0;2;1;-23,594086;-51,578795;"SPRF-PR";"DEL07-PR";"UOP03-DEL07-PR"
747171;2026-01-21;"quarta-feira";"16:20:00";"MA";230;1;"BARAO DE GRAJAU";"Ausência de reação do condutor";"Tombamento";"Com Vítimas Feridas";"Pleno dia";"Crescente";"Céu Claro";"Simples";"Reta";"Sim";1;0;1;0;0;0;1;1;-6,755147;-43,017988;"SPRF-PI";"DEL03-PI";"UOP01-DEL03-PI"
747172;2026-01-21;"quarta-feira";"18:00:00";"SC";470;48,4;"BLUMENAU";"Conversão proibida";"Colisão lateral sentido oposto";"Com Vítimas Feridas";"Anoitecer";"Crescente";"Nublado";"Simples";"Reta";"Não";2;0;0;1;1;0;1;2;-26,85905;-49,0575;"SPRF-SC";"DEL04-SC";"UOP01-DEL04-SC"
747173;2026-01-21;"quarta-feira";"18:25:00";"RS";470;70,4;"LAGOA VERMELHA";"Ausência de reação do condutor";"Tombamento";"Com Vítimas Feridas";"Anoitecer";"Crescente";"Céu Claro";"Simples";"Aclive;Reta";"Não";1;0;1;0;0;0;1;1;-28,167981;-51,516342;"SPRF-RS";"DEL08-RS";"UOP05-DEL08-RS"
747175;2026-01-21;"quarta-feira";"16:40:00";"SC";282;643,3;"SAO MIGUEL DO OESTE";"Acessar a via sem observar a presença dos outros veículos";"Colisão transversal";"Sem Vítimas";"Pleno dia";"Decrescente";"Céu Claro";"Simples";"Declive;Curva";"Não";3;0;0;0;3;0;0;2;-26,77002882;-53,47408231;"SPRF-SC";"DEL07-SC";"UOP03-DEL07-SC"
747176;2026-01-21;"quarta-feira";"17:45:00";"SC";470;62,1;"INDAIAL";"Reação tardia ou ineficiente do condutor";"Colisão transversal";"Com Vítimas Feridas";"Pleno dia";"Crescente";"Nublado";"Simples";"Declive";"Sim";2;0;1;0;1;0;1;2;-26,87426;-49,18403;"SPRF-SC";"DEL04-SC";"UOP01-DEL04-SC"
747177;2026-01-21;"quarta-feira";"14:20:00";"GO";153;598;"MORRINHOS";"Acumulo de água sobre o pavimento";"Saída de leito carroçável";"Com Vítimas Feridas";"Pleno dia";"Crescente";"Chuva";"Dupla";"Reta";"Não";2;0;1;0;1;0;1;1;-17,532621;-49,214075;"SPRF-GO";"DEL03-GO";"UOP01-DEL03-GO"
747178;2026-01-21;"quarta-feira";"18:00:00";"PR";376;619;"SAO JOSE DOS PINHAIS";"Pedestre cruzava a pista fora da faixa";"Atropelamento de Pedestre";"Com Vítimas Feridas";"Anoitecer";"Crescente";"Nublado";"Simples";"Reta";"Sim";2;0;2;0;0;0;2;2;-25,610851;-49,1721172;"SPRF-PR";"DEL01-PR";"UOP04-DEL01-PR"
747179;2026-01-21;"quarta-feira";"19:00:00";"PR";163;171;"LINDOESTE";"Acessar a via sem observar a presença dos outros veículos";"Colisão transversal";"Com Vítimas Feridas";"Anoitecer";"Crescente";"Céu Claro";"Múltipla";"Curva;Retorno Regulamentado;Declive";"Não";2;0;1;0;1;0;1;2;-25,18309183;-53,60169333;"SPRF-PR";"DEL05-PR";"UOP05-DEL05-PR"
747180;2026-01-21;"quarta-feira";"17:20:00";"GO";153;574;"PROFESSOR JAMIL";"Acumulo de água sobre o pavimento";"Saída de leito carroçável";"Com Vítimas Feridas";"Anoitecer";"Decrescente";"Chuva";"Dupla";"Curva";"Não";3;0;1;0;2;0;1;1;-17,338503;-49,239497;"SPRF-GO";"DEL03-GO";"UOP01-DEL03-GO"
747181;2026-01-21;"quarta-feira";"18:00:00";"PR";476;92;"BOCAIUVA DO SUL";"Ingestão de álcool pelo condutor";"Colisão lateral sentido oposto";"Com Vítimas Feridas";"Anoitecer";"Crescente";"Céu Claro";"Simples";"Curva";"Não";2;0;1;0;1;0;1;2;-25,1974606;-49,11394715;"SPRF-PR";"DEL01-PR";"UOP01-DEL01-PR"
747183;2026-01-21;"quarta-feira";"17:40:00";"RS";116;260;"CANOAS";"Ausência de reação do condutor";"Colisão com objeto";"Com Vítimas Feridas";"Pleno dia";"Decrescente";"Céu Claro";"Dupla";"Reta";"Sim";1;0;1;0;0;0;1;1;-29,88087531;-51,18033903;"SPRF-RS";"DEL01-RS";"UOP01-DEL01-RS"
747185;2026-01-21;"quarta-feira";"17:15:00";"MG";262;38,5;"MANHUACU";"Acessar a via sem observar a presença dos outros veículos";"Colisão frontal";"Com Vítimas Feridas";"Pleno dia";"Crescente";"Chuva";"Simples";"Declive;Reta";"Não";2;0;0;1;1;0;1;2;-20,274266;-42,050471;"SPRF-MG";"DEL06-MG";"UOP03-DEL06-MG"
747186;2026-01-21;"quarta-feira";"16:50:00";"RJ";393;297;"BARRA MANSA";"Frear bruscamente";"Colisão traseira";"Sem Vítimas";"Pleno dia";"Decrescente";"Garoa/Chuvisco";"Simples";"Reta;Declive";"Sim";6;0;0;0;6;0;0;4;-22,54236717;-44,11363351;"SPRF-RJ";"DEL07-RJ";"UOP02-DEL07-RJ"
747187;2026-01-21;"quarta-feira";"19:30:00";"ES";101;15,7;"SERRA";"Acumulo de água sobre o pavimento";"Colisão com objeto";"Com Vítimas Feridas";"Plena Noite";"Crescente";"Chuva";"Dupla";"Curva";"Não";2;0;1;0;1;0;1;1;-20,18988833;-40,336165;"SPRF-ES";"DEL02-ES";"UOP01-DEL02-ES"
747188;2026-01-21;"quarta-feira";"18:50:00";"PI";343;304,6;"ALTOS";"Transitar no Acostamento";"Colisão lateral mesmo sentido";"Com Vítimas Feridas";"Plena Noite";"Crescente";"Chuva";"Simples";"Reta";"Sim";3;0;0;2;1;0;2;2;-5,03254;-42,441048;"SPRF-PI";"DEL01-PI";"UOP01-DEL01-PI"
747190;2026-01-21;"quarta-feira";"18:20:00";"SP";116;43,4;"CANAS";"Mal súbito do condutor";"Queda de ocupante de veículo";"Com Vítimas Feridas";"Anoitecer";"Crescente";"Chuva";"Dupla";"Ponte;Aclive";"Não";1;0;0;1;0;0;1;1;-22,698752;-45,032382;"SPRF-SP";"DEL08-SP";"UOP02-DEL08-SP"
747191;2026-01-21;"quarta-feira";"17:00:00";"SP";381;49;"ATIBAIA";"Manobra de mudança de faixa";"Colisão lateral mesmo sentido";"Com Vítimas Feridas";"Pleno dia";"Decrescente";"Céu Claro";"Dupla";"Reta";"Sim";2;0;1;0;1;0;1;2;-23,1712359;-46,56673193;"SPRF-SP";"DEL03-SP";"UOP01-DEL03-SP"
747193;2026-01-21;"quarta-feira";"19:10:00";"RN";101;71;"EXTREMOZ";"Acumulo de areia ou detritos sobre o pavimento";"Capotamento";"Sem Vítimas";"Plena Noite";"Crescente";"Céu Claro";"Simples";"Curva";"Não";5;0;0;0;4;1;0;3;-5,69067;-35,26325;"SPRF-RN";"DEL02-RN";"UOP01-DEL02-RN"
747195;2026-01-21;"quarta-feira";"18:20:00";"PR";277;715,7;"SANTA TEREZINHA DE ITAIPU";"Reação tardia ou ineficiente do condutor";"Colisão traseira";"Com Vítimas Feridas";"Anoitecer";"Decrescente";"Céu Claro";"Dupla";"Reta";"Não";3;0;1;1;1;0;2;2;-25,46560307;-54,45029911;"SPRF-PR";"DEL05-PR";"UOP01-DEL05-PR"
747196;2026-01-21;"quarta-feira";"15:45:00";"MG";365;415,4;"PATOS DE MINAS";"Chuva";"Saída de leito carroçável";"Com Vítimas Feridas";"Pleno dia";"Crescente";"Chuva";"Simples";"Curva;Declive";"Não";2;0;1;0;1;0;1;1;-18,677463;-46,549533;"SPRF-MG";"DEL10-MG";"UOP01-DEL10-MG"
747198;2026-01-21;"quarta-feira";"19:40:00";"SP";101;47,9;"UBATUBA";"Condutor deixou de manter distância do veículo da frente";"Colisão traseira";"Com Vítimas Feridas";"Plena Noite";"Crescente";"Nublado";"Simples";"Rotatória";"Não";5;0;1;0;4;0;1;2;-23,43420819;-45,08621089;"SPRF-SP";"DEL06-SP";"UOP01-DEL06-SP"
747199;2026-01-21;"quarta-feira";"16:09:00";"RJ";40;30,2;"AREAL";"Ausência de reação do condutor";"Saída de leito carroçável";"Com Vítimas Feridas";"Pleno dia";"Decrescente";"Chuva";"Dupla";"Curva";"Não";3;0;3;0;0;0;3;1;-22,19901187;-43,15870536;"SPRF-RJ";"DEL05-RJ";"UOP02-DEL05-RJ"
747200;2026-01-21;"quarta-feira";"20:40:00";"MG";40;498,5;"ESMERALDAS";"Ausência de reação do condutor";"Colisão com objeto";"Com Vítimas Feridas";"Plena Noite";"Crescente";"Chuva";"Dupla";"Retorno Regulamentado";"Não";1;0;1;0;0;0;1;1;-19,6867112;-44,1806066;"SPRF-MG";"DEL02-MG";"UOP01-DEL02-MG"
747204;2026-01-21;"quarta-feira";"16:50:00";"SC";282;601;"CUNHA PORA";"Ausência de reação do condutor";"Saída de leito carroçável";"Com Vítimas Feridas";"Pleno dia";"Crescente";"Céu Claro";"Simples";"Reta;Declive";"Não";1;0;0;1;0;0;1;1;-26,806556;-53,175906;"SPRF-SC";"DEL07-SC";"UOP02-DEL07-SC"
747205;2026-01-21;"quarta-feira";"19:05:00";"MA";230;1;"BARAO DE GRAJAU";"Transitar na contramão";"Colisão transversal";"Com Vítimas Feridas";"Plena Noite";"Crescente";"Chuva";"Simples";"Reta";"Sim";2;0;1;1;0;0;2;2;-6,755488;-43,021445;"SPRF-PI";"DEL03-PI";"UOP01-DEL03-PI"
747207;2026-01-21;"quarta-feira";"16:45:00";"MA";222;679,5;"ACAILANDIA";"Velocidade Incompatível";"Colisão transversal";"Com Vítimas Feridas";"Pleno dia";"Decrescente";"Sol";"Simples";"Reta";"Sim";3;0;0;1;2;0;1;3;-4,956263;-47,496567;"SPRF-MA";"DEL04-MA";"UOP03-DEL04-MA"
747208;2026-01-21;"quarta-feira";"20:15:00";"PR";376;212;"MANDAGUARI";"Demais falhas na via";"Tombamento";"Com Vítimas Feridas";"Plena Noite";"Crescente";"Céu Claro";"Simples";"Reta";"Não";2;0;2;0;0;0;2;1;-23,5636168;-51,6583403;"SPRF-PR";"DEL09-PR";"UOP01-DEL09-PR"
747209;2026-01-21;"quarta-feira";"15:38:00";"BA";101;378;"GANDU";"Condutor deixou de manter distância do veículo da frente";"Colisão traseira";"Com Vítimas Feridas";"Pleno dia";"Crescente";"Céu Claro";"Simples";"Reta;Declive";"Não";7;0;1;0;6;0;1;2;-13,84029;-39,49623;"SPRF-BA";"DEL05-BA";"UOP03-DEL05-BA"
747211;2026-01-21;"quarta-feira";"21:00:00";"TO";153;558;"OLIVEIRA DE FATIMA";"Ingestão de álcool pelo condutor";"Saída de leito carroçável";"Com Vítimas Feridas";"Plena Noite";"Crescente";"Nublado";"Simples";"Reta";"Não";1;0;0;1;0;0;1;1;-10,72353;-48,904514;"SPRF-TO";"DEL01-TO";"UOP01-DEL01-TO"
747212;2026-01-21;"quarta-feira";"21:10:00";"PI";343;345,5;"TERESINA";"Acessar a via sem observar a presença dos outros veículos";"Colisão transversal";"Com Vítimas Feridas";"Plena Noite";"Crescente";"Céu Claro";"Simples";"Reta";"Sim";2;0;0;1;1;0;1;2;-5,10761603;-42,76878744;"SPRF-PI";"DEL01-PI";"UOP01-DEL01-PI"
747216;2026-01-21;"quarta-feira";"22:15:00";"MG";251;474,2;"FRANCISCO SA";"Demais falhas mecânicas ou elétricas";"Tombamento";"Com Vítimas Fatais";"Plena Noite";"Crescente";"Céu Claro";"Simples";"Curva;Declive";"Não";49;5;40;3;1;0;43;1;-16,46756;-43,43992;"SPRF-MG";"DEL12-MG";"UOP01-DEL12-MG"
747217;2026-01-21;"quarta-feira";"20:20:00";"SC";163;74,2;"SAO MIGUEL DO OESTE";"Ausência de sinalização";"Saída de leito carroçável";"Com Vítimas Feridas";"Plena Noite";"Decrescente";"Céu Claro";"Simples";"Reta";"Não";1;0;1;0;0;0;1;1;-26,70130552;-53,51365177;"SPRF-SC";"DEL07-SC";"UOP03-DEL07-SC"
747218;2026-01-21;"quarta-feira";"21:14:00";"PR";277;0;"CURITIBA";"Pedestre andava na pista";"Atropelamento de Pedestre";"Com Vítimas Fatais";"Plena Noite";"Decrescente";"Nublado";"Dupla";"Reta;Aclive";"Sim";3;1;0;0;0;2;0;2;-25,43191944;-49,36525226;"SPRF-PR";"DEL01-PR";"UOP06-DEL01-PR"
747219;2026-01-21;"quarta-feira";"21:25:00";"GO";153;432,8;"ANAPOLIS";"Acumulo de água sobre o pavimento";"Colisão com objeto";"Com Vítimas Feridas";"Plena Noite";"Crescente";"Chuva";"Dupla";"Curva;Aclive";"Sim";1;0;1;0;0;0;1;1;-16,282558;-48,956798;"SPRF-GO";"DEL02-GO";"UOP01-DEL02-GO"
747220;2026-01-21;"quarta-feira";"22:10:00";"PR";277;656,7;"MATELANDIA";"Condutor deixou de manter distância do veículo da frente";"Queda de ocupante de veículo";"Com Vítimas Feridas";"Plena Noite";"Crescente";"Céu Claro";"Simples";"Declive;Curva";"Não";1;0;1;0;0;0;1;1;-25,22992348;-53,95187728;"SPRF-PR";"DEL05-PR";"UOP02-DEL05-PR"
747221;2026-01-21;"quarta-feira";"23:00:00";"GO";153;506,7;"APARECIDA DE GOIANIA";"Pista esburacada";"Colisão com objeto";"Com Vítimas Feridas";"Plena Noite";"Crescente";"Chuva";"Múltipla";"Declive;Reta";"Sim";1;0;1;0;0;0;1;1;-16,75153236;-49,24142444;"SPRF-GO";"DEL01-GO";"UOP01-DEL01-GO"
747228;2026-01-21;"quarta-feira";"23:45:00";"PR";116;18;"CURITIBA";"Condutor desrespeitou a iluminação vermelha do semáforo";"Colisão transversal";"Sem Vítimas";"Pleno dia";"Crescente";"Céu Claro";"Dupla";"Reta";"Sim";3;0;0;0;2;1;0;3;-25,38886186;-49,20194563;"SPRF-PR";"DEL01-PR";"UOP02-DEL01-PR"
747233;2026-01-22;"quinta-feira";"04:45:00";"SC";101;211,6;"PALHOCA";"Trafegar com motocicleta (ou similar) entre as faixas";"Tombamento";"Com Vítimas Feridas";"Plena Noite";"Decrescente";"Céu Claro";"Múltipla";"Reta;Em Obras";"Sim";1;0;1;0;0;0;1;1;-27,62664479;-48,65552482;"SPRF-SC";"DEL01-SC";"UOP02-DEL01-SC"
747236;2026-01-22;"quinta-feira";"03:58:00";"SC";470;91,9;"APIUNA";"Retorno proibido";"Colisão transversal";"Com Vítimas Fatais";"Plena Noite";"Decrescente";"Céu Claro";"Simples";"Reta";"Sim";3;1;0;0;2;0;0;2;-26,98703;-49,37359;"SPRF-SC";"DEL04-SC";"UOP01-DEL04-SC"
747237;2026-01-22;"quinta-feira";"05:30:00";"SC";282;80,5;"RANCHO QUEIMADO";"Condutor Dormindo";"Colisão frontal";"Com Vítimas Feridas";"Amanhecer";"Crescente";"Nublado";"Simples";"Reta";"Não";9;0;4;0;5;0;4;3;-27,66124;-49,16465;"SPRF-SC";"DEL01-SC";"UOP03-DEL01-SC"
747238;2026-01-22;"quinta-feira";"04:00:00";"SC";116;55;"PAPANDUVA";"Reação tardia ou ineficiente do condutor";"Queda de ocupante de veículo";"Com Vítimas Feridas";"Plena Noite";"Decrescente";"Nublado";"Simples";"Curva;Declive";"Não";1;0;0;1;0;0;1;1;-26,391187;-50,180484;"SPRF-SC";"DEL06-SC";"UOP02-DEL06-SC"
747239;2026-01-22;"quinta-feira";"05:45:00";"PB";101;85,8;"BAYEUX";"Manobra de mudança de faixa";"Colisão transversal";"Com Vítimas Fatais";"Pleno dia";"Crescente";"Nublado";"Dupla";"Reta";"Sim";2;1;0;0;1;0;0;2;-7,1502144;-34,9109037;"SPRF-PB";"DEL01-PB";"UOP01-DEL01-PB"
747240;2026-01-21;"quarta-feira";"22:25:00";"MT";364;498,8;"JANGADA";"Reação tardia ou ineficiente do condutor";"Saída de leito carroçável";"Sem Vítimas";"Plena Noite";"Crescente";"Céu Claro";"Simples";"Reta";"Sim";1;0;0;0;1;0;0;1;-15,19545167;-56,51216984;"SPRF-MT";"DEL01-MT";"UOP01-DEL01-MT"
747241;2026-01-22;"quinta-feira";"06:20:00";"PB";230;22;"JOAO PESSOA";"Condutor deixou de manter distância do veículo da frente";"Colisão lateral mesmo sentido";"Com Vítimas Feridas";"Pleno dia";"Decrescente";"Nublado";"Múltipla";"Reta";"Sim";1;0;1;0;0;0;1;1;-7,15150112;-34,85332042;"SPRF-PB";"DEL01-PB";"UOP01-DEL01-PB"
747242;2026-01-22;"quinta-feira";"07:10:00";"PE";101;71;"RECIFE";"Acostamento em desnível";"Tombamento";"Com Vítimas Feridas";"Pleno dia";"Crescente";"Céu Claro";"Dupla";"Reta";"Sim";2;0;1;1;0;0;2;1;-8,07907;-34,94295;"SPRF-PE";"DEL01-PE";"UOP01-DEL01-PE"
747243;2026-01-21;"quarta-feira";"22:00:00";"MG";40;498;"MATOZINHOS";"Chuva";"Saída de leito carroçável";"Sem Vítimas";"Plena Noite";"Crescente";"Chuva";"Dupla";"Reta";"Não";1;0;0;0;0;1;0;1;-19,65779314;-44,19792362;"SPRF-MG";"DEL02-MG";"UOP01-DEL02-MG"
747248;2026-01-22;"quinta-feira";"07:28:00";"PE";101;68;"RECIFE";"Frear bruscamente";"Queda de ocupante de veículo";"Com Vítimas Feridas";"Pleno dia";"Crescente";"Céu Claro";"Dupla";"Aclive;Reta;Viaduto";"Sim";2;0;2;0;0;0;2;1;-8,051771;-34,946159;"SPRF-PE";"DEL01-PE";"UOP01-DEL01-PE"
747250;2026-01-22;"quinta-feira";"07:30:00";"RJ";393;235;"VASSOURAS";"Acessar a via sem observar a presença dos outros veículos";"Colisão transversal";"Com Vítimas Feridas";"Pleno dia";"Decrescente";"Nublado";"Simples";"Reta";"Sim";2;0;0;1;1;0;1;2;-22,418217;-43,682375;"SPRF-RJ";"DEL05-RJ";"UOP03-DEL05-RJ"
747254;2026-01-22;"quinta-feira";"07:50:00";"SC";282;4;"FLORIANOPOLIS";"Manobra de mudança de faixa";"Colisão traseira";"Com Vítimas Feridas";"Pleno dia";"Decrescente";"Céu Claro";"Múltipla";"Reta";"Sim";2;0;1;0;1;0;1;2;-27,59248;-48,60446;"SPRF-SC";"DEL01-SC";"UOP01-DEL01-SC"
747255;2026-01-22;"quinta-feira";"08:00:00";"SP";116;222;"GUARULHOS";"Reação tardia ou ineficiente do condutor";"Colisão lateral mesmo sentido";"Com Vítimas Feridas";"Pleno dia";"Crescente";"Nublado";"Múltipla";"Reta";"Não";2;0;1;0;1;0;1;2;-23,471826;-46,518969;"SPRF-SP";"DEL01-SP";"UOP01-DEL01-SP"
747258;2026-01-22;"quinta-feira";"08:38:00";"SP";381;69;"MAIRIPORA";"Reação tardia ou ineficiente do condutor";"Queda de ocupante de veículo";"Com Vítimas Feridas";"Pleno dia";"Decrescente";"Céu Claro";"Dupla";"Curva;Declive";"Não";2;0;1;0;1;0;1;1;-23,34993823;-46,55979557;"SPRF-SP";"DEL03-SP";"UOP01-DEL03-SP"
747259;2026-01-21;"quarta-feira";"10:00:00";"RJ";40;78;"PETROPOLIS";"Pista Escorregadia";"Colisão com objeto";"Com Vítimas Feridas";"Pleno dia";"Crescente";"Chuva";"Dupla";"Curva";"Não";3;0;3;0;0;0;3;1;-22,52864002;-43,22290352;"SPRF-RJ";"DEL01-RJ";"UOP01-DEL01-RJ"
747260;2026-01-22;"quinta-feira";"08:51:00";"SP";153;61,8;"SAO JOSE DO RIO PRETO";"Reação tardia ou ineficiente do condutor";"Colisão traseira";"Com Vítimas Feridas";"Pleno dia";"Crescente";"Nublado";"Dupla";"Reta";"Sim";2;0;0;1;0;1;1;2;-20,811197;-49,356732;"SPRF-SP";"DEL09-SP";"UOP01-DEL09-SP"
747261;2026-01-21;"quarta-feira";"19:00:00";"RJ";493;57;"DUQUE DE CAXIAS";"Ausência de reação do condutor";"Capotamento";"Com Vítimas Feridas";"Pleno dia";"Crescente";"Céu Claro";"Dupla";"Reta";"Não";1;0;1;0;0;0;1;1;-22,666308;-43,3714253;"SPRF-RJ";"DEL01-RJ";"UOP03-DEL01-RJ"
747263;2026-01-22;"quinta-feira";"08:55:00";"RS";471;660;"SANTA VITORIA DO PALMAR";"Acessar a via sem observar a presença dos outros veículos";"Atropelamento de Pedestre";"Com Vítimas Feridas";"Pleno dia";"Decrescente";"Céu Claro";"Simples";"Reta;Interseção de Vias";"Sim";4;0;0;1;2;1;1;3;-33,53434781;-53,34857941;"SPRF-RS";"DEL07-RS";"UOP04-DEL07-RS"
747264;2026-01-13;"terça-feira";"21:10:00";"PE";101;77;"JABOATAO DOS GUARARAPES";"Animais na Pista";"Atropelamento de Animal";"Com Vítimas Feridas";"Plena Noite";"Decrescente";"Céu Claro";"Dupla";"Reta";"Não";2;0;0;1;1;0;1;1;-8,13971839;-34,94664907;"SPRF-PE";"DEL01-PE";"UOP01-DEL01-PE"
747265;2026-01-22;"quinta-feira";"08:45:00";"SP";116;217;"GUARULHOS";"Reação tardia ou ineficiente do condutor";"Colisão traseira";"Com Vítimas Feridas";"Amanhecer";"Crescente";"Nublado";"Múltipla";"Declive";"Sim";2;0;2;0;0;0;2;1;-23,45601154;-46,4759415;"SPRF-SP";"DEL01-SP";"UOP01-DEL01-SP"
747266;2026-01-22;"quinta-feira";"07:10:00";"RO";364;11,6;"VILHENA";"Desrespeitar a preferência no cruzamento";"Colisão transversal";"Com Vítimas Feridas";"Pleno dia";"Decrescente";"Nublado";"Múltipla";"Rotatória";"Sim";2;0;2;0;0;0;2;2;-12,74559765;-60,11502811;"SPRF-RO";"DEL04-RO";"UOP01-DEL04-RO"
747268;2026-01-22;"quinta-feira";"08:30:00";"PR";116;59;"CAMPINA GRANDE DO SUL";"Reação tardia ou ineficiente do condutor";"Saída de leito carroçável";"Com Vítimas Feridas";"Pleno dia";"Crescente";"Garoa/Chuvisco";"Dupla";"Curva;Declive";"Não";1;0;1;0;0;0;1;1;-25,3036001;-48,94415466;"SPRF-PR";"DEL01-PR";"UOP02-DEL01-PR"
747271;2026-01-22;"quinta-feira";"08:45:00";"PR";277;592;"CASCAVEL";"Ausência de reação do condutor";"Queda de ocupante de veículo";"Com Vítimas Feridas";"Pleno dia";"Decrescente";"Céu Claro";"Simples";"Viaduto;Reta";"Não";1;0;1;0;0;0;1;1;-24,979959;-53,453104;"SPRF-PR";"DEL04-PR";"UOP01-DEL04-PR"
747272;2026-01-22;"quinta-feira";"03:30:00";"PA";316;165;"SANTA LUZIA DO PARA";"Reação tardia ou ineficiente do condutor";"Queda de ocupante de veículo";"Com Vítimas Feridas";"Plena Noite";"Decrescente";"Ignorado";"Simples";"Reta";"Não";3;0;0;2;1;0;2;2;-1,31862;-47,082735;"SPRF-PA";"DEL01-PA";"UOP03-DEL01-PA"
747273;2026-01-11;"domingo";"17:20:00";"BA";324;606;"SIMOES FILHO";"Condutor deixou de manter distância do veículo da frente";"Colisão traseira";"Com Vítimas Feridas";"Pleno dia";"Crescente";"Céu Claro";"Dupla";"Reta";"Não";9;0;5;0;4;0;5;5;-12,811219;-38,404902;"SPRF-BA";"DEL01-BA";"UOP01-DEL01-BA"
747274;2026-01-22;"quinta-feira";"09:10:00";"RS";470;228;"GARIBALDI";"Acessar a via sem observar a presença dos outros veículos";"Colisão transversal";"Com Vítimas Feridas";"Pleno dia";"Crescente";"Céu Claro";"Simples";"Reta;Retorno Regulamentado";"Não";2;0;1;0;1;0;1;2;-29,25249853;-51,53200977;"SPRF-RS";"DEL06-RS";"UOP01-DEL06-RS"
747275;2026-01-22;"quinta-feira";"09:20:00";"MG";40;469;"SETE LAGOAS";"Chuva";"Tombamento";"Com Vítimas Feridas";"Pleno dia";"Decrescente";"Chuva";"Dupla";"Reta;Aclive";"Não";1;0;1;0;0;0;1;1;-19,46129835;-44,30085182;"SPRF-MG";"DEL02-MG";"UOP01-DEL02-MG"
747278;2026-01-22;"quinta-feira";"10:15:00";"RS";116;613;"ARROIO GRANDE";"Ultrapassagem Indevida";"Queda de ocupante de veículo";"Com Vítimas Feridas";"Pleno dia";"Decrescente";"Céu Claro";"Simples";"Ponte;Reta";"Não";1;0;1;0;0;0;1;1;-32,25568573;-53,08126895;"SPRF-RS";"DEL07-RS";"UOP03-DEL07-RS"
747281;2026-01-22;"quinta-feira";"09:45:00";"GO";60;94,5;"ANAPOLIS";"Ingestão de álcool pelo condutor";"Colisão traseira";"Com Vítimas Feridas";"Pleno dia";"Crescente";"Chuva";"Dupla";"Interseção de Vias;Reta";"Sim";2;0;1;0;1;0;1;2;-16,361;-48,93269;"SPRF-GO";"DEL02-GO";"UOP01-DEL02-GO"
747283;2026-01-22;"quinta-feira";"09:15:00";"RN";304;40;"MOSSORO";"Manobra de mudança de faixa";"Colisão traseira";"Com Vítimas Feridas";"Pleno dia";"Decrescente";"Céu Claro";"Dupla";"Reta";"Sim";2;0;1;0;1;0;1;2;-5,20371009;-37,37648517;"SPRF-RN";"DEL04-RN";"UOP01-DEL04-RN"
747284;2026-01-22;"quinta-feira";"08:45:00";"MG";381;705;"NEPOMUCENO";"Ausência de reação do condutor";"Colisão com objeto";"Sem Vítimas";"Pleno dia";"Crescente";"Chuva";"Dupla";"Declive;Curva";"Não";2;0;0;0;2;0;0;1;-21,34965018;-45,17946289;"SPRF-MG";"DEL04-MG";"UOP02-DEL04-MG"
747285;2026-01-22;"quinta-feira";"11:00:00";"RS";116;303;"GUAIBA";"Ausência de reação do condutor";"Saída de leito carroçável";"Sem Vítimas";"Pleno dia";"Crescente";"Céu Claro";"Dupla";"Em Obras;Reta";"Não";1;0;0;0;1;0;0;1;-30,1424653;-51,3606164;"SPRF-RS";"DEL02-RS";"UOP01-DEL02-RS"