"id";"data_inversa";"dia_semana";"horario";"uf";"br";"km";"municipio";"causa_acidente";"tipo_acidente";"classificacao_acidente";"fase_dia";"sentido_via";"condicao_metereologica";"tipo_pista";"tracado_via";"uso_solo";"pessoas";"mortos";"feridos_leves";"feridos_graves";"ilesos";"ignorados";"feridos";"veiculos";"latitude";"longitude";"regional";"delegacia";"uop"
747286;2026-01-22;"quinta-feira";"10:45:00";"RJ";116;187;"NOVA IGUACU";"Trafegar com motocicleta (ou similar) entre as faixas";"Queda de ocupante de veículo";"Com Vítimas Feridas";"Pleno dia";"Decrescente";"Nublado";"Dupla";"Reta";"Sim";1;0;0;1;0;0;1;1;-22,73943676;-43,46796513;"SPRF-RJ";"DEL06-RJ";"UOP01-DEL06-RJ"
747288;2026-01-22;"quinta-feira";"09:50:00";"SC";101;146,8;"ITAPEMA";"Condutor deixou de manter distância do veículo da frente";"Colisão traseira";"Com Vítimas Feridas";"Pleno dia";"Decrescente";"Sol";"Dupla";"Aclive;Reta";"Não";2;0;1;0;1;0;1;2;-27,087513;-48,61078;"SPRF-SC";"DEL04-SC";"UOP03-DEL04-SC"
747289;2026-01-22;"quinta-feira";"10:20:00";"BA";116;13;"VITORIA DA CONQUISTA";"Transitar no Acostamento";"Colisão frontal";"Com Vítimas Feridas";"Pleno dia";"Crescente";"Céu Claro";"Simples";"Reta";"Sim";3;0;1;2;0;0;3;2;-14,87930838;-40,87091306;"SPRF-BA";"DEL08-BA";"UOP01-DEL08-BA"
747293;2026-01-22;"quinta-feira";"11:20:00";"MG";381;479,4;"CONTAGEM";"Ausência de reação do condutor";"Tombamento";"Com Vítimas Feridas";"Pleno dia";"Crescente";"Chuva";"Dupla";"Curva";"Sim";1;0;1;0;0;0;1;1;-19,96412919;-44,04609768;"SPRF-MG";"DEL01-MG";"UOP03-DEL01-MG"
747297;2026-01-22;"quinta-feira";"07:30:00";"BA";407;13;"JUAZEIRO";"Reação tardia ou ineficiente do condutor";"Atropelamento de Pedestre";"Com Vítimas Fatais";"Pleno dia";"Decrescente";"Céu Claro";"Simples";"Reta";"Não";2;1;0;0;0;1;0;2;-9,515045;-40,458365;"SPRF-BA";"DEL04-BA";"UOP01-DEL04-BA"
747300;2026-01-22;"quinta-feira";"11:45:00";"ES";101;204;"JOAO NEIVA";"Acesso irregular";"Colisão transversal";"Com Vítimas Feridas";"Pleno dia";"Crescente";"Nublado";"Múltipla";"Reta";"Sim";3;0;1;0;2;0;1;2;-19,75565833;-40,37958167;"SPRF-ES";"DEL02-ES";"UOP01-DEL02-ES"
747301;2026-01-22;"quinta-feira";"10:00:00";"RS";472;492;"ITAQUI";"Reação tardia ou ineficiente do condutor";"Saída de leito carroçável";"Com Vítimas Feridas";"Pleno dia";"Decrescente";"Céu Claro";"Simples";"Reta";"Sim";1;0;1;0;0;0;1;1;-29,190616;-56,535489;"SPRF-RS";"DEL13-RS";"UOP01-DEL13-RS"
747302;2026-01-22;"quinta-feira";"11:40:00";"PE";101;50;"ABREU E LIMA";"Ausência de reação do condutor";"Colisão transversal";"Com Vítimas Feridas";"Pleno dia";"Decrescente";"Céu Claro";"Múltipla";"Retorno Regulamentado";"Sim";3;0;3;0;0;0;3;2;-7,90472036;-34,91674805;"SPRF-PE";"DEL01-PE";"UOP02-DEL01-PE"
747303;2026-01-22;"quinta-feira";"11:10:00";"MG";116;178,7;"PADRE PARAISO";"Velocidade Incompatível";"Atropelamento de Pedestre";"Com Vítimas Feridas";"Pleno dia";"Decrescente";"Nublado";"Simples";"Declive;Curva";"Sim";2;0;0;1;1;0;1;2;-17,073788;-41,486405;"SPRF-MG";"DEL11-MG";"UOP02-DEL11-MG"
747304;2026-01-22;"quinta-feira";"12:00:00";"SE";235;3,6;"NOSSA SENHORA DO SOCORRO";"Demais falhas mecânicas ou elétricas";"Incêndio";"Sem Vítimas";"Pleno dia";"Crescente";"Céu Claro";"Dupla";"Reta";"Sim";2;0;0;0;2;0;0;1;-10,90553;-37,107325;"SPRF-SE";"DEL01-SE";"UOP01-DEL01-SE"
747305;2026-01-22;"quinta-feira";"09:25:00";"PB";101;3;"MATARACA";"Acumulo de água sobre o pavimento";"Colisão com objeto";"Com Vítimas Feridas";"Pleno dia";"Decrescente";"Chuva";"Dupla";"Reta";"Não";3;0;3;0;0;0;3;1;-6,54029;-35,11699;"SPRF-PB";"DEL01-PB";"UOP03-DEL01-PB"
747309;2026-01-22;"quinta-feira";"11:40:00";"RS";386;35,8;"FREDERICO WESTPHALEN";"Acessar a via sem observar a presença dos outros veículos";"Colisão transversal";"Com Vítimas Feridas";"Pleno dia";"Decrescente";"Céu Claro";"Simples";"Declive;Reta";"Sim";2;0;0;1;1;0;1;2;-27,37419768;-53,39764691;"SPRF-RS";"DEL08-RS";"UOP02-DEL08-RS"
747311;2026-01-22;"quinta-feira";"12:35:00";"RS";472;175,2;"SANTA ROSA";"Acessar a via sem observar a presença dos outros veículos";"Colisão transversal";"Com Vítimas Feridas";"Pleno dia";"Crescente";"Céu Claro";"Simples";"Interseção de Vias;Reta";"Sim";5;0;3;2;0;0;5;2;-27,854335;-54,515589;"SPRF-RS";"DEL10-RS";"UOP01-DEL10-RS"
747314;2026-01-22;"quinta-feira";"12:15:00";"SC";280;230,7;"CANOINHAS";"Acessar a via sem observar a presença dos outros veículos";"Colisão transversal";"Com Vítimas Feridas";"Pleno dia";"Decrescente";"Céu Claro";"Simples";"Reta;Aclive";"Sim";2;0;1;0;1;0;1;2;-26,188995;-50,36877;"SPRF-SC";"DEL06-SC";"UOP04-DEL06-SC"
747320;2026-01-22;"quinta-feira";"09:30:00";"RJ";101;190;"CASIMIRO DE ABREU";"Ultrapassagem Indevida";"Saída de leito carroçável";"Com Vítimas Feridas";"Pleno dia";"Decrescente";"Chuva";"Simples";"Curva";"Não";3;0;2;1;0;0;3;1;-22,46;-42,06;"SPRF-RJ";"DEL08-RJ";"UOP04-DEL08-RJ"
747322;2026-01-22;"quinta-feira";"12:45:00";"MG";381;628;"OLIVEIRA";"Chuva";"Saída de leito carroçável";"Com Vítimas Feridas";"Pleno dia";"Decrescente";"Chuva";"Dupla";"Curva";"Não";1;0;1;0;0;0;1;1;-20,83221404;-44,8235009;"SPRF-MG";"DEL04-MG";"UOP01-DEL04-MG"
747324;2026-01-22;"quinta-feira";"13:05:00";"SC";101;333,7;"TUBARAO";"Desrespeitar a preferência no cruzamento";"Colisão transversal";"Com Vítimas Feridas";"Pleno dia";"Crescente";"Garoa/Chuvisco";"Múltipla";"Reta";"Sim";2;0;1;0;1;0;1;2;-28,46970989;-49,01504159;"SPRF-SC";"DEL02-SC";"UOP01-DEL02-SC"
747326;2026-01-22;"quinta-feira";"06:15:00";"RJ";101;287;"ITABORAI";"Reação tardia ou ineficiente do condutor";"Colisão lateral mesmo sentido";"Com Vítimas Feridas";"Amanhecer";"Crescente";"Nublado";"Dupla";"Reta";"Não";1;0;1;0;0;0;1;1;-22,7556847;-42,8369891;"SPRF-RJ";"DEL02-RJ";"UOP02-DEL02-RJ"
747327;2026-01-22;"quinta-feira";"13:45:00";"PR";277;16;"PARANAGUA";"Reação tardia ou ineficiente do condutor";"Saída de leito carroçável";"Com Vítimas Feridas";"Pleno dia";"Crescente";"Céu Claro";"Dupla";"Reta";"Não";1;0;1;0;0;0;1;1;-25,54811;-48,676172;"SPRF-PR";"DEL01-PR";"UOP05-DEL01-PR"
747328;2026-01-22;"quinta-feira";"13:30:00";"BA";101;856,9;"TEIXEIRA DE FREITAS";"Acostamento em desnível";"Saída de leito carroçável";"Com Vítimas Feridas";"Pleno dia";"Crescente";"Céu Claro";"Simples";"Reta";"Não";2;0;2;0;0;0;2;1;-17,37865;-39,658807;"SPRF-BA";"DEL09-BA";"UOP02-DEL09-BA"
747331;2026-01-22;"quinta-feira";"13:50:00";"PE";101;70,4;"RECIFE";"Manobra de mudança de faixa";"Colisão lateral mesmo sentido";"Com Vítimas Feridas";"Pleno dia";"Decrescente";"Nublado";"Dupla";"Reta";"Sim";3;0;3;0;0;0;3;2;-8,07125;-34,94242;"SPRF-PE";"DEL01-PE";"UOP01-DEL01-PE"
747332;2026-01-22;"quinta-feira";"12:00:00";"BA";407;219;"QUIXABEIRA";"Avarias e/ou desgaste excessivo no pneu";"Saída de leito carroçável";"Com Vítimas Feridas";"Pleno dia";"Crescente";"Céu Claro";"Simples";"Reta";"Não";4;0;3;1;0;0;4;1;-11,264421;-40,023285;"SPRF-BA";"DEL04-BA";"UOP02-DEL04-BA"
747333;2026-01-22;"quinta-feira";"14:10:00";"MG";153;24;"CENTRALINA";"Condutor Dormindo";"Saída de leito carroçável";"Com Vítimas Feridas";"Pleno dia";"Decrescente";"Chuva";"Dupla";"Aclive;Reta";"Não";1;0;1;0;0;0;1;1;-18,6328064;-49,1827725;"SPRF-MG";"DEL15-MG";"UOP03-DEL15-MG"
747336;2026-01-22;"quinta-feira";"13:45:00";"SC";101;38;"JOINVILLE";"Manobra de mudança de faixa";"Colisão lateral mesmo sentido";"Com Vítimas Feridas";"Pleno dia";"Decrescente";"Chuva";"Dupla";"Reta";"Sim";3;0;2;0;1;0;2;2;-26,29325058;-48,88452228;"SPRF-SC";"DEL03-SC";"UOP01-DEL03-SC"
747337;2026-01-22;"quinta-feira";"15:05:00";"RS";116;265;"CANOAS";"Sinalização encoberta";"Colisão lateral mesmo sentido";"Com Vítimas Feridas";"Pleno dia";"Decrescente";"Céu Claro";"Dupla";"Reta";"Sim";3;0;1;0;2;0;1;2;-29,92559103;-51,17773567;"SPRF-RS";"DEL01-RS";"UOP01-DEL01-RS"
747341;2026-01-22;"quinta-feira";"14:20:00";"PE";232;414;"SERRA TALHADA";"Reação tardia ou ineficiente do condutor";"Saída de leito carroçável";"Com Vítimas Feridas";"Pleno dia";"Decrescente";"Céu Claro";"Simples";"Reta";"Não";2;0;2;0;0;0;2;1;-7,995532;-38,343992;"SPRF-PE";"DEL04-PE";"UOP01-DEL04-PE"
747344;2026-01-22;"quinta-feira";"15:10:00";"PI";343;341,4;"TERESINA";"Acumulo de areia ou detritos sobre o pavimento";"Tombamento";"Com Vítimas Feridas";"Pleno dia";"Crescente";"Sol";"Múltipla";"Reta";"Sim";2;0;1;0;1;0;1;1;-5,07740127;-42,74606824;"SPRF-PI";"DEL01-PI";"UOP01-DEL01-PI"
747346;2026-01-22;"quinta-feira";"13:50:00";"RS";116;250;"SAO LEOPOLDO";"Reação tardia ou ineficiente do condutor";"Colisão transversal";"Com Vítimas Feridas";"Pleno dia";"Decrescente";"Céu Claro";"Múltipla";"Reta";"Sim";4;0;1;0;3;0;1;4;-29,78899396;-51,16360752;"SPRF-RS";"DEL01-RS";"UOP02-DEL01-RS"
747347;2026-01-22;"quinta-feira";"15:15:00";"PE";101;45,1;"IGARASSU";"Manobra de mudança de faixa";"Colisão lateral mesmo sentido";"Sem Vítimas";"Pleno dia";"Crescente";"Céu Claro";"Múltipla";"Reta";"Sim";2;0;0;0;2;0;0;2;-7,867068;-34,906938;"SPRF-PE";"DEL01-PE";"UOP02-DEL01-PE"
747350;2026-01-22;"quinta-feira";"15:00:00";"RJ";40;108;"DUQUE DE CAXIAS";"Acumulo de óleo sobre o pavimento";"Queda de ocupante de veículo";"Com Vítimas Feridas";"Pleno dia";"Decrescente";"Nublado";"Dupla";"Curva";"Não";1;0;1;0;0;0;1;1;-22,67248339;-43,28517894;"SPRF-RJ";"DEL01-RJ";"UOP02-DEL01-RJ"
747352;2026-01-22;"quinta-feira";"15:50:00";"PB";230;21;"JOAO PESSOA";"Ausência de reação do condutor";"Colisão traseira";"Sem Vítimas";"Pleno dia";"Crescente";"Céu Claro";"Dupla";"Reta";"Sim";2;0;0;0;2;0;0;2;-7,15338707;-34,854918;"SPRF-PB";"DEL01-PB";"UOP01-DEL01-PB"
747353;2026-01-22;"quinta-feira";"15:40:00";"RS";116;236;"NOVO HAMBURGO";"Ultrapassagem Indevida";"Colisão lateral mesmo sentido";"Com Vítimas Feridas";"Pleno dia";"Decrescente";"Céu Claro";"Múltipla";"Declive;Viaduto;Reta";"Sim";4;0;2;0;1;1;2;3;-29,66774135;-51,14322351;"SPRF-RS";"DEL01-RS";"UOP02-DEL01-RS"
747354;2026-01-22;"quinta-feira";"15:30:00";"RJ";40;97;"PETROPOLIS";"Pista Escorregadia";"Tombamento";"Com Vítimas Feridas";"Pleno dia";"Crescente";"Garoa/Chuvisco";"Simples";"Curva";"Não";2;0;1;0;1;0;1;1;-22,57001877;-43,2516654;"SPRF-RJ";"DEL01-RJ";"UOP01-DEL01-RJ"
747358;2026-01-22;"quinta-feira";"16:00:00";"BA";324;517;"FEIRA DE SANTANA";"Ultrapassagem Indevida";"Colisão transversal";"Com Vítimas Feridas";"Pleno dia";"Crescente";"Sol";"Simples";"Reta";"Sim";3;0;1;0;2;0;1;2;-12,25757;-38,93228;"SPRF-BA";"DEL02-BA";"UOP01-DEL02-BA"
747360;2026-01-22;"quinta-feira";"16:25:00";"SC";282;530;"CORDILHEIRA ALTA";"Acessar a via sem observar a presença dos outros veículos";"Colisão transversal";"Com Vítimas Feridas";"Pleno dia";"Decrescente";"Céu Claro";"Simples";"Aclive;Curva;Interseção de Vias";"Sim";4;0;1;0;3;0;1;2;-26,98669661;-52,60542202;"SPRF-SC";"DEL07-SC";"UOP01-DEL07-SC"
747361;2026-01-22;"quinta-feira";"16:40:00";"PR";277;112;"CAMPO LARGO";"Ausência de reação do condutor";"Tombamento";"Com Vítimas Feridas";"Pleno dia";"Crescente";"Céu Claro";"Dupla";"Reta;Declive";"Sim";1;0;1;0;0;0;1;1;-25,44329838;-49,45993273;"SPRF-PR";"DEL03-PR";"UOP03-DEL03-PR"
747363;2026-01-22;"quinta-feira";"16:00:00";"PR";376;604,5;"CURITIBA";"Condutor deixou de manter distância do veículo da frente";"Colisão traseira";"Com Vítimas Feridas";"Pleno dia";"Crescente";"Céu Claro";"Dupla";"Reta";"Não";2;0;1;0;1;0;1;2;-25,53854813;-49,31311481;"SPRF-PR";"DEL01-PR";"UOP03-DEL01-PR"
747364;2026-01-22;"quinta-feira";"17:10:00";"SC";101;148,6;"ITAPEMA";"Reação tardia ou ineficiente do condutor";"Atropelamento de Pedestre";"Com Vítimas Feridas";"Pleno dia";"Crescente";"Céu Claro";"Simples";"Curva;Interseção de Vias";"Sim";4;0;2;1;1;0;3;2;-27,106548;-48,614939;"SPRF-SC";"DEL04-SC";"UOP03-DEL04-SC"
747365;2026-01-22;"quinta-feira";"15:42:00";"MT";163;821;"SINOP";"Reação tardia ou ineficiente do condutor";"Saída de leito carroçável";"Com Vítimas Feridas";"Pleno dia";"Crescente";"Nublado";"Dupla";"Reta;Em Obras";"Sim";1;0;1;0;0;0;1;1;-11,98685;-55,51757;"SPRF-MT";"DEL06-MT";"UOP02-DEL06-MT"
747367;2026-01-22;"quinta-feira";"17:40:00";"PE";316;87,6;"OURICURI";"Ausência de reação do condutor";"Colisão traseira";"Sem Vítimas";"Pleno dia";"Crescente";"Céu Claro";"Simples";"Reta";"Não";3;0;0;0;3;0;0;3;-7,895313;-40,049542;"SPRF-PE";"DEL05-PE";"UOP02-DEL05-PE"
747368;2026-01-22;"quinta-feira";"17:35:00";"RN";101;78,3;"NATAL";"Transitar na contramão";"Colisão transversal";"Com Vítimas Feridas";"Pleno dia";"Decrescente";"Nublado";"Simples";"Reta";"Sim";2;0;1;0;1;0;1;2;-5,7424;-35,289908;"SPRF-RN";"DEL02-RN";"UOP01-DEL02-RN"
747369;2026-01-10;"sábado";"11:30:00";"CE";222;48;"SAO GONCALO DO AMARANTE";"Acessar a via sem observar a presença dos outros veículos";"Colisão transversal";"Com Vítimas Feridas";"Pleno dia";"Crescente";"Céu Claro";"Simples";"Curva";"Não";2;0;1;0;1;0;1;2;-3,667372;-38,981986;"SPRF-CE";"DEL01-CE";"UOP03-DEL01-CE"
747371;2026-01-22;"quinta-feira";"17:10:00";"GO";153;433;"ANAPOLIS";"Animais na Pista";"Atropelamento de Animal";"Com Vítimas Feridas";"Pleno dia";"Decrescente";"Garoa/Chuvisco";"Dupla";"Reta";"Sim";1;0;0;1;0;0;1;1;-16,28377338;-48,95254109;"SPRF-GO";"DEL02-GO";"UOP01-DEL02-GO"
747372;2026-01-22;"quinta-feira";"18:15:00";"RS";153;49,7;"ERECHIM";"Ausência de reação do condutor";"Colisão traseira";"Com Vítimas Feridas";"Pleno dia";"Crescente";"Sol";"Simples";"Reta";"Sim";3;0;0;2;1;0;2;2;-27,65539296;-52,26791739;"SPRF-RS";"DEL08-RS";"UOP04-DEL08-RS"
747373;2026-01-22;"quinta-feira";"17:03:00";"SC";101;119,6;"ITAJAI";"Manobra de mudança de faixa";"Colisão lateral mesmo sentido";"Com Vítimas Feridas";"Pleno dia";"Decrescente";"Céu Claro";"Dupla";"Interseção de Vias;Reta";"Não";2;0;1;0;1;0;1;2;-26,91045152;-48,71282132;"SPRF-SC";"DEL04-SC";"UOP04-DEL04-SC"
747374;2026-01-22;"quinta-feira";"18:00:00";"SC";470;146;"RIO DO SUL";"Acessar a via sem observar a presença dos outros veículos";"Colisão transversal";"Com Vítimas Feridas";"Anoitecer";"Decrescente";"Céu Claro";"Simples";"Curva";"Sim";3;0;2;0;1;0;2;2;-27,17208971;-49,58133044;"SPRF-SC";"DEL04-SC";"UOP02-DEL04-SC"
747377;2026-01-22;"quinta-feira";"17:20:00";"SC";101;36;"JOINVILLE";"Demais falhas mecânicas ou elétricas";"Tombamento";"Com Vítimas Feridas";"Pleno dia";"Crescente";"Nublado";"Dupla";"Reta";"Sim";1;0;1;0;0;0;1;1;-26,27515528;-48,89353149;"SPRF-SC";"DEL03-SC";"UOP01-DEL03-SC"
747378;2026-01-22;"quinta-feira";"18:20:00";"SP";116;216;"GUARULHOS";"Trafegar com motocicleta (ou similar) entre as faixas";"Colisão lateral mesmo sentido";"Com Vítimas Feridas";"Anoitecer";"Decrescente";"Nublado";"Dupla";"Reta";"Sim";2;0;1;0;1;0;1;2;-23,45151109;-46,4652249;"SPRF-SP";"DEL01-SP";"UOP01-DEL01-SP"
747380;2026-01-22;"quinta-feira";"17:10:00";"RJ";465;2;"SEROPEDICA";"Acessar a via sem observar a presença dos outros veículos";"Colisão transversal";"Com Vítimas Feridas";"Pleno dia";"Crescente";"Nublado";"Simples";"Reta";"Não";2;0;1;0;1;0;1;2;-22,72552381;-43,72077942;"SPRF-RJ";"DEL06-RJ";"UOP02-DEL06-RJ"
747381;2026-01-22;"quinta-feira";"15:45:00";"GO";60;41;"ALEXANIA";"Chuva";"Saída de leito carroçável";"Com Vítimas Feridas";"Pleno dia";"Decrescente";"Chuva";"Dupla";"Curva;Declive";"Não";4;0;3;0;1;0;3;1;-16,110421;-48,574573;"SPRF-DF";"DEL03-DF";"UOP01-DEL03-DF"
747382;2026-01-22;"quinta-feira";"18:30:00";"PR";376;149;"PRESIDENTE CASTELO BRANCO";"Frear bruscamente";"Engavetamento";"Com Vítimas Feridas";"Pleno dia";"Decrescente";"Céu Claro";"Dupla";"Reta";"Não";3;0;1;0;2;0;1;3;-23,29198522;-52,12857588;"SPRF-PR";"DEL09-PR";"UOP02-DEL09-PR"
747383;2026-01-22;"quinta-feira";"18:30:00";"ES";101;94,2;"JAGUARE";"Condutor deixou de manter distância do veículo da frente";"Colisão traseira";"Com Vítimas Feridas";"Anoitecer";"Decrescente";"Nublado";"Simples";"Aclive;Reta";"Sim";2;0;1;0;1;0;1;2;-18,93333314;-39,97293647;"SPRF-ES";"DEL04-ES";"UOP02-DEL04-ES"
747384;2026-01-22;"quinta-feira";"18:20:00";"ES";101;296;"CARIACICA";"Manobra de mudança de faixa";"Colisão lateral mesmo sentido";"Com Vítimas Feridas";"Plena Noite";"Crescente";"Chuva";"Múltipla";"Viaduto;Interseção de Vias;Retorno Regulamentado;Reta";"Sim";2;0;1;0;1;0;1;2;-20,3394535;-40,40404483;"SPRF-ES";"DEL01-ES";"UOP01-DEL01-ES"
747387;2026-01-22;"quinta-feira";"18:00:00";"PI";343;348,3;"TERESINA";"Conversão proibida";"Colisão transversal";"Com Vítimas Feridas";"Amanhecer";"Decrescente";"Céu Claro";"Dupla";"Rotatória";"Sim";2;0;0;1;1;0;1;2;-5,12008318;-42,78921515;"SPRF-PI";"DEL01-PI";"UOP01-DEL01-PI"
747389;2026-01-22;"quinta-feira";"18:35:00";"PR";376;185,6;"SARANDI";"Acessar a via sem observar a presença dos outros veículos";"Colisão lateral mesmo sentido";"Com Vítimas Feridas";"Anoitecer";"Crescente";"Céu Claro";"Dupla";"Interseção de Vias;Reta";"Sim";2;0;1;0;1;0;1;2;-23,451465;-51,853925;"SPRF-PR";"DEL09-PR";"UOP01-DEL09-PR"
747390;2026-01-22;"quinta-feira";"19:09:00";"PE";101;42,9;"IGARASSU";"Desrespeitar a preferência no cruzamento";"Colisão transversal";"Sem Vítimas";"Plena Noite";"Decrescente";"Céu Claro";"Múltipla";"Reta;Interseção de Vias";"Sim";2;0;0;0;2;0;0;2;-7,84494;-34,910664;"SPRF-PE";"DEL01-PE";"UOP02-DEL01-PE"
747392;2026-01-22;"quinta-feira";"19:30:00";"RN";110;36,5;"MOSSORO";"Animais na Pista";"Atropelamento de Animal";"Com Vítimas Feridas";"Plena Noite";"Crescente";"Céu Claro";"Simples";"Reta;Ponte";"Não";1;0;0;1;0;0;1;1;-5,168787;-37,238832;"SPRF-RN";"DEL04-RN";"UOP01-DEL04-RN"
747393;2026-01-22;"quinta-feira";"19:35:00";"SC";280;29;"ARAQUARI";"Acessar a via sem observar a presença dos outros veículos";"Colisão transversal";"Com Vítimas Feridas";"Plena Noite";"Crescente";"Céu Claro";"Simples";"Reta";"Sim";2;0;0;1;1;0;1;2;-26,40857848;-48,7502167;"SPRF-SC";"DEL03-SC";"UOP03-DEL03-SC"
747395;2026-01-22;"quinta-feira";"19:20:00";"SP";116;222;"GUARULHOS";"Ausência de reação do condutor";"Tombamento";"Com Vítimas Feridas";"Plena Noite";"Decrescente";"Nublado";"Múltipla";"Reta";"Sim";1;0;1;0;0;0;1;1;-23,47547365;-46,52474849;"SPRF-SP";"DEL01-SP";"UOP01-DEL01-SP"
747396;2026-01-22;"quinta-feira";"19:20:00";"MG";381;449,8;"BELO HORIZONTE";"Condutor deixou de manter distância do veículo da frente";"Colisão traseira";"Com Vítimas Feridas";"Plena Noite";"Crescente";"Chuva";"Dupla";"Aclive;Reta";"Sim";3;0;2;0;1;0;2;2;-19,847295;-43,88687;"SPRF-MG";"DEL01-MG";"UOP01-DEL01-MG"
747397;2026-01-22;"quinta-feira";"18:45:00";"BA";101;781,1;"PORTO SEGURO";"Velocidade Incompatível";"Colisão transversal";"Com Vítimas Fatais";"Plena Noite";"Decrescente";"Nublado";"Simples";"Reta";"Não";2;1;0;0;1;0;0;2;-16,82322;-39,480393;"SPRF-BA";"DEL09-BA";"UOP01-DEL09-BA"
747398;2026-01-22;"quinta-feira";"17:45:00";"MG";381;932,5;"EXTREMA";"Reação tardia ou ineficiente do condutor";"Saída de leito carroçável";"Sem Vítimas";"Anoitecer";"Crescente";"Chuva";"Dupla";"Curva";"Não";3;0;0;0;3;0;0;1;-22,788342;-46,244301;"SPRF-MG";"DEL16-MG";"UOP03-DEL16-MG"
747399;2026-01-22;"quinta-feira";"15:15:00";"MG";40;38,3;"PARACATU";"Manobra de mudança de faixa";"Colisão frontal";"Com Vítimas Fatais";"Pleno dia";"Decrescente";"Chuva";"Simples";"Reta;Declive";"Sim";5;2;3;0;0;0;3;2;-17,210758;-46,896708;"SPRF-MG";"DEL14-MG";"UOP01-DEL14-MG"
747400;2026-01-22;"quinta-feira";"21:07:00";"PE";101;69;"RECIFE";"Ausência de reação do condutor";"Colisão lateral mesmo sentido";"Com Vítimas Feridas";"Plena Noite";"Crescente";"Céu Claro";"Dupla";"Reta";"Não";2;0;1;0;1;0;1;2;-8,06523;-34,94389;"SPRF-PE";"DEL01-PE";"UOP01-DEL01-PE"
747403;2026-01-22;"quinta-feira";"20:10:00";"BA";418;83;"NOVA VICOSA";"Pista esburacada";"Capotamento";"Com Vítimas Feridas";"Plena Noite";"Decrescente";"Nublado";"Simples";"Reta";"Não";1;0;1;0;0;0;1;1;-17,89383648;-39,81213284;"SPRF-BA";"DEL09-BA";"UOP02-DEL09-BA"
747404;2026-01-22;"quinta-feira";"18:30:00";"AL";316;226;"ATALAIA";"Velocidade Incompatível";"Colisão lateral sentido oposto";"Com Vítimas Fatais";"Plena Noite";"Crescente";"Céu Claro";"Simples";"Reta";"Não";7;1;0;1;0;5;1;3;-9,492595;-36,142168;"SPRF-AL";"DEL01-AL";"UOP01-DEL01-AL"
747405;2026-01-22;"quinta-feira";"21:35:00";"PE";101;69,1;"RECIFE";"Condutor Dormindo";"Saída de leito carroçável";"Sem Vítimas";"Plena Noite";"Decrescente";"Nublado";"Dupla";"Reta";"Sim";1;0;0;0;1;0;0;1;-8,0609;-34,94554;"SPRF-PE";"DEL01-PE";"UOP01-DEL01-PE"
747407;2026-01-22;"quinta-feira";"20:24:00";"MA";135;70;"SANTA RITA";"Ausência de reação do condutor";"Colisão traseira";"Sem Vítimas";"Plena Noite";"Crescente";"Céu Claro";"Dupla";"Reta";"Sim";2;0;0;0;1;1;0;2;-3,13998532;-44,32544086;"SPRF-MA";"DEL01-MA";"UOP02-DEL01-MA"
747408;2026-01-22;"quinta-feira";"21:30:00";"MG";381;646,3;"SANTO ANTONIO DO AMPARO";"Velocidade Incompatível";"Colisão traseira";"Sem Vítimas";"Plena Noite";"Crescente";"Chuva";"Dupla";"Curva";"Não";2;0;0;0;2;0;0;2;-20,94613008;-44,8816824;"SPRF-MG";"DEL04-MG";"UOP02-DEL04-MG"
747412;2026-01-22;"quinta-feira";"18:00:00";"PR";116;11;"COLOMBO";"Ausência de reação do condutor";"Tombamento";"Com Vítimas Feridas";"Pleno dia";"Crescente";"Céu Claro";"Dupla";"Declive;Reta";"Não";1;0;1;0;0;0;1;1;-25,371753;-49,132867;"SPRF-PR";"DEL01-PR";"UOP02-DEL01-PR"
747413;2026-01-22;"quinta-feira";"15:15:00";"MA";0;0;"ACAILANDIA";"Desrespeitar a preferência no cruzamento";"Colisão transversal";"Com Vítimas Feridas";"Pleno dia";"Não Informado";"Céu Claro";"Simples";"Interseção de Vias";"Sim";4;0;1;0;3;0;1;2;-4,689075;-46,985763;"SPRF-MA";"DEL04-MA";"UOP03-DEL04-MA"
747415;2026-01-22;"quinta-feira";"22:40:00";"MG";40;502;"ESMERALDAS";"Chuva";"Saída de leito carroçável";"Com Vítimas Feridas";"Plena Noite";"Crescente";"Chuva";"Dupla";"Aclive";"Não";1;0;1;0;0;0;1;1;-19,715517;-44,160167;"SPRF-MG";"DEL02-MG";"UOP01-DEL02-MG"
747416;2026-01-22;"quinta-feira";"22:15:00";"SC";280;128,6;"RIO NEGRINHO";"Ingestão de álcool pelo condutor";"Colisão transversal";"Com Vítimas Feridas";"Plena Noite";"Decrescente";"Céu Claro";"Simples";"Aclive;Reta";"Sim";3;0;1;0;2;0;1;3;-26,24505;-49,51915;"SPRF-SC";"DEL06-SC";"UOP03-DEL06-SC"