"id";"data_inversa";"dia_semana";"horario";"uf";"br";"km";"municipio";"causa_acidente";"tipo_acidente";"classificacao_acidente";"fase_dia";"sentido_via";"condicao_metereologica";"tipo_pista";"tracado_via";"uso_solo";"pessoas";"mortos";"feridos_leves";"feridos_graves";"ilesos";"ignorados";"feridos";"veiculos";"latitude";"longitude";"regional";"delegacia";"uop"
747417;2026-01-22;"quinta-feira";"22:30:00";"RJ";101;565;"PARATY";"Condutor deixou de manter distância do veículo da frente";"Colisão traseira";"Com Vítimas Feridas";"Plena Noite";"Decrescente";"Chuva";"Simples";"Reta";"Sim";2;0;1;0;1;0;1;2;-23,1542501;-44,69993591;"SPRF-RJ";"DEL03-RJ";"UOP04-DEL03-RJ"
747419;2026-01-22;"quinta-feira";"23:00:00";"PI";316;3;"TERESINA";"Reação tardia ou ineficiente do condutor";"Colisão traseira";"Com Vítimas Fatais";"Pleno dia";"Decrescente";"Céu Claro";"Múltipla";"Reta";"Sim";2;1;0;0;0;1;0;2;-5,130823;-42,791965;"SPRF-PI";"DEL01-PI";"UOP02-DEL01-PI"
747420;2026-01-22;"quinta-feira";"19:20:00";"BA";324;616;"SALVADOR";"Acessar a via sem observar a presença dos outros veículos";"Colisão traseira";"Com Vítimas Feridas";"Plena Noite";"Decrescente";"Céu Claro";"Dupla";"Interseção de Vias;Reta";"Sim";3;0;2;0;0;1;2;2;-12,8868456;-38,4390216;"SPRF-BA";"DEL01-BA";"UOP01-DEL01-BA"
747421;2026-01-22;"quinta-feira";"19:30:00";"GO";60;280;"JANDAIA";"Velocidade Incompatível";"Saída de leito carroçável";"Com Vítimas Feridas";"Anoitecer";"Crescente";"Nublado";"Dupla";"Curva";"Não";1;0;1;0;0;0;1;1;-17,252313;-50,220593;"SPRF-GO";"DEL04-GO";"UOP02-DEL04-GO"
747422;2026-01-22;"quinta-feira";"22:40:00";"GO";60;99;"ANAPOLIS";"Avarias e/ou desgaste excessivo no pneu";"Queda de ocupante de veículo";"Com Vítimas Feridas";"Plena Noite";"Crescente";"Garoa/Chuvisco";"Dupla";"Reta";"Sim";1;0;1;0;0;0;1;1;-16,38817;-48,9565;"SPRF-GO";"DEL02-GO";"UOP01-DEL02-GO"
747427;2026-01-23;"sexta-feira";"00:05:00";"SC";101;197;"BIGUACU";"Ingestão de álcool pelo condutor";"Saída de leito carroçável";"Sem Vítimas";"Plena Noite";"Crescente";"Céu Claro";"Dupla";"Reta";"Sim";1;0;0;0;1;0;0;1;-27,51473;-48,63985;"SPRF-SC";"DEL01-SC";"UOP01-DEL01-SC"
747428;2026-01-23;"sexta-feira";"00:19:00";"SC";101;102,2;"BALNEARIO PICARRAS";"Reação tardia ou ineficiente do condutor";"Colisão traseira";"Com Vítimas Feridas";"Plena Noite";"Decrescente";"Nublado";"Dupla";"Reta";"Sim";2;0;1;0;1;0;1;2;-26,77734236;-48,685166;"SPRF-SC";"DEL03-SC";"UOP02-DEL03-SC"
747430;2026-01-23;"sexta-feira";"00:05:00";"RS";293;2,8;"PELOTAS";"Ausência de reação do condutor";"Colisão transversal";"Com Vítimas Feridas";"Plena Noite";"Crescente";"Céu Claro";"Simples";"Rotatória";"Sim";2;0;1;0;1;0;1;2;-31,74140222;-52,3639497;"SPRF-RS";"DEL07-RS";"UOP01-DEL07-RS"
747432;2026-01-23;"sexta-feira";"00:25:00";"MG";381;929,9;"ITAPEVA";"Chuva";"Colisão com objeto";"Com Vítimas Feridas";"Plena Noite";"Crescente";"Garoa/Chuvisco";"Dupla";"Curva;Declive";"Não";6;0;1;2;2;1;3;2;-22,774866;-46,238681;"SPRF-MG";"DEL16-MG";"UOP03-DEL16-MG"
747433;2026-01-23;"sexta-feira";"00:10:00";"MG";262;758;"UBERABA";"Ausência de reação do condutor";"Saída de leito carroçável";"Sem Vítimas";"Plena Noite";"Crescente";"Garoa/Chuvisco";"Simples";"Reta";"Não";1;0;0;0;1;0;0;1;-19,68599;-47,67814;"SPRF-MG";"DEL13-MG";"UOP01-DEL13-MG"
747435;2026-01-23;"sexta-feira";"00:15:00";"PI";343;339,7;"TERESINA";"Avarias e/ou desgaste excessivo no pneu";"Colisão com objeto";"Com Vítimas Feridas";"Plena Noite";"Decrescente";"Chuva";"Dupla";"Curva";"Sim";2;0;0;1;1;0;1;1;-5,07257063;-42,73471925;"SPRF-PI";"DEL01-PI";"UOP01-DEL01-PI"
747436;2026-01-23;"sexta-feira";"02:01:00";"GO";50;273;"CATALAO";"Ausência de reação do condutor";"Saída de leito carroçável";"Com Vítimas Feridas";"Plena Noite";"Decrescente";"Garoa/Chuvisco";"Dupla";"Reta";"Sim";4;0;0;2;2;0;2;1;-18,133158;-47,904921;"SPRF-GO";"DEL06-GO";"UOP01-DEL06-GO"
747437;2026-01-23;"sexta-feira";"03:30:00";"BA";101;178;"SAO GONCALO DOS CAMPOS";"Animais na Pista";"Atropelamento de Animal";"Com Vítimas Feridas";"Plena Noite";"Decrescente";"Céu Claro";"Simples";"Reta";"Não";1;0;1;0;0;0;1;1;-12,4643586;-38,9346773;"SPRF-BA";"DEL01-BA";"UOP03-DEL01-BA"
747441;2026-01-23;"sexta-feira";"03:46:00";"MS";163;300;"DOURADINA";"Demais falhas mecânicas ou elétricas";"Incêndio";"Sem Vítimas";"Plena Noite";"Crescente";"Céu Claro";"Simples";"Reta";"Não";1;0;0;0;0;1;0;1;-21,930609;-54,534265;"SPRF-MS";"DEL02-MS";"UOP02-DEL02-MS"
747442;2026-01-23;"sexta-feira";"04:15:00";"RS";290;74,7;"GRAVATAI";"Reação tardia ou ineficiente do condutor";"Saída de leito carroçável";"Sem Vítimas";"Plena Noite";"Decrescente";"Céu Claro";"Múltipla";"Curva";"Não";1;0;0;0;0;1;0;1;-29,9549428;-51,00216525;"SPRF-RS";"DEL01-RS";"UOP01-DEL01-RS"
747443;2026-01-23;"sexta-feira";"04:55:00";"ES";101;245,8;"SERRA";"Demais falhas na via";"Queda de ocupante de veículo";"Com Vítimas Feridas";"Amanhecer";"Crescente";"Nublado";"Dupla";"Aclive;Reta;Em Obras";"Não";2;0;1;0;1;0;1;1;-20,062596;-40,376681;"SPRF-ES";"DEL02-ES";"UOP01-DEL02-ES"
747445;2026-01-23;"sexta-feira";"00:20:00";"SP";116;227;"GUARULHOS";"Reação tardia ou ineficiente do condutor";"Colisão com objeto";"Com Vítimas Feridas";"Plena Noite";"Crescente";"Céu Claro";"Dupla";"Declive";"Não";1;0;1;0;0;0;1;1;-23,49642;-46,558232;"SPRF-SP";"DEL01-SP";"UOP01-DEL01-SP"
747446;2026-01-23;"sexta-feira";"02:45:00";"SP";116;212;"GUARULHOS";"Ausência de reação do condutor";"Queda de ocupante de veículo";"Com Vítimas Feridas";"Plena Noite";"Decrescente";"Céu Claro";"Múltipla";"Reta";"Não";3;0;2;0;0;1;2;2;-23,43726807;-46,4310658;"SPRF-SP";"DEL01-SP";"UOP01-DEL01-SP"
747450;2026-01-23;"sexta-feira";"06:20:00";"PR";277;584;"CASCAVEL";"Desrespeitar a preferência no cruzamento";"Colisão transversal";"Com Vítimas Feridas";"Amanhecer";"Crescente";"Céu Claro";"Simples";"Interseção de Vias";"Sim";2;0;2;0;0;0;2;2;-24,9774431;-53,3837544;"SPRF-PR";"DEL04-PR";"UOP01-DEL04-PR"
747454;2026-01-23;"sexta-feira";"06:50:00";"SP";116;219;"GUARULHOS";"Reação tardia ou ineficiente do condutor";"Colisão com objeto";"Com Vítimas Feridas";"Amanhecer";"Decrescente";"Nublado";"Múltipla";"Reta";"Sim";1;0;1;0;0;0;1;1;-23,46379064;-46,49477958;"SPRF-SP";"DEL01-SP";"UOP01-DEL01-SP"
747456;2026-01-23;"sexta-feira";"06:00:00";"TO";242;260;"PEIXE";"Animais na Pista";"Atropelamento de Animal";"Com Vítimas Fatais";"Amanhecer";"Decrescente";"Nublado";"Simples";"Reta";"Não";2;2;0;0;0;0;0;1;-12,18646;-48,30196167;"SPRF-TO";"DEL01-TO";"UOP02-DEL01-TO"
747457;2026-01-23;"sexta-feira";"07:24:00";"SP";116;360;"MIRACATU";"Pista Escorregadia";"Tombamento";"Com Vítimas Feridas";"Pleno dia";"Crescente";"Nublado";"Dupla";"Reta;Declive;Viaduto";"Não";2;0;1;1;0;0;2;1;-24,12011832;-47,26850458;"SPRF-SP";"DEL04-SP";"UOP03-DEL04-SP"
747459;2026-01-23;"sexta-feira";"04:30:00";"PR";153;352;"REBOUCAS";"Ausência de reação do condutor";"Saída de leito carroçável";"Sem Vítimas";"Plena Noite";"Crescente";"Céu Claro";"Simples";"Reta";"Não";1;0;0;0;0;1;0;1;-25,62604977;-50,71967125;"SPRF-PR";"DEL08-PR";"UOP02-DEL08-PR"
747460;2026-01-23;"sexta-feira";"06:55:00";"BA";324;620,2;"SALVADOR";"Entrada inopinada do pedestre";"Queda de ocupante de veículo";"Com Vítimas Feridas";"Pleno dia";"Decrescente";"Sol";"Múltipla";"Reta";"Sim";2;0;1;0;1;0;1;1;-12,91626087;-38,4620297;"SPRF-BA";"DEL01-BA";"UOP01-DEL01-BA"
747461;2026-01-19;"segunda-feira";"03:03:00";"BA";324;606;"SIMOES FILHO";"Reação tardia ou ineficiente do condutor";"Colisão traseira";"Sem Vítimas";"Plena Noite";"Decrescente";"Céu Claro";"Dupla";"Declive;Reta";"Sim";2;0;0;0;2;0;0;2;-12,81465061;-38,40628052;"SPRF-BA";"DEL01-BA";"UOP01-DEL01-BA"
747462;2026-01-23;"sexta-feira";"07:30:00";"SC";282;1,6;"FLORIANOPOLIS";"Trafegar com motocicleta (ou similar) entre as faixas";"Colisão lateral mesmo sentido";"Com Vítimas Feridas";"Pleno dia";"Decrescente";"Céu Claro";"Múltipla";"Reta";"Sim";2;0;1;0;0;1;1;2;-27,60362718;-48,58640783;"SPRF-SC";"DEL01-SC";"UOP01-DEL01-SC"
747463;2026-01-23;"sexta-feira";"07:10:00";"SP";116;150,8;"SAO JOSE DOS CAMPOS";"Reação tardia ou ineficiente do condutor";"Colisão traseira";"Com Vítimas Feridas";"Pleno dia";"Crescente";"Nublado";"Múltipla";"Aclive;Reta";"Sim";2;0;1;0;1;0;1;2;-23,21455628;-45,89453506;"SPRF-SP";"DEL02-SP";"UOP01-DEL02-SP"
747466;2026-01-23;"sexta-feira";"08:00:00";"PR";369;165;"CAMBE";"Reação tardia ou ineficiente do condutor";"Colisão traseira";"Com Vítimas Feridas";"Pleno dia";"Crescente";"Céu Claro";"Dupla";"Reta";"Não";3;0;1;0;2;0;1;3;-23,29506;-51,302237;"SPRF-PR";"DEL07-PR";"UOP01-DEL07-PR"
747467;2026-01-23;"sexta-feira";"07:45:00";"PR";369;165,9;"CAMBE";"Reação tardia ou ineficiente do condutor";"Colisão lateral mesmo sentido";"Com Vítimas Feridas";"Pleno dia";"Crescente";"Céu Claro";"Dupla";"Aclive;Reta";"Sim";2;0;0;1;0;1;1;2;-23,295227;-51,303163;"SPRF-PR";"DEL07-PR";"UOP01-DEL07-PR"
747468;2026-01-23;"sexta-feira";"00:08:00";"PB";230;5;"CABEDELO";"Condutor deixou de manter distância do veículo da frente";"Colisão traseira";"Sem Vítimas";"Plena Noite";"Decrescente";"Céu Claro";"Dupla";"Declive;Reta";"Sim";2;0;0;0;1;1;0;2;-7,01590497;-34,83442502;"SPRF-PB";"DEL01-PB";"UOP01-DEL01-PB"
747469;2026-01-23;"sexta-feira";"07:15:00";"RS";392;8;"RIO GRANDE";"Retorno proibido";"Colisão traseira";"Com Vítimas Feridas";"Pleno dia";"Crescente";"Céu Claro";"Simples";"Reta";"Sim";2;0;0;1;1;0;1;2;-32,102233;-52,110591;"SPRF-RS";"DEL07-RS";"UOP02-DEL07-RS"
747470;2026-01-23;"sexta-feira";"07:40:00";"RS";153;49;"ERECHIM";"Ausência de reação do condutor";"Colisão traseira";"Com Vítimas Feridas";"Pleno dia";"Crescente";"Céu Claro";"Simples";"Curva;Declive";"Sim";2;0;1;0;1;0;1;2;-27,65350182;-52,26155519;"SPRF-RS";"DEL08-RS";"UOP04-DEL08-RS"
747471;2026-01-23;"sexta-feira";"08:20:00";"GO";153;437;"ANAPOLIS";"Pista esburacada";"Tombamento";"Com Vítimas Feridas";"Pleno dia";"Decrescente";"Garoa/Chuvisco";"Simples";"Desvio Temporário;Reta";"Sim";1;0;1;0;0;0;1;1;-16,299435;-48,92712;"SPRF-GO";"DEL02-GO";"UOP01-DEL02-GO"
747472;2026-01-23;"sexta-feira";"07:50:00";"MG";381;671,5;"PERDOES";"Velocidade Incompatível";"Saída de leito carroçável";"Com Vítimas Feridas";"Pleno dia";"Crescente";"Garoa/Chuvisco";"Dupla";"Curva;Declive";"Não";3;0;3;0;0;0;3;1;-21,06587929;-45,05263567;"SPRF-MG";"DEL04-MG";"UOP02-DEL04-MG"
747473;2026-01-23;"sexta-feira";"07:30:00";"SP";116;114;"TAUBATE";"Pista Escorregadia";"Queda de ocupante de veículo";"Com Vítimas Feridas";"Pleno dia";"Decrescente";"Garoa/Chuvisco";"Dupla";"Reta";"Sim";1;0;1;0;0;0;1;1;-23,0426689;-45,57490317;"SPRF-SP";"DEL02-SP";"UOP02-DEL02-SP"
747474;2026-01-23;"sexta-feira";"07:00:00";"MS";267;481;"JARDIM";"Reação tardia ou ineficiente do condutor";"Atropelamento de Pedestre";"Com Vítimas Feridas";"Pleno dia";"Decrescente";"Céu Claro";"Simples";"Interseção de Vias;Curva";"Sim";2;0;1;0;0;1;1;2;-21,481957;-56,141778;"SPRF-MS";"DEL05-MS";"UOP01-DEL05-MS"
747476;2026-01-23;"sexta-feira";"08:17:00";"PR";116;115;"CURITIBA";"Ultrapassagem Indevida";"Atropelamento de Pedestre";"Com Vítimas Feridas";"Pleno dia";"Decrescente";"Nublado";"Múltipla";"Reta";"Sim";4;0;0;1;3;0;1;2;-25,5489989;-49,3042789;"SPRF-PR";"DEL01-PR";"UOP03-DEL01-PR"
747478;2026-01-23;"sexta-feira";"08:15:00";"GO";153;491;"GOIANIA";"Reação tardia ou ineficiente do condutor";"Queda de ocupante de veículo";"Com Vítimas Feridas";"Pleno dia";"Crescente";"Chuva";"Dupla";"Reta";"Sim";1;0;1;0;0;0;1;1;-16,628377;-49,205704;"SPRF-GO";"DEL01-GO";"UOP01-DEL01-GO"
747480;2026-01-23;"sexta-feira";"07:30:00";"MT";364;253;"JUSCIMEIRA";"Acostamento em desnível";"Tombamento";"Com Vítimas Feridas";"Pleno dia";"Decrescente";"Céu Claro";"Dupla";"Reta";"Não";1;0;0;1;0;0;1;1;-16,09774968;-54,86614326;"SPRF-MT";"DEL02-MT";"UOP01-DEL02-MT"
747481;2026-01-23;"sexta-feira";"08:30:00";"PR";376;595;"CURITIBA";"Manobra de mudança de faixa";"Colisão lateral mesmo sentido";"Com Vítimas Feridas";"Pleno dia";"Decrescente";"Céu Claro";"Dupla";"Reta";"Sim";2;0;1;0;0;1;1;2;-25,4641176;-49,3572541;"SPRF-PR";"DEL01-PR";"UOP03-DEL01-PR"
747482;2026-01-23;"sexta-feira";"08:22:00";"PE";232;221,3;"PESQUEIRA";"Conversão proibida";"Colisão traseira";"Com Vítimas Fatais";"Pleno dia";"Crescente";"Céu Claro";"Simples";"Reta";"Não";5;1;0;1;3;0;1;2;-8,401721;-36,796044;"SPRF-PE";"DEL03-PE";"UOP02-DEL03-PE"
747484;2026-01-23;"sexta-feira";"08:10:00";"CE";304;13,4;"BEBERIBE";"Acessar a via sem observar a presença dos outros veículos";"Colisão traseira";"Com Vítimas Feridas";"Pleno dia";"Decrescente";"Céu Claro";"Dupla";"Reta";"Não";2;0;2;0;0;0;2;2;-4,587;-38,091;"SPRF-CE";"DEL03-CE";"UOP02-DEL03-CE"
747485;2026-01-23;"sexta-feira";"09:30:00";"SP";116;112;"TAUBATE";"Trafegar com motocicleta (ou similar) entre as faixas";"Colisão traseira";"Com Vítimas Feridas";"Pleno dia";"Decrescente";"Nublado";"Dupla";"Reta";"Sim";2;0;1;0;1;0;1;2;-23,04264989;-45,57597637;"SPRF-SP";"DEL02-SP";"UOP02-DEL02-SP"
747486;2026-01-23;"sexta-feira";"08:30:00";"MG";251;495,9;"FRANCISCO SA";"Velocidade Incompatível";"Saída de leito carroçável";"Com Vítimas Feridas";"Pleno dia";"Crescente";"Céu Claro";"Simples";"Declive;Reta";"Não";2;0;2;0;0;0;2;1;-16,60113988;-43,58843923;"SPRF-MG";"DEL12-MG";"UOP01-DEL12-MG"
747487;2026-01-18;"domingo";"10:30:00";"SC";101;121,6;"ITAJAI";"Reação tardia ou ineficiente do condutor";"Engavetamento";"Com Vítimas Feridas";"Pleno dia";"Decrescente";"Céu Claro";"Dupla";"Reta";"Não";16;0;9;1;5;1;10;8;-26,923863;-48,707134;"SPRF-SC";"DEL04-SC";"UOP04-DEL04-SC"
747488;2026-01-23;"sexta-feira";"07:40:00";"SC";153;104,1;"CONCORDIA";"Velocidade Incompatível";"Saída de leito carroçável";"Com Vítimas Feridas";"Pleno dia";"Decrescente";"Céu Claro";"Simples";"Reta";"Não";1;0;1;0;0;0;1;1;-27,28241687;-51,96916454;"SPRF-SC";"DEL07-SC";"UOP04-DEL07-SC"
747489;2026-01-23;"sexta-feira";"06:28:00";"MT";163;779;"SORRISO";"Ausência de reação do condutor";"Saída de leito carroçável";"Com Vítimas Feridas";"Pleno dia";"Crescente";"Céu Claro";"Dupla";"Reta";"Não";1;0;0;1;0;0;1;1;-12,65731071;-55,79000283;"SPRF-MT";"DEL06-MT";"UOP02-DEL06-MT"
747492;2026-01-23;"sexta-feira";"10:55:00";"RS";392;55,9;"RIO GRANDE";"Demais falhas mecânicas ou elétricas";"Tombamento";"Com Vítimas Feridas";"Pleno dia";"Crescente";"Céu Claro";"Dupla";"Reta";"Não";2;0;2;0;0;0;2;1;-31,8520383;-52,3265848;"SPRF-RS";"DEL07-RS";"UOP02-DEL07-RS"
747495;2026-01-23;"sexta-feira";"08:25:00";"RO";364;529,6;"ARIQUEMES";"Animais na Pista";"Atropelamento de Animal";"Sem Vítimas";"Pleno dia";"Decrescente";"Nublado";"Simples";"Aclive;Reta";"Não";1;0;0;0;1;0;0;1;-9,800898;-63,085192;"SPRF-RO";"DEL03-RO";"UOP01-DEL03-RO"
747496;2026-01-23;"sexta-feira";"11:28:00";"PI";343;340,4;"TERESINA";"Acumulo de água sobre o pavimento";"Tombamento";"Com Vítimas Feridas";"Pleno dia";"Crescente";"Chuva";"Dupla";"Reta";"Sim";1;0;1;0;0;0;1;1;-5,07618;-42,739694;"SPRF-PI";"DEL01-PI";"UOP01-DEL01-PI"
747497;2026-01-23;"sexta-feira";"10:00:00";"MG";365;423;"PATOS DE MINAS";"Acumulo de água sobre o pavimento";"Saída de leito carroçável";"Com Vítimas Feridas";"Pleno dia";"Decrescente";"Chuva";"Simples";"Curva";"Não";2;0;1;0;1;0;1;1;-18,71742;-46,61195;"SPRF-MG";"DEL10-MG";"UOP01-DEL10-MG"
747500;2026-01-23;"sexta-feira";"10:40:00";"SP";0;0;"APARECIDA";"Manobra de mudança de faixa";"Colisão frontal";"Com Vítimas Feridas";"Pleno dia";"Não Informado";"Nublado";"Simples";"Curva;Aclive";"Sim";2;0;1;0;1;0;1;2;-22,87019465;-45,2578032;"SPRF-SP";"DEL08-SP";"N/A"
747503;2026-01-23;"sexta-feira";"11:10:00";"BA";110;361;"CATU";"Ausência de reação do condutor";"Colisão traseira";"Com Vítimas Feridas";"Pleno dia";"Decrescente";"Céu Claro";"Simples";"Reta";"Sim";3;0;1;0;2;0;1;2;-12,31137536;-38,3744545;"SPRF-BA";"DEL01-BA";"UOP04-DEL01-BA"
747504;2026-01-23;"sexta-feira";"12:00:00";"SC";101;106,1;"PENHA";"Ausência de reação do condutor";"Colisão lateral mesmo sentido";"Com Vítimas Feridas";"Pleno dia";"Crescente";"Céu Claro";"Dupla";"Reta";"Não";2;0;1;0;1;0;1;2;-26,80895617;-48,6823496;"SPRF-SC";"DEL03-SC";"UOP02-DEL03-SC"
747505;2026-01-23;"sexta-feira";"12:15:00";"SC";282;128;"BOM RETIRO";"Ingestão de álcool pelo condutor";"Saída de leito carroçável";"Com Vítimas Feridas";"Pleno dia";"Decrescente";"Céu Claro";"Simples";"Curva";"Não";1;0;1;0;0;0;1;1;-27,803262;-49,492016;"SPRF-SC";"DEL05-SC";"UOP01-DEL05-SC"
747508;2026-01-23;"sexta-feira";"12:00:00";"PR";163;339,2;"GUAIRA";"Ultrapassagem Indevida";"Colisão frontal";"Com Vítimas Fatais";"Pleno dia";"Crescente";"Céu Claro";"Simples";"Curva;Aclive";"Não";7;2;0;4;0;1;4;3;-24,14863327;-54,23830032;"SPRF-PR";"DEL06-PR";"UOP01-DEL06-PR"
747511;2026-01-09;"sexta-feira";"20:20:00";"SC";101;120;"ITAJAI";"Manobra de mudança de faixa";"Colisão lateral mesmo sentido";"Com Vítimas Feridas";"Plena Noite";"Crescente";"Céu Claro";"Dupla";"Reta";"Sim";2;0;1;0;1;0;1;2;-26,92275337;-48,70784509;"SPRF-SC";"DEL04-SC";"UOP04-DEL04-SC"
747512;2026-01-23;"sexta-feira";"12:50:00";"DF";20;19,5;"BRASILIA";"Acessar a via sem observar a presença dos outros veículos";"Colisão transversal";"Com Vítimas Feridas";"Pleno dia";"Crescente";"Nublado";"Dupla";"Reta;Declive";"Sim";2;0;0;1;1;0;1;2;-15,61014841;-47,69711495;"SPRF-DF";"DEL02-DF";"UOP01-DEL02-DF"
747513;2026-01-04;"domingo";"10:36:00";"ES";101;307;"VIANA";"Manobra de mudança de faixa";"Colisão lateral mesmo sentido";"Com Vítimas Feridas";"Pleno dia";"Crescente";"Céu Claro";"Dupla";"Curva";"Não";6;0;2;0;3;1;2;3;-20,39985688;-40,45588659;"SPRF-ES";"DEL01-ES";"UOP01-DEL01-ES"
747516;2026-01-23;"sexta-feira";"12:36:00";"TO";153;547;"NOVA ROSALANDIA";"Condutor Dormindo";"Saída de leito carroçável";"Com Vítimas Feridas";"Pleno dia";"Decrescente";"Chuva";"Simples";"Reta";"Não";3;0;1;0;2;0;1;1;-10,619213;-48,911378;"SPRF-TO";"DEL01-TO";"UOP01-DEL01-TO"
747517;2026-01-23;"sexta-feira";"11:15:00";"MT";364;198;"RONDONOPOLIS";"Acessar a via sem observar a presença dos outros veículos";"Colisão frontal";"Com Vítimas Feridas";"Pleno dia";"Crescente";"Céu Claro";"Simples";"Reta";"Sim";2;0;0;2;0;0;2;2;-16,51726639;-54,60330966;"SPRF-MT";"DEL02-MT";"UOP01-DEL02-MT"
747518;2026-01-18;"domingo";"00:40:00";"RS";290;108;"ELDORADO DO SUL";"Ausência de reação do condutor";"Saída de leito carroçável";"Sem Vítimas";"Plena Noite";"Decrescente";"Chuva";"Dupla";"Reta";"Sim";1;0;0;0;1;0;0;1;-30,007465;-51,3133511;"SPRF-RS";"DEL02-RS";"UOP01-DEL02-RS"
747521;2026-01-23;"sexta-feira";"13:00:00";"PE";232;39;"VITORIA DE SANTO ANTAO";"Mal súbito do condutor";"Saída de leito carroçável";"Com Vítimas Fatais";"Pleno dia";"Crescente";"Sol";"Dupla";"Reta";"Não";1;1;0;0;0;0;0;1;-8,11413553;-35,24132967;"SPRF-PE";"DEL02-PE";"UOP02-DEL02PE"
747526;2026-01-18;"domingo";"06:40:00";"PR";369;156;"LONDRINA";"Acesso irregular";"Colisão frontal";"Com Vítimas Feridas";"Amanhecer";"Crescente";"Céu Claro";"Dupla";"Interseção de Vias;Reta";"Sim";2;0;1;0;1;0;1;2;-23,29399528;-51,21158687;"SPRF-PR";"DEL07-PR";"UOP01-DEL07-PR"
747527;2026-01-23;"sexta-feira";"13:10:00";"MA";135;4;"SAO LUIS";"Reação tardia ou ineficiente do condutor";"Engavetamento";"Sem Vítimas";"Pleno dia";"Decrescente";"Nublado";"Dupla";"Reta";"Sim";5;0;0;0;5;0;0;3;-2,613324;-44,251593;"SPRF-MA";"DEL01-MA";"UOP01-DEL01-MA"
747528;2026-01-23;"sexta-feira";"14:00:00";"SP";101;20;"UBATUBA";"Ausência de reação do condutor";"Colisão traseira";"Com Vítimas Feridas";"Pleno dia";"Crescente";"Nublado";"Simples";"Reta";"Não";3;0;2;0;1;0;2;2;-23,32394697;-44,90964101;"SPRF-SP";"DEL06-SP";"UOP01-DEL06-SP"
747529;2026-01-23;"sexta-feira";"14:40:00";"PB";230;43;"SANTA RITA";"Avarias e/ou desgaste excessivo no pneu";"Tombamento";"Com Vítimas Feridas";"Pleno dia";"Decrescente";"Sol";"Dupla";"Reta";"Não";1;0;1;0;0;0;1;1;-7,15283423;-35,00942588;"SPRF-PB";"DEL01-PB";"UOP02-DEL01-PB"
747531;2026-01-23;"sexta-feira";"14:30:00";"SC";101;145;"ITAPEMA";"Condutor deixou de manter distância do veículo da frente";"Colisão transversal";"Com Vítimas Feridas";"Pleno dia";"Decrescente";"Céu Claro";"Dupla";"Reta;Aclive";"Não";4;0;1;0;3;0;1;3;-27,084247;-48,605248;"SPRF-SC";"DEL04-SC";"UOP03-DEL04-SC"
747532;2026-01-23;"sexta-feira";"14:39:00";"SP";116;215;"GUARULHOS";"Avarias e/ou desgaste excessivo no pneu";"Tombamento";"Com Vítimas Feridas";"Pleno dia";"Decrescente";"Nublado";"Múltipla";"Reta";"Sim";2;0;1;0;1;0;1;1;-23,45159255;-46,46507072;"SPRF-SP";"DEL01-SP";"UOP01-DEL01-SP"
747533;2026-01-23;"sexta-feira";"12:30:00";"RJ";101;301;"SAO GONCALO";"Demais falhas mecânicas ou elétricas";"Colisão com objeto";"Com Vítimas Feridas";"Pleno dia";"Decrescente";"Garoa/Chuvisco";"Dupla";"Reta";"Não";4;0;3;0;1;0;3;2;-22,77849606;-42,95681477;"SPRF-RJ";"DEL02-RJ";"UOP02-DEL02-RJ"
747535;2026-01-23;"sexta-feira";"12:40:00";"PR";153;378;"MALLET";"Ausência de reação do condutor";"Saída de leito carroçável";"Com Vítimas Feridas";"Pleno dia";"Decrescente";"Céu Claro";"Simples";"Reta;Declive";"Não";3;0;3;0;0;0;3;1;-25,793104;-50,851417;"SPRF-PR";"DEL08-PR";"UOP02-DEL08-PR"
747537;2026-01-23;"sexta-feira";"13:50:00";"SC";163;95,9;"SAO JOSE DO CEDRO";"Acessar a via sem observar a presença dos outros veículos";"Colisão transversal";"Com Vítimas Feridas";"Pleno dia";"Crescente";"Céu Claro";"Simples";"Curva;Aclive";"Não";3;0;0;2;1;0;2;2;-26,518309;-53,516326;"SPRF-SC";"DEL07-SC";"UOP03-DEL07-SC"
747538;2026-01-23;"sexta-feira";"15:00:00";"RS";158;563,5;"SANTANA DO LIVRAMENTO";"Desrespeitar a preferência no cruzamento";"Colisão transversal";"Com Vítimas Feridas";"Pleno dia";"Crescente";"Céu Claro";"Simples";"Interseção de Vias";"Não";2;0;1;0;1;0;1;2;-30,858224;-55,501479;"SPRF-RS";"DEL11-RS";"UOP01-DEL11-RS"
747546;2026-01-23;"sexta-feira";"13:15:00";"RS";290;188,8;"MINAS DO LEAO";"Ultrapassagem Indevida";"Colisão frontal";"Com Vítimas Feridas";"Pleno dia";"Decrescente";"Céu Claro";"Simples";"Reta";"Não";6;0;3;2;1;0;5;2;-30,15381085;-52,09407806;"SPRF-RS";"DEL02-RS";"UOP03-DEL02-RS"
747547;2026-01-23;"sexta-feira";"12:25:00";"RS";285;162;"MUITOS CAPOES";"Reação tardia ou ineficiente do condutor";"Queda de ocupante de veículo";"Com Vítimas Feridas";"Pleno dia";"Crescente";"Céu Claro";"Simples";"Curva";"Não";2;0;1;0;0;1;1;2;-28,31892;-51,2478;"SPRF-RS";"DEL05-RS";"UOP03-DEL05-RS"