"id";"data_inversa";"dia_semana";"horario";"uf";"br";"km";"municipio";"causa_acidente";"tipo_acidente";"classificacao_acidente";"fase_dia";"sentido_via";"condicao_metereologica";"tipo_pista";"tracado_via";"uso_solo";"pessoas";"mortos";"feridos_leves";"feridos_graves";"ilesos";"ignorados";"feridos";"veiculos";"latitude";"longitude";"regional";"delegacia";"uop"
747657;2026-01-24;"sábado";"01:00:00";"PR";277;662;"MATELANDIA";"Ausência de reação do condutor";"Colisão com objeto";"Sem Vítimas";"Plena Noite";"Crescente";"Céu Claro";"Simples";"Reta";"Não";1;0;0;0;0;1;0;1;-25,25339058;-53,9957428;"SPRF-PR";"DEL05-PR";"UOP02-DEL05-PR"
747659;2026-01-24;"sábado";"03:00:00";"RJ";116;190;"NOVA IGUACU";"Ausência de reação do condutor";"Colisão traseira";"Com Vítimas Feridas";"Plena Noite";"Crescente";"Garoa/Chuvisco";"Dupla";"Reta";"Não";2;0;1;0;1;0;1;2;-22,73389179;-43,55631575;"SPRF-RJ";"DEL06-RJ";"UOP01-DEL06-RJ"
747662;2026-01-24;"sábado";"03:30:00";"PR";116;134;"FAZENDA RIO GRANDE";"Ingestão de álcool pelo condutor";"Colisão com objeto";"Sem Vítimas";"Plena Noite";"Crescente";"Céu Claro";"Múltipla";"Reta";"Não";1;0;0;0;1;0;0;1;-25,71162429;-49,31955663;"SPRF-PR";"DEL01-PR";"UOP03-DEL01-PR"
747666;2026-01-23;"sexta-feira";"22:20:00";"RS";116;100;"SAO MARCOS";"Velocidade Incompatível";"Queda de ocupante de veículo";"Com Vítimas Feridas";"Plena Noite";"Crescente";"Céu Claro";"Simples";"Curva";"Não";1;0;0;1;0;0;1;1;-28,924275;-51,095617;"SPRF-RS";"DEL05-RS";"UOP01-DEL05-RS"
747667;2026-01-24;"sábado";"04:00:00";"PR";476;161;"ARAUCARIA";"Reação tardia ou ineficiente do condutor";"Saída de leito carroçável";"Sem Vítimas";"Plena Noite";"Crescente";"Céu Claro";"Simples";"Reta";"Não";1;0;0;0;1;0;0;1;-25,61873063;-49,43920311;"SPRF-PR";"DEL01-PR";"UOP06-DEL01-PR"
747668;2026-01-24;"sábado";"03:30:00";"SC";101;189;"BIGUACU";"Transitar na contramão";"Colisão transversal";"Sem Vítimas";"Pleno dia";"Crescente";"Céu Claro";"Dupla";"Reta";"Não";3;0;0;0;3;0;0;2;-27,47075969;-48,64123952;"SPRF-SC";"DEL01-SC";"UOP01-DEL01-SC"
747669;2026-01-23;"sexta-feira";"20:32:00";"MG";381;550,2;"ITAGUARA";"Ausência de reação do condutor";"Colisão com objeto";"Com Vítimas Feridas";"Plena Noite";"Crescente";"Nublado";"Dupla";"Curva;Declive";"Não";1;0;1;0;0;0;1;1;-20,30095;-44,442093;"SPRF-MG";"DEL04-MG";"UOP03-DEL04-MG"
747670;2026-01-24;"sábado";"03:40:00";"SE";101;95;"NOSSA SENHORA DO SOCORRO";"Animais na Pista";"Colisão com objeto";"Sem Vítimas";"Plena Noite";"Crescente";"Céu Claro";"Dupla";"Aclive;Reta";"Sim";1;0;0;0;1;0;0;1;-10,90999855;-37,15623077;"SPRF-SE";"DEL02-SE";"UOP01-DEL02-SE"
747671;2026-01-24;"sábado";"04:05:00";"MG";116;528,7;"CARATINGA";"Ingestão de álcool pelo condutor";"Colisão transversal";"Sem Vítimas";"Plena Noite";"Crescente";"Chuva";"Simples";"Interseção de Vias;Curva";"Sim";2;0;0;0;2;0;0;2;-19,803109;-42,136461;"SPRF-MG";"DEL06-MG";"UOP02-DEL06-MG"
747672;2026-01-24;"sábado";"03:10:00";"SC";101;189,5;"BIGUACU";"Condutor deixou de manter distância do veículo da frente";"Colisão lateral mesmo sentido";"Com Vítimas Feridas";"Plena Noite";"Crescente";"Nublado";"Dupla";"Reta";"Não";3;0;3;0;0;0;3;2;-27,46876439;-48,64163987;"SPRF-SC";"DEL01-SC";"UOP01-DEL01-SC"
747673;2026-01-24;"sábado";"03:30:00";"AL";104;76;"MESSIAS";"Velocidade Incompatível";"Colisão com objeto";"Sem Vítimas";"Plena Noite";"Crescente";"Céu Claro";"Simples";"Curva";"Não";1;0;0;0;0;1;0;1;-9,368831;-35,830729;"SPRF-AL";"DEL01-AL";"UOP01-DEL01-AL"
747674;2026-01-24;"sábado";"05:20:00";"DF";40;7;"BRASILIA";"Ausência de reação do condutor";"Colisão traseira";"Com Vítimas Feridas";"Amanhecer";"Crescente";"Nublado";"Dupla";"Reta;Declive";"Sim";2;0;1;0;1;0;1;2;-16,04484;-47,98074;"SPRF-DF";"DEL01-DF";"UOP01-DEL01-DF"
747675;2026-01-24;"sábado";"04:15:00";"GO";80;43;"PADRE BERNARDO";"Retorno proibido";"Colisão transversal";"Com Vítimas Feridas";"Plena Noite";"Decrescente";"Garoa/Chuvisco";"Simples";"Reta";"Não";3;0;2;0;1;0;2;2;-15,193909;-48,284196;"SPRF-DF";"DEL03-DF";"UOP02-DEL03-DF"
747676;2026-01-23;"sexta-feira";"21:20:00";"MS";376;31;"FATIMA DO SUL";"Iluminação deficiente";"Atropelamento de Pedestre";"Com Vítimas Feridas";"Plena Noite";"Crescente";"Céu Claro";"Simples";"Reta";"Não";2;0;1;0;0;1;1;2;-22,3893452;-54,48485092;"SPRF-MS";"DEL04-MS";"UOP01-DEL04-MS"
747678;2026-01-24;"sábado";"05:30:00";"PE";316;85;"OURICURI";"Ingestão de álcool pelo condutor";"Colisão transversal";"Com Vítimas Feridas";"Amanhecer";"Crescente";"Céu Claro";"Simples";"Reta";"Sim";5;0;4;0;1;0;4;2;-7,88891;-40,064022;"SPRF-PE";"DEL05-PE";"UOP02-DEL05-PE"
747679;2026-01-23;"sexta-feira";"21:30:00";"SC";101;416;"ARARANGUA";"Reação tardia ou ineficiente do condutor";"Colisão lateral mesmo sentido";"Com Vítimas Feridas";"Plena Noite";"Decrescente";"Ignorado";"Simples";"Reta";"Sim";1;0;1;0;0;0;1;1;-28,975;-49,531;"SPRF-SC";"DEL02-SC";"UOP02-DEL02-SC"
747680;2026-01-24;"sábado";"04:20:00";"MG";381;480;"CONTAGEM";"Ausência de reação do condutor";"Tombamento";"Com Vítimas Feridas";"Plena Noite";"Crescente";"Céu Claro";"Simples";"Reta";"Sim";2;0;2;0;0;0;2;1;-19,95927426;-44,05995369;"SPRF-MG";"DEL01-MG";"UOP03-DEL01-MG"
747681;2026-01-24;"sábado";"06:20:00";"BA";101;904,3;"IBIRAPUA";"Ingestão de álcool pelo condutor";"Colisão frontal";"Com Vítimas Feridas";"Amanhecer";"Decrescente";"Céu Claro";"Simples";"Reta;Aclive";"Não";5;0;0;2;3;0;2;2;-17,765047;-39,778142;"SPRF-BA";"DEL09-BA";"UOP02-DEL09-BA"
747682;2026-01-24;"sábado";"04:50:00";"PR";277;726,9;"FOZ DO IGUACU";"Reação tardia ou ineficiente do condutor";"Colisão com objeto";"Sem Vítimas";"Plena Noite";"Crescente";"Céu Claro";"Dupla";"Viaduto";"Sim";1;0;0;0;0;1;0;1;-25,5107388;-54,55231039;"SPRF-PR";"DEL05-PR";"UOP03-DEL05-PR"
747683;2026-01-24;"sábado";"06:50:00";"RJ";116;309,8;"RESENDE";"Acessar a via sem observar a presença dos outros veículos";"Colisão lateral mesmo sentido";"Com Vítimas Feridas";"Pleno dia";"Decrescente";"Nublado";"Dupla";"Reta";"Não";2;0;1;0;1;0;1;2;-22,45918147;-44,42884668;"SPRF-RJ";"DEL07-RJ";"UOP02-DEL07-RJ"
747685;2026-01-24;"sábado";"05:20:00";"GO";153;311;"RIALMA";"Condutor Dormindo";"Saída de leito carroçável";"Sem Vítimas";"Amanhecer";"Crescente";"Chuva";"Simples";"Reta;Aclive";"Não";1;0;0;0;1;0;0;1;-15,42921433;-49,51302707;"SPRF-GO";"DEL02-GO";"UOP02-DEL02-GO"
747686;2026-01-24;"sábado";"05:00:00";"PR";277;726,9;"FOZ DO IGUACU";"Ausência de reação do condutor";"Colisão traseira";"Com Vítimas Feridas";"Amanhecer";"Crescente";"Céu Claro";"Dupla";"Reta";"Sim";4;0;0;1;2;1;1;4;-25,51066663;-54,55250502;"SPRF-PR";"DEL05-PR";"UOP03-DEL05-PR"
747687;2026-01-24;"sábado";"06:45:00";"SC";101;264;"GAROPABA";"Ausência de reação do condutor";"Saída de leito carroçável";"Com Vítimas Feridas";"Pleno dia";"Crescente";"Sol";"Múltipla";"Reta";"Sim";1;0;1;0;0;0;1;1;-28,055352;-48,71834502;"SPRF-SC";"DEL02-SC";"UOP03-DEL02-SC"
747688;2026-01-24;"sábado";"06:30:00";"BA";324;605;"SIMOES FILHO";"Ausência de reação do condutor";"Colisão traseira";"Com Vítimas Feridas";"Pleno dia";"Crescente";"Nublado";"Dupla";"Reta";"Sim";4;0;2;0;2;0;2;3;-12,79746534;-38,40526036;"SPRF-BA";"DEL01-BA";"UOP01-DEL01-BA"
747689;2026-01-24;"sábado";"06:00:00";"GO";80;23;"PADRE BERNARDO";"Ausência de reação do condutor";"Capotamento";"Com Vítimas Feridas";"Amanhecer";"Decrescente";"Céu Claro";"Simples";"Declive";"Não";1;0;0;1;0;0;1;1;-15,352951;-48,230642;"SPRF-DF";"DEL03-DF";"UOP02-DEL03-DF"
747691;2026-01-24;"sábado";"05:30:00";"SP";116;284,4;"EMBU DAS ARTES";"Pedestre cruzava a pista fora da faixa";"Atropelamento de Pedestre";"Com Vítimas Fatais";"Amanhecer";"Crescente";"Céu Claro";"Dupla";"Reta";"Não";3;1;0;0;2;0;0;2;-23,67809089;-46,85809537;"SPRF-SP";"DEL04-SP";"UOP01-DEL04-SP"
747695;2026-01-24;"sábado";"07:00:00";"PR";369;138;"IBIPORA";"Ultrapassagem Indevida";"Colisão lateral mesmo sentido";"Com Vítimas Feridas";"Pleno dia";"Crescente";"Céu Claro";"Simples";"Interseção de Vias;Reta";"Sim";3;0;0;2;1;0;2;2;-23,29206417;-51,08850425;"SPRF-PR";"DEL07-PR";"UOP01-DEL07-PR"
747697;2026-01-24;"sábado";"07:10:00";"MG";40;741,3;"SANTOS DUMONT";"Chuva";"Colisão frontal";"Com Vítimas Feridas";"Pleno dia";"Decrescente";"Chuva";"Simples";"Curva";"Não";3;0;1;0;2;0;1;2;-21,43709546;-43,55578987;"SPRF-MG";"DEL05-MG";"UOP01-DEL05-MG"
747701;2026-01-24;"sábado";"08:20:00";"SP";153;47,5;"SAO JOSE DO RIO PRETO";"Conversão proibida";"Colisão transversal";"Com Vítimas Feridas";"Pleno dia";"Crescente";"Nublado";"Simples";"Reta;Declive";"Não";2;0;0;1;1;0;1;2;-20,68811834;-49,33998585;"SPRF-SP";"DEL09-SP";"UOP01-DEL09-SP"
747702;2026-01-24;"sábado";"08:00:00";"BA";116;11;"VITORIA DA CONQUISTA";"Reação tardia ou ineficiente do condutor";"Colisão lateral mesmo sentido";"Com Vítimas Feridas";"Pleno dia";"Crescente";"Céu Claro";"Simples";"Reta";"Não";2;0;0;1;1;0;1;2;-14,87037993;-40,87160524;"SPRF-BA";"DEL08-BA";"UOP01-DEL08-BA"
747705;2026-01-23;"sexta-feira";"18:00:00";"BA";407;101;"JAGUARARI";"Acessar a via sem observar a presença dos outros veículos";"Colisão transversal";"Com Vítimas Feridas";"Anoitecer";"Crescente";"Céu Claro";"Simples";"Aclive;Reta";"Sim";1;0;1;0;0;0;1;1;-10,25812814;-40,19023019;"SPRF-BA";"DEL04-BA";"UOP01-DEL04-BA"
747706;2026-01-24;"sábado";"00:20:00";"RJ";116;173;"RIO DE JANEIRO";"Reação tardia ou ineficiente do condutor";"Colisão lateral mesmo sentido";"Sem Vítimas";"Plena Noite";"Crescente";"Nublado";"Múltipla";"Reta";"Não";3;0;0;0;3;0;0;2;-22,80482269;-43,34529712;"SPRF-RJ";"DEL06-RJ";"UOP01-DEL06-RJ"
747707;2026-01-24;"sábado";"08:25:00";"RN";304;59,2;"MOSSORO";"Avarias e/ou desgaste excessivo no pneu";"Tombamento";"Com Vítimas Feridas";"Pleno dia";"Decrescente";"Céu Claro";"Simples";"Reta";"Não";2;0;2;0;0;0;2;1;-5,31605;-37,2735;"SPRF-RN";"DEL04-RN";"UOP01-DEL04-RN"
747708;2026-01-24;"sábado";"09:10:00";"SC";101;131;"CAMBORIU";"Trafegar com motocicleta (ou similar) entre as faixas";"Colisão traseira";"Com Vítimas Feridas";"Pleno dia";"Crescente";"Céu Claro";"Dupla";"Reta";"Sim";3;0;1;0;2;0;1;3;-26,99107239;-48,66282312;"SPRF-SC";"DEL04-SC";"UOP03-DEL04-SC"
747709;2026-01-24;"sábado";"08:50:00";"SC";282;21,8;"SANTO AMARO DA IMPERATRIZ";"Acessar a via sem observar a presença dos outros veículos";"Colisão transversal";"Com Vítimas Feridas";"Pleno dia";"Crescente";"Céu Claro";"Simples";"Reta";"Sim";2;0;1;0;1;0;1;2;-27,68922315;-48,73073665;"SPRF-SC";"DEL01-SC";"UOP02-DEL01-SC"
747710;2026-01-24;"sábado";"07:45:00";"GO";70;5;"AGUAS LINDAS DE GOIAS";"Estacionar ou parar em local proibido";"Colisão traseira";"Com Vítimas Feridas";"Pleno dia";"Crescente";"Céu Claro";"Dupla";"Curva;Aclive";"Sim";2;0;1;0;1;0;1;2;-15,756239;-48,25524;"SPRF-DF";"DEL03-DF";"UOP02-DEL03-DF"
747711;2026-01-24;"sábado";"09:15:00";"SC";280;67,3;"JARAGUA DO SUL";"Acessar a via sem observar a presença dos outros veículos";"Colisão transversal";"Com Vítimas Feridas";"Pleno dia";"Decrescente";"Céu Claro";"Simples";"Interseção de Vias;Reta";"Sim";5;0;0;2;3;0;2;3;-26,47546139;-49,1069448;"SPRF-SC";"DEL03-SC";"UOP03-DEL03-SC"
747712;2026-01-24;"sábado";"08:50:00";"MG";381;519;"IGARAPE";"Ausência de reação do condutor";"Colisão com objeto";"Com Vítimas Feridas";"Pleno dia";"Crescente";"Garoa/Chuvisco";"Dupla";"Curva";"Não";3;0;1;0;2;0;1;1;-20,11036248;-44,31352012;"SPRF-MG";"DEL01-MG";"UOP03-DEL01-MG"
747715;2026-01-08;"quinta-feira";"17:40:00";"SP";116;228;"SAO PAULO";"Acumulo de água sobre o pavimento";"Engavetamento";"Com Vítimas Feridas";"Anoitecer";"Decrescente";"Garoa/Chuvisco";"Múltipla";"Declive;Reta";"Sim";4;0;2;0;0;2;2;3;-23,503678;-46,56635;"SPRF-SP";"DEL01-SP";"UOP01-DEL01-SP"
747716;2026-01-04;"domingo";"21:05:00";"SP";116;219;"GUARULHOS";"Reação tardia ou ineficiente do condutor";"Engavetamento";"Sem Vítimas";"Plena Noite";"Crescente";"Céu Claro";"Múltipla";"Reta";"Sim";3;0;0;0;3;0;0;3;-23,459512;-46,484639;"SPRF-SP";"DEL01-SP";"UOP01-DEL01-SP"
747717;2026-01-24;"sábado";"09:20:00";"RS";290;76;"GRAVATAI";"Reação tardia ou ineficiente do condutor";"Colisão com objeto";"Sem Vítimas";"Pleno dia";"Crescente";"Céu Claro";"Dupla";"Reta";"Não";1;0;0;0;1;0;0;1;-29,955426;-51,024955;"SPRF-RS";"DEL01-RS";"UOP01-DEL01-RS"
747718;2026-01-24;"sábado";"10:20:00";"SC";101;148;"ITAPEMA";"Ausência de reação do condutor";"Colisão traseira";"Com Vítimas Feridas";"Pleno dia";"Crescente";"Céu Claro";"Múltipla";"Reta";"Sim";2;0;2;0;0;0;2;2;-27,0923746;-48,61760108;"SPRF-SC";"DEL04-SC";"UOP03-DEL04-SC"
747719;2026-01-24;"sábado";"08:05:00";"PR";277;299;"PRUDENTOPOLIS";"Transitar na contramão";"Colisão lateral sentido oposto";"Com Vítimas Feridas";"Pleno dia";"Decrescente";"Nublado";"Simples";"Curva";"Não";8;0;2;0;6;0;2;2;-25,313375;-51,084398;"SPRF-PR";"DEL08-PR";"UOP01-DEL08-PR"
747721;2026-01-24;"sábado";"08:07:00";"RO";364;773;"PORTO VELHO";"Demais falhas mecânicas ou elétricas";"Queda de ocupante de veículo";"Com Vítimas Feridas";"Pleno dia";"Crescente";"Céu Claro";"Simples";"Reta";"Não";2;0;1;1;0;0;2;1;-9,09645265;-64,09183012;"SPRF-RO";"DEL01-RO";"UOP02-DEL01-RO"
747722;2026-01-24;"sábado";"10:20:00";"MG";459;13,9;"CALDAS";"Chuva";"Saída de leito carroçável";"Com Vítimas Feridas";"Pleno dia";"Decrescente";"Chuva";"Simples";"Reta";"Não";1;0;1;0;0;0;1;1;-21,829828;-46,4481673;"SPRF-MG";"DEL09-MG";"UOP01-DEL09-MG"
747723;2026-01-24;"sábado";"09:40:00";"PR";277;145;"BALSA NOVA";"Condutor deixou de manter distância do veículo da frente";"Colisão traseira";"Com Vítimas Feridas";"Pleno dia";"Crescente";"Céu Claro";"Simples";"Curva";"Não";6;0;1;0;5;0;1;2;-25,47631;-49,71208;"SPRF-PR";"DEL03-PR";"UOP03-DEL03-PR"
747724;2026-01-24;"sábado";"10:10:00";"RS";158;155,8;"PANAMBI";"Ultrapassagem Indevida";"Tombamento";"Com Vítimas Feridas";"Pleno dia";"Crescente";"Céu Claro";"Simples";"Reta";"Sim";3;0;1;1;0;1;2;3;-28,32477335;-53,49899447;"SPRF-RS";"DEL10-RS";"UOP02-DEL10-RS"
747725;2026-01-24;"sábado";"10:30:00";"PR";376;652;"TIJUCAS DO SUL";"Reação tardia ou ineficiente do condutor";"Saída de leito carroçável";"Com Vítimas Feridas";"Pleno dia";"Crescente";"Céu Claro";"Dupla";"Curva;Declive";"Não";1;0;1;0;0;0;1;1;-25,842403;-49,058333;"SPRF-PR";"DEL01-PR";"UOP04-DEL01-PR"
747726;2026-01-24;"sábado";"10:10:00";"MG";381;351;"JOAO MONLEVADE";"Ausência de reação do condutor";"Saída de leito carroçável";"Com Vítimas Feridas";"Pleno dia";"Decrescente";"Chuva";"Simples";"Curva;Rotatória";"Sim";4;0;1;0;3;0;1;1;-19,839437;-43,181564;"SPRF-MG";"DEL03-MG";"UOP01-DEL03-MG"
747729;2026-01-24;"sábado";"08:50:00";"SC";280;86;"CORUPA";"Retorno proibido";"Colisão frontal";"Com Vítimas Feridas";"Pleno dia";"Crescente";"Céu Claro";"Dupla";"Aclive;Reta";"Não";3;0;1;1;1;0;2;2;-26,41491184;-49,26427715;"SPRF-SC";"DEL06-SC";"UOP03-DEL06-SC"
747730;2026-01-24;"sábado";"09:20:00";"RJ";40;34;"AREAL";"Reação tardia ou ineficiente do condutor";"Capotamento";"Com Vítimas Feridas";"Pleno dia";"Decrescente";"Chuva";"Simples";"Curva";"Não";1;0;1;0;0;0;1;1;-22,205276;-43,140631;"SPRF-RJ";"DEL05-RJ";"UOP02-DEL05-RJ"
747731;2026-01-24;"sábado";"11:00:00";"MG";262;52,3;"MANHUACU";"Ultrapassagem Indevida";"Colisão frontal";"Com Vítimas Feridas";"Pleno dia";"Crescente";"Nublado";"Simples";"Reta";"Não";4;0;2;1;1;0;3;2;-20,249606;-42,157985;"SPRF-MG";"DEL06-MG";"UOP03-DEL06-MG"
747732;2026-01-24;"sábado";"11:33:00";"RN";101;122;"SAO JOSE DE MIPIBU";"Manobra de mudança de faixa";"Colisão transversal";"Com Vítimas Feridas";"Pleno dia";"Decrescente";"Céu Claro";"Dupla";"Reta;Retorno Regulamentado";"Não";5;0;5;0;0;0;5;2;-6,0499296;-35,24401115;"SPRF-RN";"DEL01-RN";"UOP01-DEL01-RN"
747733;2026-01-24;"sábado";"11:30:00";"RS";392;3,1;"RIO GRANDE";"Acessar a via sem observar a presença dos outros veículos";"Colisão lateral mesmo sentido";"Com Vítimas Feridas";"Pleno dia";"Crescente";"Sol";"Simples";"Reta";"Sim";3;0;1;1;0;1;2;2;-32,13891744;-52,10965633;"SPRF-RS";"DEL07-RS";"UOP02-DEL07-RS"
747734;2026-01-24;"sábado";"11:40:00";"ES";262;0,3;"VITORIA";"Ausência de reação do condutor";"Colisão traseira";"Com Vítimas Feridas";"Pleno dia";"Decrescente";"Céu Claro";"Dupla";"Ponte;Reta";"Não";3;0;1;0;2;0;1;2;-20,3187971;-40,3497373;"SPRF-ES";"DEL01-ES";"UOP01-DEL01-ES"
747735;2026-01-24;"sábado";"11:00:00";"PR";476;144;"CURITIBA";"Acessar a via sem observar a presença dos outros veículos";"Colisão lateral mesmo sentido";"Com Vítimas Feridas";"Pleno dia";"Crescente";"Céu Claro";"Dupla";"Reta";"Sim";2;0;1;0;1;0;1;2;-25,542608;-49,313505;"SPRF-PR";"DEL01-PR";"UOP06-DEL01-PR"
747736;2026-01-24;"sábado";"10:30:00";"MA";135;6;"SAO LUIS";"Acessar a via sem observar a presença dos outros veículos";"Colisão lateral mesmo sentido";"Sem Vítimas";"Pleno dia";"Crescente";"Céu Claro";"Dupla";"Reta";"Sim";2;0;0;0;2;0;0;2;-2,68824356;-44,29982649;"SPRF-MA";"DEL01-MA";"UOP01-DEL01-MA"
747740;2026-01-24;"sábado";"12:10:00";"DF";60;9,2;"BRASILIA";"Ingestão de álcool pelo condutor";"Colisão traseira";"Com Vítimas Feridas";"Pleno dia";"Crescente";"Céu Claro";"Dupla";"Aclive;Reta";"Sim";2;0;1;0;1;0;1;2;-15,90745;-48,143007;"SPRF-DF";"DEL03-DF";"UOP01-DEL03-DF"
747741;2026-01-24;"sábado";"11:50:00";"RS";290;6;"OSORIO";"Demais falhas mecânicas ou elétricas";"Incêndio";"Sem Vítimas";"Pleno dia";"Decrescente";"Sol";"Dupla";"Reta";"Não";5;0;0;0;5;0;0;1;-29,896517;-50,33449;"SPRF-RS";"DEL03-RS";"UOP01-DEL03-RS"
747742;2026-01-24;"sábado";"12:10:00";"MG";381;500;"BETIM";"Ausência de reação do condutor";"Queda de ocupante de veículo";"Com Vítimas Feridas";"Pleno dia";"Crescente";"Garoa/Chuvisco";"Dupla";"Declive;Reta";"Não";2;0;1;1;0;0;2;1;-20,00313078;-44,21258323;"SPRF-MG";"DEL01-MG";"UOP03-DEL01-MG"
747743;2026-01-24;"sábado";"12:05:00";"PR";376;183,9;"SARANDI";"Velocidade Incompatível";"Colisão traseira";"Com Vítimas Feridas";"Pleno dia";"Crescente";"Céu Claro";"Dupla";"Reta;Declive;Em Obras";"Sim";4;0;1;1;1;1;2;3;-23,44087889;-51,87251524;"SPRF-PR";"DEL09-PR";"UOP01-DEL09-PR"
747744;2026-01-24;"sábado";"12:00:00";"RO";364;603;"ITAPUA DO OESTE";"Acessar a via sem observar a presença dos outros veículos";"Colisão transversal";"Com Vítimas Feridas";"Pleno dia";"Crescente";"Céu Claro";"Dupla";"Interseção de Vias;Retorno Regulamentado;Curva";"Não";5;0;1;0;4;0;1;2;-9,18596045;-63,19483922;"SPRF-RO";"DEL01-RO";"UOP04-DEL01-RO"
747745;2026-01-24;"sábado";"12:15:00";"MG";262;433,3;"NOVA SERRANA";"Acessar a via sem observar a presença dos outros veículos";"Colisão lateral mesmo sentido";"Com Vítimas Feridas";"Pleno dia";"Decrescente";"Nublado";"Dupla";"Reta";"Sim";2;0;0;1;1;0;1;2;-19,881137;-44,932291;"SPRF-MG";"DEL08-MG";"UOP03-DEL08-MG"
747749;2026-01-24;"sábado";"12:05:00";"RO";319;142;"PORTO VELHO";"Reação tardia ou ineficiente do condutor";"Colisão traseira";"Sem Vítimas";"Pleno dia";"Decrescente";"Chuva";"Dupla";"Reta";"Sim";3;0;0;0;3;0;0;3;-8,74951396;-63,88783693;"SPRF-RO";"DEL01-RO";"UOP01-DEL01-RO"
747750;2026-01-24;"sábado";"13:50:00";"SC";282;17;"PALHOCA";"Ausência de reação do condutor";"Colisão lateral mesmo sentido";"Com Vítimas Feridas";"Pleno dia";"Crescente";"Céu Claro";"Simples";"Reta";"Sim";5;0;0;1;4;0;1;2;-27,669657;-48,690739;"SPRF-SC";"DEL01-SC";"UOP02-DEL01-SC"
747751;2026-01-24;"sábado";"10:25:00";"SC";282;72;"RANCHO QUEIMADO";"Ultrapassagem Indevida";"Colisão frontal";"Com Vítimas Feridas";"Pleno dia";"Decrescente";"Céu Claro";"Simples";"Declive;Curva";"Não";3;0;0;1;2;0;1;3;-27,68336003;-49,10589361;"SPRF-SC";"DEL01-SC";"UOP03-DEL01-SC"
747752;2026-01-24;"sábado";"14:00:00";"SP";381;60,5;"MAIRIPORA";"Chuva";"Capotamento";"Com Vítimas Feridas";"Pleno dia";"Crescente";"Chuva";"Dupla";"Declive;Curva";"Não";2;0;1;0;1;0;1;1;-23,30168927;-46,57147944;"SPRF-SP";"DEL03-SP";"UOP01-DEL03-SP"
747753;2026-01-24;"sábado";"14:05:00";"RJ";116;174;"SAO JOAO DE MERITI";"Entrada inopinada do pedestre";"Atropelamento de Pedestre";"Com Vítimas Feridas";"Pleno dia";"Crescente";"Nublado";"Múltipla";"Reta";"Não";4;0;0;1;2;1;1;4;-22,79361328;-43,36490167;"SPRF-RJ";"DEL06-RJ";"UOP01-DEL06-RJ"
747754;2026-01-24;"sábado";"13:04:00";"MA";10;257;"IMPERATRIZ";"Transitar no Acostamento";"Colisão transversal";"Sem Vítimas";"Pleno dia";"Decrescente";"Céu Claro";"Simples";"Reta";"Não";2;0;0;0;2;0;0;2;-5,490385;-47,47218;"SPRF-MA";"DEL04-MA";"UOP01-DEL04-MA"
747755;2026-01-24;"sábado";"14:20:00";"SC";101;126;"ITAJAI";"Trafegar com motocicleta (ou similar) entre as faixas";"Colisão traseira";"Com Vítimas Feridas";"Pleno dia";"Crescente";"Céu Claro";"Dupla";"Curva";"Não";3;0;1;0;2;0;1;2;-26,956238;-48,67983;"SPRF-SC";"DEL04-SC";"UOP04-DEL04-SC"
747756;2026-01-24;"sábado";"13:40:00";"SP";381;65;"MAIRIPORA";"Reação tardia ou ineficiente do condutor";"Saída de leito carroçável";"Sem Vítimas";"Pleno dia";"Decrescente";"Garoa/Chuvisco";"Dupla";"Aclive;Reta";"Sim";1;0;0;0;0;1;0;1;-23,31444878;-46,58214424;"SPRF-SP";"DEL03-SP";"UOP01-DEL03-SP"
747757;2026-01-24;"sábado";"14:30:00";"SC";101;276,6;"IMBITUBA";"Desrespeitar a preferência no cruzamento";"Colisão transversal";"Com Vítimas Feridas";"Pleno dia";"Decrescente";"Céu Claro";"Múltipla";"Interseção de Vias";"Sim";6;0;1;0;5;0;1;2;-28,16029633;-48,69298339;"SPRF-SC";"DEL02-SC";"UOP03-DEL02-SC"
747762;2026-01-24;"sábado";"15:00:00";"GO";60;399;"RIO VERDE";"Velocidade Incompatível";"Capotamento";"Com Vítimas Fatais";"Pleno dia";"Decrescente";"Céu Claro";"Dupla";"Reta";"Não";2;1;1;0;0;0;1;1;-17,821987;-51,058335;"SPRF-GO";"DEL04-GO";"UOP02-DEL04-GO"
747764;2026-01-24;"sábado";"15:30:00";"RS";290;721;"URUGUAIANA";"Mal súbito do condutor";"Saída de leito carroçável";"Sem Vítimas";"Pleno dia";"Crescente";"Céu Claro";"Simples";"Curva";"Sim";1;0;0;0;1;0;0;1;-29,756979;-57,062673;"SPRF-RS";"DEL13-RS";"UOP01-DEL13-RS"
747765;2026-01-24;"sábado";"15:45:00";"SC";470;58,4;"BLUMENAU";"Conversão proibida";"Colisão transversal";"Com Vítimas Feridas";"Pleno dia";"Crescente";"Sol";"Simples";"Aclive;Reta";"Sim";2;0;1;0;1;0;1;2;-26,88406493;-49,15013027;"SPRF-SC";"DEL04-SC";"UOP01-DEL04-SC"