"id";"data_inversa";"dia_semana";"horario";"uf";"br";"km";"municipio";"causa_acidente";"tipo_acidente";"classificacao_acidente";"fase_dia";"sentido_via";"condicao_metereologica";"tipo_pista";"tracado_via";"uso_solo";"pessoas";"mortos";"feridos_leves";"feridos_graves";"ilesos";"ignorados";"feridos";"veiculos";"latitude";"longitude";"regional";"delegacia";"uop"
747877;2026-01-25;"domingo";"03:00:00";"BA";116;413,9;"FEIRA DE SANTANA";"Ausência de reação do condutor";"Colisão com objeto";"Com Vítimas Feridas";"Plena Noite";"Crescente";"Céu Claro";"Dupla";"Interseção de Vias";"Não";1;0;1;0;0;0;1;1;-12,15316059;-38,96467257;"SPRF-BA";"DEL02-BA";"UOP01-DEL02-BA"
747880;2026-01-25;"domingo";"03:30:00";"SC";116;30;"ITAIOPOLIS";"Ausência de reação do condutor";"Colisão com objeto";"Sem Vítimas";"Plena Noite";"Crescente";"Nublado";"Simples";"Reta";"Não";1;0;0;0;0;1;0;1;-26,311638;-49,962316;"SPRF-SC";"DEL06-SC";"UOP01-DEL06-SC"
747882;2026-01-25;"domingo";"03:40:00";"SC";470;76;"INDAIAL";"Ingestão de álcool pelo condutor";"Colisão frontal";"Com Vítimas Feridas";"Plena Noite";"Decrescente";"Céu Claro";"Simples";"Curva";"Não";5;0;2;1;2;0;3;4;-26,9349668;-49,28816676;"SPRF-SC";"DEL04-SC";"UOP01-DEL04-SC"
747883;2026-01-25;"domingo";"02:45:00";"RO";364;422,6;"JARU";"Ingestão de álcool pelo condutor";"Colisão com objeto";"Com Vítimas Feridas";"Plena Noite";"Decrescente";"Nublado";"Múltipla";"Reta";"Sim";1;0;1;0;0;0;1;1;-10,45295884;-62,46047108;"SPRF-RO";"DEL03-RO";"UOP02-DEL03-RO"
747884;2026-01-25;"domingo";"04:00:00";"BA";101;934;"MUCURI";"Conversão proibida";"Colisão transversal";"Com Vítimas Fatais";"Plena Noite";"Crescente";"Nevoeiro/Neblina";"Simples";"Reta";"Sim";4;1;0;0;3;0;0;2;-17,993337;-39,860207;"SPRF-BA";"DEL09-BA";"UOP02-DEL09-BA"
747885;2026-01-25;"domingo";"02:10:00";"SC";101;158;"PORTO BELO";"Ingestão de álcool pelo condutor";"Colisão lateral mesmo sentido";"Sem Vítimas";"Plena Noite";"Crescente";"Nublado";"Dupla";"Reta";"Sim";2;0;0;0;0;2;0;2;-27,1893195;-48,61266581;"SPRF-SC";"DEL04-SC";"UOP03-DEL04-SC"
747887;2026-01-25;"domingo";"02:00:00";"BA";418;65,5;"NOVA VICOSA";"Ausência de reação do condutor";"Colisão traseira";"Sem Vítimas";"Plena Noite";"Crescente";"Nublado";"Simples";"Reta";"Não";2;0;0;0;2;0;0;2;-17,843087;-39,705805;"SPRF-BA";"DEL09-BA";"UOP02-DEL09-BA"
747888;2026-01-25;"domingo";"00:40:00";"SC";470;119;"IBIRAMA";"Velocidade Incompatível";"Saída de leito carroçável";"Com Vítimas Feridas";"Plena Noite";"Decrescente";"Nublado";"Simples";"Curva";"Não";1;0;1;0;0;0;1;1;-27,08620843;-49,51902565;"SPRF-SC";"DEL04-SC";"UOP02-DEL04-SC"
747890;2026-01-25;"domingo";"06:00:00";"PA";316;48;"SANTA IZABEL DO PARA";"Ausência de reação do condutor";"Saída de leito carroçável";"Sem Vítimas";"Amanhecer";"Decrescente";"Céu Claro";"Dupla";"Reta";"Não";1;0;0;0;1;0;0;1;-1,299333;-48,047732;"SPRF-PA";"DEL01-PA";"UOP01-DEL01-PA"
747891;2026-01-25;"domingo";"04:20:00";"MG";267;38;"MARIPA DE MINAS";"Reação tardia ou ineficiente do condutor";"Colisão com objeto";"Sem Vítimas";"Amanhecer";"Decrescente";"Nevoeiro/Neblina";"Simples";"Curva;Aclive";"Não";1;0;0;0;1;0;0;1;-21,68248834;-42,92656358;"SPRF-MG";"DEL07-MG";"UOP01-DEL07-MG"
747893;2026-01-25;"domingo";"06:15:00";"RS";392;16,5;"RIO GRANDE";"Reação tardia ou ineficiente do condutor";"Tombamento";"Com Vítimas Feridas";"Pleno dia";"Crescente";"Céu Claro";"Dupla";"Reta";"Sim";3;0;1;0;1;1;1;2;-32,097801;-52,1656;"SPRF-RS";"DEL07-RS";"UOP02-DEL07-RS"
747894;2026-01-25;"domingo";"04:00:00";"PI";343;308,5;"ALTOS";"Pedestre andava na pista";"Atropelamento de Pedestre";"Com Vítimas Feridas";"Plena Noite";"Crescente";"Nublado";"Simples";"Reta";"Sim";3;0;0;3;0;0;3;2;-5,039617;-42,471501;"SPRF-PI";"DEL01-PI";"UOP01-DEL01-PI"
747895;2026-01-25;"domingo";"06:10:00";"PB";230;27,9;"JOAO PESSOA";"Ausência de reação do condutor";"Colisão com objeto";"Com Vítimas Feridas";"Amanhecer";"Decrescente";"Chuva";"Dupla";"Curva;Declive";"Não";2;0;0;1;1;0;1;1;-7,16556;-34,894942;"SPRF-PB";"DEL01-PB";"UOP01-DEL01-PB"
747896;2026-01-25;"domingo";"06:15:00";"RS";470;226;"GARIBALDI";"Condutor Dormindo";"Saída de leito carroçável";"Com Vítimas Feridas";"Amanhecer";"Crescente";"Céu Claro";"Simples";"Curva;Declive";"Não";2;0;1;0;1;0;1;1;-29,252586;-51,512797;"SPRF-RS";"DEL06-RS";"UOP01-DEL06-RS"
747897;2026-01-25;"domingo";"06:30:00";"RS";290;717;"URUGUAIANA";"Ingestão de álcool pelo condutor";"Colisão com objeto";"Sem Vítimas";"Pleno dia";"Crescente";"Céu Claro";"Simples";"Curva";"Não";1;0;0;0;1;0;0;1;-29,7802462;-57,0272398;"SPRF-RS";"DEL13-RS";"UOP01-DEL13-RS"
747898;2026-01-24;"sábado";"14:00:00";"RN";226;246,8;"JUCURUTU";"Ausência de reação do condutor";"Queda de ocupante de veículo";"Com Vítimas Feridas";"Pleno dia";"Crescente";"Céu Claro";"Simples";"Reta";"Não";1;0;0;1;0;0;1;1;-6,02917309;-37,02203371;"SPRF-RN";"DEL03-RN";"UOP01-DEL03-RN"
747901;2026-01-25;"domingo";"06:18:00";"PE";101;130,7;"ESCADA";"Acumulo de areia ou detritos sobre o pavimento";"Queda de ocupante de veículo";"Com Vítimas Feridas";"Pleno dia";"Crescente";"Garoa/Chuvisco";"Dupla";"Reta";"Não";2;0;2;0;0;0;2;1;-8,396807;-35,26174;"SPRF-PE";"DEL01-PE";"UOP03-DEL01-PE"
747902;2026-01-24;"sábado";"23:30:00";"MG";116;554,8;"MANHUACU";"Ausência de reação do condutor";"Saída de leito carroçável";"Com Vítimas Feridas";"Plena Noite";"Crescente";"Nublado";"Simples";"Curva;Declive";"Não";1;0;1;0;0;0;1;1;-20,009324;-42,151738;"SPRF-MG";"DEL06-MG";"UOP02-DEL06-MG"
747903;2026-01-24;"sábado";"17:15:00";"AP";156;83;"LARANJAL DO JARI";"Transitar na contramão";"Colisão frontal";"Com Vítimas Fatais";"Pleno dia";"Crescente";"Nublado";"Simples";"Curva";"Não";3;2;0;0;0;1;0;2;-0,45663346;-52,07925737;"SPRF-AP";"DEL01-AP";"UOP01-DEL01-AP"
747904;2026-01-24;"sábado";"07:30:00";"MA";135;23;"SAO LUIS";"Reação tardia ou ineficiente do condutor";"Colisão transversal";"Sem Vítimas";"Pleno dia";"Decrescente";"Céu Claro";"Dupla";"Reta;Rotatória";"Sim";2;0;0;0;2;0;0;2;-2,551795;-44,307624;"SPRF-MA";"DEL01-MA";"UOP01-DEL01-MA"
747905;2026-01-25;"domingo";"03:20:00";"PR";476;155,7;"ARAUCARIA";"Ausência de reação do condutor";"Queda de ocupante de veículo";"Com Vítimas Feridas";"Plena Noite";"Decrescente";"Céu Claro";"Dupla";"Reta";"Sim";1;0;1;0;0;0;1;1;-25,59200295;-49,41235956;"SPRF-PR";"DEL01-PR";"UOP06-DEL01-PR"
747906;2026-01-25;"domingo";"06:50:00";"PB";101;97;"CONDE";"Acumulo de água sobre o pavimento";"Saída de leito carroçável";"Sem Vítimas";"Pleno dia";"Crescente";"Chuva";"Dupla";"Reta";"Não";1;0;0;0;0;1;0;1;-7,237825;-34,926363;"SPRF-PB";"DEL01-PB";"UOP01-DEL01-PB"
747907;2026-01-25;"domingo";"04:45:00";"RO";364;340,5;"JI-PARANA";"Demais falhas mecânicas ou elétricas";"Tombamento";"Com Vítimas Feridas";"Plena Noite";"Decrescente";"Nublado";"Simples";"Reta";"Sim";2;0;1;1;0;0;2;1;-10,890691;-61,93115;"SPRF-RO";"DEL02-RO";"UOP01-DEL02-RO"
747908;2026-01-25;"domingo";"04:20:00";"PE";232;41;"VITORIA DE SANTO ANTAO";"Animais na Pista";"Atropelamento de Animal";"Com Vítimas Feridas";"Anoitecer";"Decrescente";"Céu Claro";"Dupla";"Aclive;Curva";"Não";3;0;1;0;2;0;1;2;-8,11424175;-35,24569631;"SPRF-PE";"DEL02-PE";"UOP02-DEL02PE"
747909;2026-01-25;"domingo";"07:10:00";"MG";381;665,8;"PERDOES";"Ausência de reação do condutor";"Saída de leito carroçável";"Com Vítimas Feridas";"Pleno dia";"Crescente";"Nublado";"Dupla";"Curva;Declive";"Não";3;0;2;0;1;0;2;1;-21,05082287;-45,00240147;"SPRF-MG";"DEL04-MG";"UOP02-DEL04-MG"
747910;2026-01-25;"domingo";"05:40:00";"PR";376;176,8;"MARINGA";"Ingestão de álcool pelo condutor";"Atropelamento de Pedestre";"Com Vítimas Feridas";"Amanhecer";"Decrescente";"Céu Claro";"Dupla";"Reta;Interseção de Vias";"Sim";3;0;0;1;1;1;1;2;-23,41268408;-51,93244482;"SPRF-PR";"DEL09-PR";"UOP01-DEL09-PR"
747911;2026-01-24;"sábado";"16:50:00";"MG";381;438,3;"SANTA LUZIA";"Pista esburacada";"Saída de leito carroçável";"Com Vítimas Feridas";"Pleno dia";"Decrescente";"Chuva";"Simples";"Reta";"Não";2;0;1;1;0;0;2;1;-19,81601085;-43,80298303;"SPRF-MG";"DEL01-MG";"UOP01-DEL01-MG"
747912;2026-01-25;"domingo";"07:15:00";"CE";116;45,9;"PACAJUS";"Reação tardia ou ineficiente do condutor";"Saída de leito carroçável";"Com Vítimas Feridas";"Pleno dia";"Crescente";"Céu Claro";"Dupla";"Reta";"Não";3;0;1;0;2;0;1;1;-4,14445;-38,47826;"SPRF-CE";"DEL01-CE";"UOP02-DEL01-CE"
747913;2026-01-25;"domingo";"01:15:00";"MA";135;363;"SANTA FILOMENA DO MARANHAO";"Transitar na contramão";"Colisão frontal";"Com Vítimas Fatais";"Plena Noite";"Crescente";"Céu Claro";"Simples";"Reta";"Não";2;1;0;0;1;0;0;2;-5,49213;-44,45072;"SPRF-MA";"DEL06-MA";"UOP01-DEL06-MA"
747914;2026-01-25;"domingo";"08:00:00";"PB";101;53,4;"RIO TINTO";"Reação tardia ou ineficiente do condutor";"Colisão com objeto";"Com Vítimas Feridas";"Pleno dia";"Crescente";"Nublado";"Dupla";"Reta";"Não";2;0;1;0;1;0;1;1;-6,7641327;-35,133872;"SPRF-PB";"DEL01-PB";"UOP03-DEL01-PB"
747916;2026-01-25;"domingo";"07:50:00";"PE";101;56,8;"RECIFE";"Manobra de mudança de faixa";"Colisão transversal";"Com Vítimas Feridas";"Pleno dia";"Crescente";"Céu Claro";"Dupla";"Reta";"Sim";2;0;1;0;1;0;1;2;-7,9626978;-34,915416;"SPRF-PE";"DEL01-PE";"UOP02-DEL01-PE"
747917;2026-01-25;"domingo";"08:20:00";"MG";262;376,1;"JUATUBA";"Velocidade Incompatível";"Tombamento";"Com Vítimas Feridas";"Pleno dia";"Crescente";"Nublado";"Dupla";"Curva;Aclive";"Não";1;0;1;0;0;0;1;1;-19,9361;-44,4382;"SPRF-MG";"DEL01-MG";"UOP03-DEL01-MG"
747918;2026-01-25;"domingo";"07:30:00";"PB";101;55,3;"SANTA RITA";"Reação tardia ou ineficiente do condutor";"Colisão com objeto";"Com Vítimas Feridas";"Pleno dia";"Decrescente";"Nublado";"Dupla";"Reta";"Não";1;0;1;0;0;0;1;1;-7,03134632;-35,05713111;"SPRF-PB";"DEL01-PB";"UOP03-DEL01-PB"
747920;2026-01-25;"domingo";"07:45:00";"SP";116;464;"PARIQUERA-ACU";"Ausência de reação do condutor";"Saída de leito carroçável";"Com Vítimas Feridas";"Pleno dia";"Decrescente";"Nublado";"Dupla";"Retorno Regulamentado;Reta";"Não";2;0;1;0;1;0;1;1;-24,64212873;-47,91596739;"SPRF-SP";"DEL05-SP";"UOP01-DEL05-SP"
747922;2026-01-25;"domingo";"05:30:00";"MS";262;730,9;"CORUMBA";"Reação tardia ou ineficiente do condutor";"Saída de leito carroçável";"Com Vítimas Feridas";"Amanhecer";"Crescente";"Céu Claro";"Simples";"Reta";"Não";1;0;1;0;0;0;1;1;-19,361855;-57,552262;"SPRF-MS";"DEL03-MS";"UOP03-DEL03-MS"
747924;2026-01-25;"domingo";"09:00:00";"SC";101;213,2;"PALHOCA";"Ausência de reação do condutor";"Colisão lateral mesmo sentido";"Com Vítimas Feridas";"Pleno dia";"Decrescente";"Céu Claro";"Dupla";"Reta";"Não";2;0;1;0;1;0;1;2;-27,63561992;-48,66183221;"SPRF-SC";"DEL01-SC";"UOP02-DEL01-SC"
747925;2026-01-25;"domingo";"07:20:00";"RO";364;228;"CACOAL";"Ausência de reação do condutor";"Tombamento";"Com Vítimas Feridas";"Pleno dia";"Decrescente";"Nublado";"Simples";"Rotatória;Retorno Regulamentado;Reta";"Não";2;0;2;0;0;0;2;1;-11,489037;-61,381475;"SPRF-RO";"DEL02-RO";"UOP02-DEL02-RO"
747926;2026-01-25;"domingo";"07:20:00";"PE";407;125,4;"PETROLINA";"Reação tardia ou ineficiente do condutor";"Saída de leito carroçável";"Com Vítimas Feridas";"Pleno dia";"Decrescente";"Céu Claro";"Dupla";"Reta";"Sim";1;0;1;0;0;0;1;1;-9,382649;-40,530487;"SPRF-PE";"DEL06-PE";"UOP01-DEL06-PE"
747927;2026-01-25;"domingo";"08:50:00";"PR";277;634;"CEU AZUL";"Ausência de reação do condutor";"Engavetamento";"Com Vítimas Feridas";"Pleno dia";"Crescente";"Céu Claro";"Simples";"Reta";"Não";5;0;1;1;3;0;2;4;-25,122412;-53,80983;"SPRF-PR";"DEL05-PR";"UOP02-DEL05-PR"
747929;2026-01-25;"domingo";"09:00:00";"SC";282;207,4;"LAGES";"Retorno proibido";"Colisão transversal";"Sem Vítimas";"Pleno dia";"Decrescente";"Céu Claro";"Simples";"Declive";"Sim";5;0;0;0;5;0;0;2;-27,77388418;-50,20381881;"SPRF-SC";"DEL05-SC";"UOP01-DEL05-SC"
747930;2026-01-25;"domingo";"08:30:00";"RJ";101;297;"ITABORAI";"Acessar a via sem observar a presença dos outros veículos";"Colisão lateral mesmo sentido";"Com Vítimas Feridas";"Pleno dia";"Decrescente";"Céu Claro";"Dupla";"Viaduto;Reta";"Sim";2;0;1;0;1;0;1;2;-22,77154472;-42,92409824;"SPRF-RJ";"DEL02-RJ";"UOP02-DEL02-RJ"
747931;2026-01-25;"domingo";"05:00:00";"RJ";101;303;"SAO GONCALO";"Animais na Pista";"Atropelamento de Animal";"Com Vítimas Feridas";"Amanhecer";"Decrescente";"Nublado";"Dupla";"Reta";"Sim";2;0;1;0;1;0;1;1;-22,78380383;-42,98115346;"SPRF-RJ";"DEL02-RJ";"UOP02-DEL02-RJ"
747932;2026-01-25;"domingo";"09:10:00";"PE";101;44;"IGARASSU";"Reação tardia ou ineficiente do condutor";"Colisão traseira";"Com Vítimas Feridas";"Pleno dia";"Crescente";"Sol";"Múltipla";"Declive;Reta";"Sim";2;0;1;0;1;0;1;2;-7,8557;-34,90892;"SPRF-PE";"DEL01-PE";"UOP02-DEL01-PE"
747933;2026-01-25;"domingo";"09:30:00";"PR";277;120,7;"CAMPO LARGO";"Trafegar com motocicleta (ou similar) entre as faixas";"Colisão lateral mesmo sentido";"Com Vítimas Feridas";"Pleno dia";"Crescente";"Céu Claro";"Dupla";"Reta;Retorno Regulamentado";"Sim";2;0;0;1;1;0;1;2;-25,446376;-49,488331;"SPRF-PR";"DEL03-PR";"UOP03-DEL03-PR"
747938;2026-01-25;"domingo";"03:00:00";"AM";319;720;"CANUTAMA";"Animais na Pista";"Atropelamento de Animal";"Com Vítimas Feridas";"Plena Noite";"Crescente";"Nublado";"Simples";"Reta";"Não";1;0;1;0;0;0;1;1;-8,349665;-63,952741;"SPRF-AM";"DEL02-AM";"UOP01-DEL02-AM"
747939;2026-01-25;"domingo";"10:50:00";"DF";40;5;"BRASILIA";"Ingestão de álcool pelo condutor";"Colisão traseira";"Com Vítimas Feridas";"Pleno dia";"Decrescente";"Céu Claro";"Dupla";"Reta";"Sim";2;0;1;0;1;0;1;2;-16,02409568;-47,97980681;"SPRF-DF";"DEL01-DF";"UOP01-DEL01-DF"
747941;2026-01-25;"domingo";"10:50:00";"DF";40;5;"BRASILIA";"Reação tardia ou ineficiente do condutor";"Colisão traseira";"Com Vítimas Feridas";"Pleno dia";"Decrescente";"Nublado";"Dupla";"Reta";"Não";3;0;1;0;2;0;1;2;-16,02332325;-47,97947355;"SPRF-DF";"DEL01-DF";"UOP01-DEL01-DF"
747942;2026-01-25;"domingo";"08:10:00";"PR";376;439,1;"IPIRANGA";"Ausência de reação do condutor";"Saída de leito carroçável";"Sem Vítimas";"Pleno dia";"Decrescente";"Sol";"Dupla";"Curva;Aclive";"Não";1;0;0;0;0;1;0;1;-24,84976547;-50,47187654;"SPRF-PR";"DEL03-PR";"UOP02-DEL03-PR"
747943;2026-01-25;"domingo";"10:00:00";"MG";381;832,5;"SAO SEBASTIAO DA BELA VISTA";"Avarias e/ou desgaste excessivo no pneu";"Tombamento";"Com Vítimas Feridas";"Pleno dia";"Decrescente";"Nublado";"Dupla";"Reta";"Não";2;0;2;0;0;0;2;1;-22,12125963;-45,78657299;"SPRF-MG";"DEL16-MG";"UOP01-DEL16-MG"
747945;2026-01-25;"domingo";"10:20:00";"PB";230;43;"SANTA RITA";"Demais falhas mecânicas ou elétricas";"Incêndio";"Sem Vítimas";"Pleno dia";"Decrescente";"Sol";"Dupla";"Reta";"Não";1;0;0;0;1;0;0;1;-7,152522;-35,009305;"SPRF-PB";"DEL01-PB";"UOP02-DEL01-PB"
747946;2026-01-25;"domingo";"11:10:00";"SC";101;157,3;"PORTO BELO";"Velocidade Incompatível";"Colisão com objeto";"Com Vítimas Feridas";"Pleno dia";"Decrescente";"Sol";"Múltipla";"Interseção de Vias";"Não";2;0;2;0;0;0;2;1;-27,185064;-48,611936;"SPRF-SC";"DEL04-SC";"UOP03-DEL04-SC"
747947;2026-01-25;"domingo";"10:20:00";"RJ";493;53;"DUQUE DE CAXIAS";"Animais na Pista";"Atropelamento de Animal";"Com Vítimas Feridas";"Pleno dia";"Crescente";"Nublado";"Dupla";"Reta";"Não";2;0;2;0;0;0;2;1;-22,66763383;-43,31662093;"SPRF-RJ";"DEL01-RJ";"UOP03-DEL01-RJ"
747948;2026-01-25;"domingo";"11:00:00";"PE";101;76;"RECIFE";"Condutor deixou de manter distância do veículo da frente";"Colisão traseira";"Com Vítimas Feridas";"Pleno dia";"Crescente";"Sol";"Dupla";"Reta";"Não";4;0;1;0;3;0;1;2;-8,13302;-34,94668;"SPRF-PE";"DEL01-PE";"UOP01-DEL01-PE"
747949;2026-01-25;"domingo";"22:50:00";"RS";392;117;"CANGUCU";"Ausência de reação do condutor";"Colisão com objeto";"Sem Vítimas";"Plena Noite";"Crescente";"Céu Claro";"Simples";"Declive";"Sim";1;0;0;0;1;0;0;1;-31,41026441;-52,68138235;"SPRF-RS";"DEL07-RS";"UOP01-DEL07-RS"
747952;2026-01-25;"domingo";"21:50:00";"RO";319;142;"PORTO VELHO";"Acessar a via sem observar a presença dos outros veículos";"Colisão transversal";"Com Vítimas Feridas";"Plena Noite";"Crescente";"Nublado";"Múltipla";"Reta";"Sim";2;0;1;1;0;0;2;2;-8,75028811;-63,88800786;"SPRF-RO";"DEL01-RO";"UOP01-DEL01-RO"
747953;2026-01-25;"domingo";"19:09:00";"RS";386;356,6;"ESTRELA";"Ingestão de álcool pelo condutor";"Colisão com objeto";"Com Vítimas Feridas";"Anoitecer";"Decrescente";"Céu Claro";"Dupla";"Reta";"Não";1;0;1;0;0;0;1;1;-29,52860597;-51,92917434;"SPRF-RS";"DEL04-RS";"UOP01-DEL04-RS"
747954;2026-01-25;"domingo";"15:00:00";"MG";381;907,5;"CAMBUI";"Velocidade Incompatível";"Colisão com objeto";"Com Vítimas Feridas";"Pleno dia";"Decrescente";"Chuva";"Dupla";"Curva;Declive";"Não";4;0;1;0;3;0;1;1;-22,67484735;-46,09657288;"SPRF-MG";"DEL16-MG";"UOP03-DEL16-MG"
747955;2026-01-25;"domingo";"15:18:00";"SP";116;200,5;"ARUJA";"Acumulo de água sobre o pavimento";"Saída de leito carroçável";"Com Vítimas Feridas";"Pleno dia";"Decrescente";"Chuva";"Dupla";"Reta";"Não";4;0;3;0;1;0;3;1;-23,40290932;-46,32360983;"SPRF-SP";"DEL01-SP";"UOP01-DEL01-SP"
747957;2026-01-25;"domingo";"19:30:00";"RS";158;352;"SANTA MARIA";"Reação tardia ou ineficiente do condutor";"Saída de leito carroçável";"Com Vítimas Feridas";"Anoitecer";"Crescente";"Céu Claro";"Simples";"Reta";"Não";2;0;0;2;0;0;2;1;-29,765921;-54,059125;"SPRF-RS";"DEL09-RS";"UOP01-DEL09-RS"
747961;2026-01-25;"domingo";"17:55:00";"SP";153;56,2;"SAO JOSE DO RIO PRETO";"Ausência de reação do condutor";"Colisão traseira";"Com Vítimas Feridas";"Amanhecer";"Decrescente";"Nublado";"Dupla";"Aclive";"Sim";4;0;1;0;3;0;1;2;-20,7615601;-49,34622278;"SPRF-SP";"DEL09-SP";"UOP01-DEL09-SP"
747962;2026-01-25;"domingo";"13:30:00";"BA";324;574;"SAO SEBASTIAO DO PASSE";"Transtornos Mentais (exceto suicidio)";"Atropelamento de Pedestre";"Com Vítimas Feridas";"Pleno dia";"Crescente";"Céu Claro";"Dupla";"Reta";"Não";2;0;0;1;0;1;1;2;-12,56216;-38,55936;"SPRF-BA";"DEL01-BA";"UOP01-DEL01-BA"
747963;2026-01-25;"domingo";"21:05:00";"ES";101;146;"LINHARES";"Velocidade Incompatível";"Colisão traseira";"Com Vítimas Feridas";"Plena Noite";"Crescente";"Céu Claro";"Múltipla";"Retorno Regulamentado;Reta";"Sim";3;0;1;1;1;0;2;3;-19,36945866;-40,065814;"SPRF-ES";"DEL04-ES";"UOP01-DEL04-ES"
747964;2026-01-25;"domingo";"16:00:00";"GO";60;47,7;"ABADIANIA";"Ingestão de álcool pelo condutor";"Colisão traseira";"Sem Vítimas";"Pleno dia";"Crescente";"Chuva";"Dupla";"Aclive;Curva";"Não";7;0;0;0;7;0;0;2;-16,148698;-48,609898;"SPRF-GO";"DEL02-GO";"UOP01-DEL02-GO"
747965;2026-01-25;"domingo";"14:00:00";"PE";101;42,5;"IGARASSU";"Ausência de reação do condutor";"Colisão com objeto";"Com Vítimas Fatais";"Pleno dia";"Decrescente";"Céu Claro";"Múltipla";"Reta";"Sim";1;1;0;0;0;0;0;1;-7,843;-34,911;"SPRF-PE";"DEL01-PE";"UOP02-DEL01-PE"
747966;2026-01-25;"domingo";"15:25:00";"DF";20;6;"BRASILIA";"Acessar a via sem observar a presença dos outros veículos";"Colisão transversal";"Com Vítimas Feridas";"Pleno dia";"Crescente";"Nublado";"Múltipla";"Reta";"Sim";3;0;1;0;2;0;1;2;-15,66204118;-47,7994908;"SPRF-DF";"DEL02-DF";"UOP01-DEL02-DF"
747967;2026-01-25;"domingo";"12:12:00";"ES";101;147;"LINHARES";"Ausência de reação do condutor";"Colisão traseira";"Com Vítimas Feridas";"Pleno dia";"Crescente";"Céu Claro";"Dupla";"Reta";"Sim";2;0;0;1;1;0;1;2;-19,39490406;-40,06494999;"SPRF-ES";"DEL04-ES";"UOP01-DEL04-ES"
747968;2026-01-25;"domingo";"20:32:00";"GO";414;439,9;"ANAPOLIS";"Ingestão de álcool pelo condutor";"Colisão frontal";"Com Vítimas Fatais";"Plena Noite";"Crescente";"Céu Claro";"Simples";"Declive;Reta";"Sim";2;1;0;0;1;0;0;2;-16,280545;-48,942315;"SPRF-GO";"DEL02-GO";"UOP01-DEL02-GO"
747969;2026-01-25;"domingo";"20:00:00";"GO";80;1,7;"PADRE BERNARDO";"Ausência de reação do condutor";"Saída de leito carroçável";"Com Vítimas Feridas";"Plena Noite";"Decrescente";"Nublado";"Dupla";"Reta";"Não";5;0;5;0;0;0;5;1;-15,501622;-48,21539;"SPRF-DF";"DEL03-DF";"UOP02-DEL03-DF"
747970;2026-01-25;"domingo";"11:35:00";"MT";163;56,8;"RONDONOPOLIS";"Ausência de reação do condutor";"Saída de leito carroçável";"Com Vítimas Fatais";"Pleno dia";"Decrescente";"Nublado";"Dupla";"Reta";"Não";2;2;0;0;0;0;0;1;-17,011436;-54,758846;"SPRF-MT";"DEL02-MT";"UOP03-DEL02-MT"
747971;2026-01-25;"domingo";"12:00:00";"DF";70;6;"BRASILIA";"Ausência de reação do condutor";"Saída de leito carroçável";"Com Vítimas Feridas";"Pleno dia";"Crescente";"Chuva";"Dupla";"Reta";"Sim";1;0;1;0;0;0;1;1;-15,79149993;-48,15306187;"SPRF-DF";"DEL03-DF";"UOP02-DEL03-DF"
747972;2026-01-20;"terça-feira";"18:00:00";"AL";316;53,7;"CANAPI";"Objeto estático sobre o leito carroçável";"Colisão com objeto";"Com Vítimas Feridas";"Plena Noite";"Decrescente";"Céu Claro";"Simples";"Reta";"Não";2;0;2;0;0;0;2;1;-9,19929273;-37,50644356;"SPRF-AL";"DEL03-AL";"UOP02-DEL03-AL"
747973;2026-01-25;"domingo";"14:40:00";"GO";60;16;"ALEXANIA";"Ausência de reação do condutor";"Saída de leito carroçável";"Com Vítimas Feridas";"Pleno dia";"Decrescente";"Chuva";"Dupla";"Declive";"Não";1;0;0;1;0;0;1;1;-16,112974;-48,36712;"SPRF-DF";"DEL03-DF";"UOP01-DEL03-DF"
747974;2026-01-25;"domingo";"18:40:00";"RO";364;197,7;"PIMENTA BUENO";"Reação tardia ou ineficiente do condutor";"Colisão traseira";"Sem Vítimas";"Anoitecer";"Decrescente";"Céu Claro";"Simples";"Reta";"Sim";4;0;0;0;4;0;0;2;-11,673315;-61,19039;"SPRF-RO";"DEL02-RO";"UOP02-DEL02-RO"
747976;2026-01-25;"domingo";"10:20:00";"MS";262;318;"CAMPO GRANDE";"Velocidade Incompatível";"Colisão com objeto";"Com Vítimas Feridas";"Pleno dia";"Decrescente";"Céu Claro";"Simples";"Reta";"Não";1;0;0;1;0;0;1;1;-20,47132525;-54,44858551;"SPRF-MS";"DEL01-MS";"UOP01-DEL01-MS"
747977;2026-01-25;"domingo";"20:30:00";"PR";376;45,6;"NOVA LONDRINA";"Reação tardia ou ineficiente do condutor";"Colisão com objeto";"Com Vítimas Feridas";"Plena Noite";"Crescente";"Céu Claro";"Simples";"Rotatória;Reta";"Não";8;0;2;0;6;0;2;2;-22,86028196;-52,96635316;"SPRF-PR";"DEL09-PR";"UOP02-DEL09-PR"
747978;2026-01-25;"domingo";"17:09:00";"MT";174;8;"PONTES E LACERDA";"Ingestão de álcool pelo condutor";"Saída de leito carroçável";"Sem Vítimas";"Pleno dia";"Decrescente";"Nublado";"Simples";"Curva";"Não";2;0;0;0;1;1;0;2;-15,203163;-59,366312;"SPRF-MT";"DEL04-MT";"UOP01-DEL04-MT"