"id";"data_inversa";"dia_semana";"horario";"uf";"br";"km";"municipio";"causa_acidente";"tipo_acidente";"classificacao_acidente";"fase_dia";"sentido_via";"condicao_metereologica";"tipo_pista";"tracado_via";"uso_solo";"pessoas";"mortos";"feridos_leves";"feridos_graves";"ilesos";"ignorados";"feridos";"veiculos";"latitude";"longitude";"regional";"delegacia";"uop"
748315;2026-01-27;"terça-feira";"13:30:00";"PR";369;153;"LONDRINA";"Ingestão de álcool pelo condutor";"Colisão traseira";"Com Vítimas Feridas";"Pleno dia";"Decrescente";"Chuva";"Dupla";"Reta;Declive";"Sim";3;0;1;0;2;0;1;3;-23,2940464;-51,18797489;"SPRF-PR";"DEL07-PR";"UOP01-DEL07-PR"
748316;2026-01-27;"terça-feira";"14:40:00";"PE";101;70,8;"RECIFE";"Reação tardia ou ineficiente do condutor";"Colisão traseira";"Com Vítimas Feridas";"Pleno dia";"Crescente";"Céu Claro";"Múltipla";"Reta";"Sim";2;0;0;1;1;0;1;2;-8,07485;-34,94291;"SPRF-PE";"DEL01-PE";"UOP01-DEL01-PE"
748319;2026-01-27;"terça-feira";"15:00:00";"ES";101;265;"SERRA";"Acessar a via sem observar a presença dos outros veículos";"Tombamento";"Com Vítimas Feridas";"Pleno dia";"Crescente";"Céu Claro";"Múltipla";"Interseção de Vias";"Sim";2;0;1;0;1;0;1;2;-20,192874;-40,268529;"SPRF-ES";"DEL02-ES";"UOP01-DEL02-ES"
748320;2026-01-27;"terça-feira";"15:00:00";"RJ";101;433;"MANGARATIBA";"Manobra de mudança de faixa";"Colisão lateral mesmo sentido";"Com Vítimas Feridas";"Pleno dia";"Decrescente";"Chuva";"Simples";"Retorno Regulamentado";"Não";2;0;1;0;1;0;1;2;-22,938606;-44,039528;"SPRF-RJ";"DEL03-RJ";"UOP02-DEL03-RJ"
748323;2026-01-27;"terça-feira";"14:15:00";"RS";116;252;"SAPUCAIA DO SUL";"Reação tardia ou ineficiente do condutor";"Colisão lateral mesmo sentido";"Com Vítimas Feridas";"Pleno dia";"Decrescente";"Sol";"Dupla";"Reta";"Sim";2;0;1;0;1;0;1;2;-29,80548804;-51,16667544;"SPRF-RS";"DEL01-RS";"UOP02-DEL01-RS"
748324;2026-01-27;"terça-feira";"13:50:00";"BA";407;71;"JAGUARARI";"Ingestão de álcool pelo condutor";"Colisão traseira";"Com Vítimas Feridas";"Pleno dia";"Decrescente";"Céu Claro";"Simples";"Reta";"Não";6;0;1;0;5;0;1;2;-9,98435409;-40,24147632;"SPRF-BA";"DEL04-BA";"UOP01-DEL04-BA"
748325;2026-01-27;"terça-feira";"15:10:00";"MG";153;78;"PRATA";"Ausência de reação do condutor";"Saída de leito carroçável";"Com Vítimas Feridas";"Pleno dia";"Crescente";"Nublado";"Simples";"Reta";"Não";2;0;2;0;0;0;2;1;-19,045802;-49,01018;"SPRF-MG";"DEL15-MG";"UOP03-DEL15-MG"
748326;2026-01-27;"terça-feira";"15:30:00";"PR";369;39,6;"ANDIRA";"Condutor deixou de manter distância do veículo da frente";"Colisão traseira";"Com Vítimas Feridas";"Pleno dia";"Crescente";"Céu Claro";"Simples";"Reta";"Sim";3;0;1;0;2;0;1;2;-23,06;-50,2517;"SPRF-PR";"DEL07-PR";"UOP05-DEL07-PR"
748328;2026-01-27;"terça-feira";"14:45:00";"MG";251;304;"SALINAS";"Condutor deixou de manter distância do veículo da frente";"Colisão traseira";"Com Vítimas Feridas";"Pleno dia";"Crescente";"Céu Claro";"Simples";"Reta";"Não";5;0;1;0;4;0;1;2;-16,126846;-42,224598;"SPRF-MG";"DEL12-MG";"UOP02-DEL12-MG"
748331;2026-01-25;"domingo";"04:30:00";"RS";468;96,9;"TRES PASSOS";"Ausência de reação do condutor";"Colisão lateral sentido oposto";"Com Vítimas Feridas";"Plena Noite";"Crescente";"Céu Claro";"Simples";"Reta";"Não";2;0;0;1;1;0;1;2;-27,48816949;-53,89337064;"SPRF-RS";"DEL08-RS";"UOP02-DEL08-RS"
748332;2026-01-27;"terça-feira";"14:42:00";"SC";470;72,5;"INDAIAL";"Demais falhas mecânicas ou elétricas";"Tombamento";"Com Vítimas Feridas";"Pleno dia";"Crescente";"Céu Claro";"Dupla";"Rotatória";"Não";1;0;0;1;0;0;1;1;-26,90520799;-49,27221028;"SPRF-SC";"DEL04-SC";"UOP01-DEL04-SC"
748334;2026-01-25;"domingo";"06:15:00";"PR";376;668;"GUARATUBA";"Demais falhas mecânicas ou elétricas";"Incêndio";"Sem Vítimas";"Pleno dia";"Decrescente";"Céu Claro";"Dupla";"Reta";"Não";1;0;0;0;1;0;0;1;-25,87006948;-48,93504588;"SPRF-PR";"DEL01-PR";"UOP04-DEL01-PR"
748335;2026-01-25;"domingo";"18:00:00";"SC";101;332;"TUBARAO";"Condutor deixou de manter distância do veículo da frente";"Colisão lateral mesmo sentido";"Com Vítimas Feridas";"Pleno dia";"Crescente";"Céu Claro";"Dupla";"Reta;Em Obras";"Sim";2;0;1;0;1;0;1;2;-28,467837;-49,001864;"SPRF-SC";"DEL02-SC";"UOP01-DEL02-SC"
748337;2026-01-27;"terça-feira";"11:00:00";"MT";163;688;"LUCAS DO RIO VERDE";"Acumulo de areia ou detritos sobre o pavimento";"Queda de ocupante de veículo";"Com Vítimas Feridas";"Pleno dia";"Crescente";"Nublado";"Dupla";"Reta;Interseção de Vias";"Sim";1;0;0;1;0;0;1;1;-13,06923658;-55,92694402;"SPRF-MT";"DEL06-MT";"UOP01-DEL06-MT"
748339;2026-01-27;"terça-feira";"16:15:00";"SC";101;147;"ITAPEMA";"Trafegar com motocicleta (ou similar) entre as faixas";"Colisão traseira";"Com Vítimas Feridas";"Pleno dia";"Decrescente";"Céu Claro";"Dupla";"Reta";"Sim";2;0;0;1;1;0;1;2;-27,08816749;-48,61278534;"SPRF-SC";"DEL04-SC";"UOP03-DEL04-SC"
748340;2026-01-27;"terça-feira";"16:30:00";"RJ";393;170;"TRES RIOS";"Velocidade Incompatível";"Saída de leito carroçável";"Com Vítimas Feridas";"Pleno dia";"Crescente";"Nublado";"Simples";"Curva";"Não";1;0;0;1;0;0;1;1;-22,12160848;-43,18827007;"SPRF-RJ";"DEL05-RJ";"UOP03-DEL05-RJ"
748343;2026-01-27;"terça-feira";"11:40:00";"PI";316;174;"VALENCA DO PIAUI";"Ausência de reação do condutor";"Saída de leito carroçável";"Com Vítimas Feridas";"Pleno dia";"Decrescente";"Chuva";"Simples";"Curva";"Não";1;0;1;0;0;0;1;1;-6,22385;-42,005005;"SPRF-PI";"DEL04-PI";"UOP02-DEL04-PI"
748345;2026-01-27;"terça-feira";"16:40:00";"SP";153;53,8;"SAO JOSE DO RIO PRETO";"Mal súbito do condutor";"Tombamento";"Com Vítimas Feridas";"Pleno dia";"Decrescente";"Céu Claro";"Dupla";"Reta";"Não";1;0;1;0;0;0;1;1;-20,743916;-49,339289;"SPRF-SP";"DEL09-SP";"UOP01-DEL09-SP"
748346;2026-01-27;"terça-feira";"15:30:00";"AL";316;155;"PALMEIRA DOS INDIOS";"Acessar a via sem observar a presença dos outros veículos";"Colisão lateral sentido oposto";"Com Vítimas Feridas";"Pleno dia";"Decrescente";"Céu Claro";"Simples";"Reta";"Sim";2;0;0;1;1;0;1;2;-9,4282389;-36,6544674;"SPRF-AL";"DEL03-AL";"UOP01-DEL03-AL"
748347;2026-01-27;"terça-feira";"16:30:00";"MG";267;227,4;"LIBERDADE";"Velocidade Incompatível";"Saída de leito carroçável";"Com Vítimas Feridas";"Pleno dia";"Crescente";"Nublado";"Simples";"Curva;Declive";"Não";1;0;0;1;0;0;1;1;-21,942134;-44,30398;"SPRF-MG";"DEL17-MG";"UOP01-DEL17-MG"
748348;2026-01-27;"terça-feira";"16:30:00";"SC";280;28,9;"ARAQUARI";"Acessar a via sem observar a presença dos outros veículos";"Colisão transversal";"Com Vítimas Feridas";"Pleno dia";"Decrescente";"Céu Claro";"Simples";"Reta";"Sim";3;0;2;0;1;0;2;2;-26,41168528;-48,7545401;"SPRF-SC";"DEL03-SC";"UOP03-DEL03-SC"
748350;2026-01-27;"terça-feira";"14:10:00";"RJ";101;385;"RIO DE JANEIRO";"Mal súbito do condutor";"Colisão traseira";"Com Vítimas Fatais";"Pleno dia";"Crescente";"Nublado";"Múltipla";"Reta";"Sim";3;1;0;1;1;0;1;2;-22,88074646;-43,6329696;"SPRF-RJ";"DEL03-RJ";"UOP01-DEL03-RJ"
748353;2026-01-27;"terça-feira";"17:30:00";"SP";101;29;"UBATUBA";"Condutor deixou de manter distância do veículo da frente";"Colisão lateral mesmo sentido";"Com Vítimas Feridas";"Pleno dia";"Decrescente";"Céu Claro";"Simples";"Curva";"Não";3;0;2;0;1;0;2;2;-23,3753809;-44,9587453;"SPRF-SP";"DEL06-SP";"UOP01-DEL06-SP"
748355;2026-01-27;"terça-feira";"14:20:00";"PR";277;302;"PRUDENTOPOLIS";"Reação tardia ou ineficiente do condutor";"Colisão traseira";"Com Vítimas Feridas";"Pleno dia";"Decrescente";"Nublado";"Simples";"Curva;Em Obras;Aclive";"Não";4;0;2;0;2;0;2;2;-25,30127751;-51,1155653;"SPRF-PR";"DEL08-PR";"UOP01-DEL08-PR"
748356;2026-01-27;"terça-feira";"17:28:00";"DF";70;13,1;"BRASILIA";"Manobra de mudança de faixa";"Colisão transversal";"Com Vítimas Feridas";"Pleno dia";"Decrescente";"Céu Claro";"Dupla";"Reta";"Sim";4;0;2;0;2;0;2;2;-15,796306;-48,171056;"SPRF-DF";"DEL03-DF";"UOP02-DEL03-DF"
748357;2026-01-27;"terça-feira";"17:50:00";"BA";324;517;"FEIRA DE SANTANA";"Ultrapassagem Indevida";"Colisão lateral mesmo sentido";"Com Vítimas Feridas";"Plena Noite";"Crescente";"Nublado";"Simples";"Reta";"Sim";2;0;1;0;1;0;1;2;-12,255453;-38,932317;"SPRF-BA";"DEL02-BA";"UOP01-DEL02-BA"
748358;2026-01-27;"terça-feira";"17:51:00";"SP";116;281,9;"EMBU DAS ARTES";"Trafegar com motocicleta (ou similar) entre as faixas";"Colisão lateral mesmo sentido";"Com Vítimas Feridas";"Pleno dia";"Crescente";"Céu Claro";"Dupla";"Reta";"Sim";2;0;1;0;1;0;1;2;-23,65680883;-46,85055256;"SPRF-SP";"DEL04-SP";"UOP01-DEL04-SP"
748361;2026-01-27;"terça-feira";"17:50:00";"DF";40;5;"BRASILIA";"Manobra de mudança de faixa";"Colisão traseira";"Com Vítimas Feridas";"Pleno dia";"Crescente";"Céu Claro";"Dupla";"Reta";"Sim";2;0;1;0;1;0;1;2;-16,023995;-47,979983;"SPRF-DF";"DEL01-DF";"UOP01-DEL01-DF"
748362;2026-01-27;"terça-feira";"15:55:00";"MG";381;147,5;"GOVERNADOR VALADARES";"Acessar a via sem observar a presença dos outros veículos";"Colisão transversal";"Com Vítimas Feridas";"Pleno dia";"Decrescente";"Céu Claro";"Simples";"Reta";"Sim";2;0;1;0;1;0;1;2;-18,85178;-41,98352;"SPRF-MG";"DEL06-MG";"UOP01-DEL06-MG"
748363;2026-01-27;"terça-feira";"17:49:00";"PI";343;307;"ALTOS";"Acessar a via sem observar a presença dos outros veículos";"Colisão transversal";"Com Vítimas Feridas";"Pleno dia";"Decrescente";"Chuva";"Simples";"Reta;Interseção de Vias";"Sim";3;0;1;0;2;0;1;2;-5,039403;-42,461857;"SPRF-PI";"DEL01-PI";"UOP01-DEL01-PI"
748364;2026-01-27;"terça-feira";"16:00:00";"SC";280;179;"MAFRA";"Reação tardia ou ineficiente do condutor";"Queda de ocupante de veículo";"Com Vítimas Feridas";"Pleno dia";"Decrescente";"Céu Claro";"Simples";"Curva";"Não";2;0;2;0;0;0;2;1;-26,1784948;-49,87231348;"SPRF-SC";"DEL06-SC";"UOP01-DEL06-SC"
748365;2026-01-27;"terça-feira";"16:00:00";"MG";40;517;"RIBEIRAO DAS NEVES";"Ausência de reação do condutor";"Colisão lateral mesmo sentido";"Com Vítimas Feridas";"Pleno dia";"Decrescente";"Céu Claro";"Dupla";"Reta";"Sim";4;0;2;0;2;0;2;2;-19,822413;-44,084793;"SPRF-MG";"DEL01-MG";"UOP02-DEL01-MG"
748366;2026-01-27;"terça-feira";"16:25:00";"DF";0;0;"BRASILIA";"Acessar a via sem observar a presença dos outros veículos";"Colisão transversal";"Sem Vítimas";"Pleno dia";"Não Informado";"Céu Claro";"Simples";"Reta";"Sim";3;0;0;0;3;0;0;2;-15,8053779;-47,9505884;"N/A";"N/A";"N/A"
748368;2026-01-27;"terça-feira";"18:10:00";"RS";158;330;"SANTA MARIA";"Acessar a via sem observar a presença dos outros veículos";"Colisão lateral mesmo sentido";"Com Vítimas Feridas";"Anoitecer";"Decrescente";"Céu Claro";"Dupla";"Interseção de Vias";"Sim";3;0;0;1;1;1;1;2;-29,700137;-53,841018;"SPRF-RS";"DEL09-RS";"UOP01-DEL09-RS"
748369;2026-01-27;"terça-feira";"18:45:00";"SP";116;228;"SAO PAULO";"Manobra de mudança de faixa";"Colisão traseira";"Com Vítimas Feridas";"Plena Noite";"Decrescente";"Céu Claro";"Múltipla";"Reta";"Sim";2;0;1;0;1;0;1;1;-23,50313024;-46,56675339;"SPRF-SP";"DEL01-SP";"UOP01-DEL01-SP"
748371;2026-01-27;"terça-feira";"18:40:00";"SP";116;284;"EMBU DAS ARTES";"Trafegar com motocicleta (ou similar) entre as faixas";"Colisão lateral mesmo sentido";"Com Vítimas Feridas";"Pleno dia";"Crescente";"Céu Claro";"Dupla";"Reta";"Sim";4;0;1;1;2;0;2;2;-23,68262266;-46,85900378;"SPRF-SP";"DEL04-SP";"UOP01-DEL04-SP"
748377;2026-01-27;"terça-feira";"19:15:00";"MG";365;626;"UBERLANDIA";"Pedestre andava na pista";"Atropelamento de Pedestre";"Com Vítimas Feridas";"Plena Noite";"Crescente";"Chuva";"Dupla";"Curva";"Não";3;0;0;1;0;2;1;2;-18,906537;-48,334393;"SPRF-MG";"DEL15-MG";"UOP01-DEL15-MG"
748378;2026-01-27;"terça-feira";"18:42:00";"MG";116;277;"TEOFILO OTONI";"Desrespeitar a preferência no cruzamento";"Colisão transversal";"Com Vítimas Feridas";"Plena Noite";"Decrescente";"Céu Claro";"Simples";"Retorno Regulamentado";"Sim";2;0;0;1;1;0;1;2;-17,866106;-41,516422;"SPRF-MG";"DEL11-MG";"UOP01-DEL11-MG"
748379;2026-01-27;"terça-feira";"19:35:00";"SC";101;25,6;"JOINVILLE";"Acessar a via sem observar a presença dos outros veículos";"Colisão traseira";"Com Vítimas Feridas";"Plena Noite";"Decrescente";"Céu Claro";"Dupla";"Reta";"Não";2;0;1;0;1;0;1;2;-26,1866497;-48,91136734;"SPRF-SC";"DEL03-SC";"UOP01-DEL03-SC"
748380;2026-01-27;"terça-feira";"17:15:00";"MA";135;10,9;"SAO LUIS";"Condutor deixou de manter distância do veículo da frente";"Colisão traseira";"Sem Vítimas";"Pleno dia";"Decrescente";"Céu Claro";"Dupla";"Retorno Regulamentado";"Não";2;0;0;0;2;0;0;2;-2,66527314;-44,28690702;"SPRF-MA";"DEL01-MA";"UOP01-DEL01-MA"
748381;2026-01-16;"sexta-feira";"23:40:00";"BA";116;9,8;"VITORIA DA CONQUISTA";"Acessar a via sem observar a presença dos outros veículos";"Colisão traseira";"Com Vítimas Fatais";"Plena Noite";"Crescente";"Céu Claro";"Simples";"Reta";"Sim";5;1;0;0;4;0;0;2;-14,856179;-40,878971;"SPRF-BA";"DEL08-BA";"UOP01-DEL08-BA"
748382;2026-01-27;"terça-feira";"16:45:00";"SP";116;167;"JACAREI";"Chuva";"Saída de leito carroçável";"Com Vítimas Feridas";"Plena Noite";"Decrescente";"Chuva";"Simples";"Viaduto";"Não";1;0;0;1;0;0;1;1;-23,30284036;-46,02303353;"SPRF-SP";"DEL02-SP";"UOP01-DEL02-SP"
748383;2026-01-27;"terça-feira";"19:50:00";"BA";116;24;"VITORIA DA CONQUISTA";"Manobra de mudança de faixa";"Colisão transversal";"Com Vítimas Feridas";"Plena Noite";"Decrescente";"Garoa/Chuvisco";"Simples";"Curva";"Sim";2;0;0;1;1;0;1;2;-14,8677763;-40,79986095;"SPRF-BA";"DEL08-BA";"UOP01-DEL08-BA"
748384;2026-01-27;"terça-feira";"17:10:00";"PB";230;22;"JOAO PESSOA";"Condutor deixou de manter distância do veículo da frente";"Tombamento";"Com Vítimas Feridas";"Pleno dia";"Crescente";"Céu Claro";"Dupla";"Reta";"Não";1;0;0;1;0;0;1;1;-7,15169;-34,85371;"SPRF-PB";"DEL01-PB";"UOP01-DEL01-PB"
748386;2026-01-27;"terça-feira";"14:00:00";"RJ";101;294;"ITABORAI";"Reação tardia ou ineficiente do condutor";"Colisão traseira";"Com Vítimas Feridas";"Pleno dia";"Crescente";"Céu Claro";"Simples";"Reta";"Não";2;0;1;0;1;0;1;2;-22,75784994;-42,89421818;"SPRF-RJ";"DEL02-RJ";"UOP02-DEL02-RJ"
748387;2026-01-27;"terça-feira";"10:45:00";"BA";324;524;"FEIRA DE SANTANA";"Frear bruscamente";"Queda de ocupante de veículo";"Com Vítimas Feridas";"Pleno dia";"Crescente";"Garoa/Chuvisco";"Dupla";"Reta";"Sim";1;0;1;0;0;0;1;1;-12,307168;-38,889652;"SPRF-BA";"DEL01-BA";"UOP03-DEL01-BA"
748388;2026-01-27;"terça-feira";"15:30:00";"PE";407;129;"PETROLINA";"Conversão proibida";"Colisão transversal";"Com Vítimas Feridas";"Pleno dia";"Decrescente";"Céu Claro";"Dupla";"Interseção de Vias;Rotatória";"Sim";3;0;1;0;2;0;1;2;-9,39879244;-40,50486295;"SPRF-PE";"DEL06-PE";"UOP01-DEL06-PE"
748389;2026-01-27;"terça-feira";"19:30:00";"RJ";393;235;"VASSOURAS";"Acessar a via sem observar a presença dos outros veículos";"Colisão transversal";"Com Vítimas Feridas";"Plena Noite";"Crescente";"Céu Claro";"Simples";"Interseção de Vias";"Sim";2;0;1;0;1;0;1;2;-22,41002132;-43,67148612;"SPRF-RJ";"DEL05-RJ";"UOP03-DEL05-RJ"
748390;2026-01-27;"terça-feira";"19:00:00";"RJ";101;136,5;"CARAPEBUS";"Reação tardia ou ineficiente do condutor";"Saída de leito carroçável";"Com Vítimas Feridas";"Plena Noite";"Crescente";"Céu Claro";"Dupla";"Curva";"Não";2;0;2;0;0;0;2;1;-22,153331;-41,7379501;"SPRF-RJ";"DEL08-RJ";"UOP04-DEL08-RJ"
748392;2026-01-27;"terça-feira";"20:25:00";"PR";369;187,9;"ARAPONGAS";"Desrespeitar a preferência no cruzamento";"Colisão transversal";"Com Vítimas Feridas";"Plena Noite";"Crescente";"Céu Claro";"Simples";"Interseção de Vias";"Sim";2;0;1;0;1;0;1;2;-23,418207;-51,42615;"SPRF-PR";"DEL07-PR";"UOP03-DEL07-PR"
748393;2026-01-12;"segunda-feira";"05:50:00";"BA";101;810;"ITAMARAJU";"Reação tardia ou ineficiente do condutor";"Queda de ocupante de veículo";"Com Vítimas Feridas";"Pleno dia";"Crescente";"Céu Claro";"Simples";"Curva";"Não";2;0;0;1;0;1;1;2;-17,0376519;-39,54425454;"SPRF-BA";"DEL09-BA";"UOP01-DEL09-BA"
748394;2026-01-27;"terça-feira";"21:08:00";"SP";116;279,1;"EMBU DAS ARTES";"Trafegar com motocicleta (ou similar) entre as faixas";"Colisão lateral mesmo sentido";"Com Vítimas Feridas";"Plena Noite";"Crescente";"Céu Claro";"Dupla";"Reta";"Sim";3;0;2;0;1;0;2;2;-23,63909894;-46,83544636;"SPRF-SP";"DEL04-SP";"UOP01-DEL04-SP"
748395;2026-01-27;"terça-feira";"18:55:00";"PI";343;347,8;"TERESINA";"Conversão proibida";"Colisão frontal";"Com Vítimas Feridas";"Plena Noite";"Decrescente";"Chuva";"Dupla";"Reta";"Sim";2;0;1;0;1;0;1;2;-5,119513;-42,788008;"SPRF-PI";"DEL01-PI";"UOP01-DEL01-PI"
748396;2026-01-27;"terça-feira";"20:40:00";"GO";40;13;"LUZIANIA";"Pedestre cruzava a pista fora da faixa";"Atropelamento de Pedestre";"Com Vítimas Feridas";"Plena Noite";"Decrescente";"Céu Claro";"Dupla";"Reta";"Sim";2;0;1;0;1;0;1;2;-16,14853;-47,94191;"SPRF-DF";"DEL01-DF";"UOP01-DEL01-DF"
748397;2026-01-27;"terça-feira";"21:00:00";"SC";101;6;"ARARANGUA";"Acessar a via sem observar a presença dos outros veículos";"Colisão lateral mesmo sentido";"Com Vítimas Feridas";"Plena Noite";"Crescente";"Ignorado";"Simples";"Interseção de Vias";"Sim";2;0;1;0;1;0;1;2;-28,958;-49,513;"SPRF-SC";"DEL03-SC";"UOP01-DEL03-SC"
748398;2026-01-27;"terça-feira";"20:50:00";"BA";116;12;"VITORIA DA CONQUISTA";"Entrada inopinada do pedestre";"Atropelamento de Pedestre";"Com Vítimas Feridas";"Plena Noite";"Decrescente";"Nublado";"Simples";"Reta";"Sim";2;0;1;0;1;0;1;2;-14,88171154;-40,87092805;"SPRF-BA";"DEL08-BA";"UOP01-DEL08-BA"
748399;2026-01-27;"terça-feira";"19:08:00";"PR";163;220,3;"CASCAVEL";"Reação tardia ou ineficiente do condutor";"Saída de leito carroçável";"Com Vítimas Feridas";"Anoitecer";"Decrescente";"Céu Claro";"Dupla";"Reta";"Não";4;0;2;2;0;0;4;1;-24,854578;-53,595249;"SPRF-PR";"DEL04-PR";"UOP01-DEL04-PR"
748401;2026-01-27;"terça-feira";"18:30:00";"SP";116;484;"CAJATI";"Ausência de reação do condutor";"Saída de leito carroçável";"Com Vítimas Feridas";"Plena Noite";"Crescente";"Céu Claro";"Dupla";"Reta";"Não";1;0;1;0;0;0;1;1;-24,72141748;-48,0787468;"SPRF-SP";"DEL05-SP";"UOP01-DEL05-SP"
748402;2026-01-27;"terça-feira";"20:30:00";"MG";381;265;"CORONEL FABRICIANO";"Reação tardia ou ineficiente do condutor";"Colisão com objeto";"Com Vítimas Fatais";"Plena Noite";"Crescente";"Nublado";"Simples";"Reta";"Não";1;1;0;0;0;0;0;1;-19,52589885;-42,66609192;"SPRF-MG";"DEL03-MG";"UOP02-DEL03-MG"
748405;2026-01-27;"terça-feira";"20:50:00";"RJ";40;109;"DUQUE DE CAXIAS";"Ausência de reação do condutor";"Colisão lateral mesmo sentido";"Com Vítimas Feridas";"Plena Noite";"Crescente";"Céu Claro";"Dupla";"Curva";"Sim";1;0;1;0;0;0;1;1;-22,672742;-43,284523;"SPRF-RJ";"DEL01-RJ";"UOP02-DEL01-RJ"
748406;2026-01-27;"terça-feira";"21:30:00";"PE";101;70;"RECIFE";"Pedestre andava na pista";"Atropelamento de Pedestre";"Com Vítimas Feridas";"Plena Noite";"Decrescente";"Céu Claro";"Simples";"Curva";"Sim";2;0;1;0;1;0;1;2;-8,076505;-34,939978;"SPRF-PE";"DEL01-PE";"UOP01-DEL01-PE"
748408;2026-01-27;"terça-feira";"20:22:00";"MT";70;504;"CUIABA";"Ausência de reação do condutor";"Queda de ocupante de veículo";"Com Vítimas Feridas";"Plena Noite";"Decrescente";"Céu Claro";"Simples";"Reta";"Sim";1;0;1;0;0;0;1;1;-15,700695;-56,047113;"SPRF-MT";"DEL01-MT";"UOP02-DEL01-MT"
748409;2026-01-27;"terça-feira";"21:20:00";"RS";287;327;"SAO VICENTE DO SUL";"Demais falhas mecânicas ou elétricas";"Incêndio";"Sem Vítimas";"Plena Noite";"Crescente";"Céu Claro";"Simples";"Reta";"Não";5;0;0;0;5;0;0;1;-29,681483;-54,63849;"SPRF-RS";"DEL09-RS";"UOP01-DEL09-RS"
748410;2026-01-27;"terça-feira";"22:35:00";"MG";381;147;"GOVERNADOR VALADARES";"Animais na Pista";"Atropelamento de Animal";"Sem Vítimas";"Plena Noite";"Decrescente";"Nublado";"Simples";"Curva";"Não";2;0;0;0;2;0;0;1;-18,8475057;-41,98304527;"SPRF-MG";"DEL06-MG";"UOP01-DEL06-MG"
748411;2026-01-27;"terça-feira";"21:45:00";"MG";116;496,9;"INHAPIM";"Animais na Pista";"Atropelamento de Animal";"Com Vítimas Feridas";"Plena Noite";"Decrescente";"Céu Claro";"Simples";"Reta";"Sim";1;0;1;0;0;0;1;1;-19,53734925;-42,12647081;"SPRF-MG";"DEL06-MG";"UOP02-DEL06-MG"
748413;2026-01-27;"terça-feira";"23:05:00";"PR";369;160;"CAMBE";"Transitar no Acostamento";"Colisão traseira";"Com Vítimas Fatais";"Plena Noite";"Crescente";"Céu Claro";"Simples";"Reta";"Não";2;1;0;0;1;0;0;2;-23,284096;-51,258464;"SPRF-PR";"DEL07-PR";"UOP01-DEL07-PR"
748414;2026-01-27;"terça-feira";"21:12:00";"MT";163;607;"NOVA MUTUM";"Reação tardia ou ineficiente do condutor";"Colisão traseira";"Com Vítimas Feridas";"Plena Noite";"Crescente";"Chuva";"Dupla";"Reta";"Não";3;0;0;2;1;0;2;2;-13,740266;-56,050163;"SPRF-MT";"DEL01-MT";"UOP01-DEL01-MT"
748416;2026-01-28;"quarta-feira";"01:00:00";"RS";293;198;"HULHA NEGRA";"Condutor Dormindo";"Saída de leito carroçável";"Com Vítimas Feridas";"Plena Noite";"Decrescente";"Nublado";"Simples";"Reta";"Não";1;0;1;0;0;0;1;1;-31,3253863;-53,9855566;"SPRF-RS";"DEL11-RS";"UOP03-DEL11-RS"
748420;2026-01-27;"terça-feira";"19:00:00";"SC";282;567;"NOVA ERECHIM";"Ingestão de álcool pelo condutor";"Colisão transversal";"Com Vítimas Feridas";"Anoitecer";"Crescente";"Céu Claro";"Simples";"Interseção de Vias";"Sim";2;0;1;0;1;0;1;2;-26,896136;-52,918775;"SPRF-SC";"DEL07-SC";"UOP02-DEL07-SC"
748421;2026-01-28;"quarta-feira";"06:20:00";"ES";101;293;"CARIACICA";"Ausência de reação do condutor";"Queda de ocupante de veículo";"Com Vítimas Feridas";"Pleno dia";"Crescente";"Céu Claro";"Dupla";"Curva";"Sim";1;0;0;1;0;0;1;1;-20,320399;-40,396286;"SPRF-ES";"DEL01-ES";"UOP01-DEL01-ES"
748423;2026-01-28;"quarta-feira";"06:35:00";"SP";381;6;"VARGEM";"Manobra de mudança de faixa";"Tombamento";"Com Vítimas Feridas";"Pleno dia";"Decrescente";"Garoa/Chuvisco";"Dupla";"Reta";"Não";2;0;1;0;0;1;1;2;-22,90569;-46,422567;"SPRF-SP";"DEL03-SP";"UOP02-DEL03-SP"
748426;2026-01-28;"quarta-feira";"03:30:00";"MA";135;34,4;"BACABEIRA";"Objeto estático sobre o leito carroçável";"Colisão com objeto";"Sem Vítimas";"Plena Noite";"Decrescente";"Nublado";"Dupla";"Reta";"Não";1;0;0;0;1;0;0;1;-2,845945;-44,374575;"SPRF-MA";"DEL01-MA";"UOP01-DEL01-MA"
748428;2026-01-28;"quarta-feira";"06:44:00";"PE";101;68,2;"RECIFE";"Manobra de mudança de faixa";"Colisão lateral mesmo sentido";"Com Vítimas Feridas";"Pleno dia";"Decrescente";"Nublado";"Dupla";"Viaduto";"Sim";3;0;2;0;1;0;2;2;-8,05204;-34,94616;"SPRF-PE";"DEL01-PE";"UOP01-DEL01-PE"