"id";"data_inversa";"dia_semana";"horario";"uf";"br";"km";"municipio";"causa_acidente";"tipo_acidente";"classificacao_acidente";"fase_dia";"sentido_via";"condicao_metereologica";"tipo_pista";"tracado_via";"uso_solo";"pessoas";"mortos";"feridos_leves";"feridos_graves";"ilesos";"ignorados";"feridos";"veiculos";"latitude";"longitude";"regional";"delegacia";"uop"
748429;2026-01-28;"quarta-feira";"06:35:00";"SC";101;207;"SAO JOSE";"Condutor deixou de manter distância do veículo da frente";"Colisão traseira";"Com Vítimas Feridas";"Pleno dia";"Crescente";"Céu Claro";"Múltipla";"Aclive;Curva";"Sim";2;0;1;0;1;0;1;2;-27,599038;-48,623728;"SPRF-SC";"DEL01-SC";"UOP01-DEL01-SC"
748432;2026-01-28;"quarta-feira";"07:25:00";"RJ";101;322;"NITEROI";"Acumulo de óleo sobre o pavimento";"Queda de ocupante de veículo";"Com Vítimas Feridas";"Pleno dia";"Decrescente";"Céu Claro";"Dupla";"Curva";"Sim";1;0;1;0;0;0;1;1;-22,87921973;-43,11155319;"SPRF-RJ";"DEL02-RJ";"UOP01-DEL02-RJ"
748434;2026-01-28;"quarta-feira";"06:50:00";"SP";116;86,4;"PINDAMONHANGABA";"Demais falhas mecânicas ou elétricas";"Incêndio";"Sem Vítimas";"Amanhecer";"Decrescente";"Nublado";"Dupla";"Reta";"Sim";1;0;0;0;1;0;0;1;-22,92536308;-45,35202485;"SPRF-SP";"DEL08-SP";"UOP01-DEL08-SP"
748435;2026-01-28;"quarta-feira";"06:00:00";"SE";101;136,5;"ESTANCIA";"Velocidade Incompatível";"Capotamento";"Sem Vítimas";"Pleno dia";"Decrescente";"Céu Claro";"Dupla";"Curva";"Não";1;0;0;0;0;1;0;1;-11,143037;-37,400623;"SPRF-SE";"DEL02-SE";"UOP01-DEL02-SE"
748437;2026-01-28;"quarta-feira";"07:40:00";"PB";230;12;"CABEDELO";"Demais falhas mecânicas ou elétricas";"Queda de ocupante de veículo";"Com Vítimas Feridas";"Pleno dia";"Crescente";"Sol";"Simples";"Reta";"Sim";1;0;1;0;0;0;1;1;-7,073935;-34,849791;"SPRF-PB";"DEL01-PB";"UOP01-DEL01-PB"
748438;2026-01-28;"quarta-feira";"07:50:00";"PE";101;52;"ABREU E LIMA";"Frear bruscamente";"Queda de ocupante de veículo";"Com Vítimas Feridas";"Pleno dia";"Crescente";"Chuva";"Dupla";"Reta";"Sim";1;0;1;0;0;0;1;1;-7,924613;-34,896867;"SPRF-PE";"DEL01-PE";"UOP02-DEL01-PE"
748439;2026-01-28;"quarta-feira";"06:10:00";"MG";364;4,9;"PLANURA";"Demais falhas mecânicas ou elétricas";"Incêndio";"Sem Vítimas";"Pleno dia";"Decrescente";"Nublado";"Simples";"Reta";"Sim";1;0;0;0;1;0;0;1;-20,130121;-48,70873;"SPRF-MG";"DEL13-MG";"UOP02-DEL13-MG"
748441;2026-01-28;"quarta-feira";"07:50:00";"PR";277;77;"SAO JOSE DOS PINHAIS";"Trafegar com motocicleta (ou similar) entre as faixas";"Colisão lateral mesmo sentido";"Com Vítimas Feridas";"Amanhecer";"Crescente";"Céu Claro";"Dupla";"Reta";"Sim";2;0;1;0;1;0;1;2;-25,48465573;-49,18808699;"SPRF-PR";"DEL01-PR";"UOP07-DEL01-PR"
748442;2026-01-28;"quarta-feira";"07:30:00";"DF";20;8,2;"BRASILIA";"Pedestre cruzava a pista fora da faixa";"Atropelamento de Pedestre";"Com Vítimas Feridas";"Pleno dia";"Decrescente";"Céu Claro";"Dupla";"Declive;Reta";"Sim";3;0;1;0;2;0;1;3;-15,656755;-47,788523;"SPRF-DF";"DEL02-DF";"UOP01-DEL02-DF"
748445;2026-01-28;"quarta-feira";"08:10:00";"SP";101;44,9;"UBATUBA";"Conversão proibida";"Colisão transversal";"Com Vítimas Feridas";"Pleno dia";"Crescente";"Sol";"Simples";"Interseção de Vias;Curva";"Sim";2;0;1;0;1;0;1;2;-23,41394687;-45,06773451;"SPRF-SP";"DEL06-SP";"UOP01-DEL06-SP"
748447;2026-01-28;"quarta-feira";"08:22:00";"PE";101;49;"ABREU E LIMA";"Reação tardia ou ineficiente do condutor";"Colisão transversal";"Com Vítimas Feridas";"Pleno dia";"Crescente";"Céu Claro";"Múltipla";"Interseção de Vias";"Sim";2;0;1;0;1;0;1;2;-7,905107;-34,902348;"SPRF-PE";"DEL01-PE";"UOP02-DEL01-PE"
748449;2026-01-28;"quarta-feira";"08:50:00";"SC";282;4,7;"SAO JOSE";"Condutor deixou de manter distância do veículo da frente";"Colisão traseira";"Com Vítimas Feridas";"Pleno dia";"Decrescente";"Céu Claro";"Múltipla";"Reta";"Sim";3;0;1;0;2;0;1;3;-27,59039561;-48,60881416;"SPRF-SC";"DEL01-SC";"UOP01-DEL01-SC"
748451;2026-01-28;"quarta-feira";"08:30:00";"PB";405;47;"SAO JOAO DO RIO DO PEIXE";"Conversão proibida";"Colisão traseira";"Com Vítimas Feridas";"Pleno dia";"Decrescente";"Céu Claro";"Simples";"Curva";"Não";2;0;0;1;0;1;1;2;-6,833972;-38,39941;"SPRF-PB";"DEL03-PB";"UOP03-DEL03-PB"
748452;2026-01-28;"quarta-feira";"08:00:00";"MS";163;486;"CAMPO GRANDE";"Desrespeitar a preferência no cruzamento";"Colisão transversal";"Com Vítimas Feridas";"Pleno dia";"Crescente";"Céu Claro";"Simples";"Reta";"Não";3;0;1;0;2;0;1;2;-20,43296397;-54,54384294;"SPRF-MS";"DEL01-MS";"UOP02-DEL01-MS"
748453;2026-01-28;"quarta-feira";"09:10:00";"PE";101;58;"RECIFE";"Demais falhas mecânicas ou elétricas";"Colisão com objeto";"Sem Vítimas";"Pleno dia";"Crescente";"Céu Claro";"Dupla";"Curva;Declive";"Não";1;0;0;0;0;1;0;1;-7,974392;-34,921773;"SPRF-PE";"DEL01-PE";"UOP02-DEL01-PE"
748454;2026-01-28;"quarta-feira";"09:44:00";"DF";70;15;"BRASILIA";"Avarias e/ou desgaste excessivo no pneu";"Saída de leito carroçável";"Sem Vítimas";"Pleno dia";"Crescente";"Céu Claro";"Dupla";"Reta;Declive";"Sim";1;0;0;0;1;0;0;1;-15,79704745;-48,19085866;"SPRF-DF";"DEL03-DF";"UOP02-DEL03-DF"
748455;2026-01-28;"quarta-feira";"08:20:00";"BA";101;750;"ITABELA";"Ausência de reação do condutor";"Queda de ocupante de veículo";"Com Vítimas Feridas";"Pleno dia";"Crescente";"Céu Claro";"Simples";"Curva";"Não";1;0;0;1;0;0;1;1;-16,59172;-39,554227;"SPRF-BA";"DEL09-BA";"UOP01-DEL09-BA"
748456;2026-01-28;"quarta-feira";"08:50:00";"SP";381;89,6;"GUARULHOS";"Ausência de reação do condutor";"Colisão lateral mesmo sentido";"Com Vítimas Feridas";"Pleno dia";"Crescente";"Céu Claro";"Dupla";"Reta";"Sim";2;0;1;0;1;0;1;2;-23,4917735;-46,55956205;"SPRF-SP";"DEL03-SP";"UOP01-DEL03-SP"
748457;2026-01-24;"sábado";"15:00:00";"PE";232;112,8;"BEZERROS";"Demais falhas mecânicas ou elétricas";"Queda de ocupante de veículo";"Com Vítimas Feridas";"Pleno dia";"Crescente";"Céu Claro";"Dupla";"Reta";"Sim";1;0;0;1;0;0;1;1;-8,299821;-35,843765;"SPRF-PE";"DEL02-PE";"UOP03-DEL02-PE"
748458;2026-01-28;"quarta-feira";"08:10:00";"RS";153;47,6;"ERECHIM";"Demais falhas mecânicas ou elétricas";"Tombamento";"Com Vítimas Feridas";"Pleno dia";"Crescente";"Céu Claro";"Simples";"Reta";"Sim";1;0;1;0;0;0;1;1;-27,63744484;-52,23994195;"SPRF-RS";"DEL08-RS";"UOP04-DEL08-RS"
748460;2026-01-28;"quarta-feira";"09:36:00";"PE";101;21;"GOIANA";"Condutor usando celular";"Capotamento";"Com Vítimas Feridas";"Pleno dia";"Crescente";"Céu Claro";"Dupla";"Reta";"Não";2;0;2;0;0;0;2;1;-7,6722848;-34,9298157;"SPRF-PE";"DEL01-PE";"UOP02-DEL01-PE"
748466;2026-01-28;"quarta-feira";"10:15:00";"SC";280;133,1;"RIO NEGRINHO";"Reação tardia ou ineficiente do condutor";"Saída de leito carroçável";"Com Vítimas Feridas";"Pleno dia";"Decrescente";"Sol";"Simples";"Rotatória";"Sim";1;0;1;0;0;0;1;1;-26,26830541;-49,55404155;"SPRF-SC";"DEL06-SC";"UOP03-DEL06-SC"
748467;2026-01-28;"quarta-feira";"10:10:00";"GO";153;425;"ANAPOLIS";"Demais falhas mecânicas ou elétricas";"Tombamento";"Com Vítimas Feridas";"Pleno dia";"Crescente";"Céu Claro";"Dupla";"Reta";"Não";1;0;1;0;0;0;1;1;-16,2378651;-49,0044904;"SPRF-GO";"DEL02-GO";"UOP01-DEL02-GO"
748469;2026-01-28;"quarta-feira";"10:30:00";"PB";230;156,7;"CAMPINA GRANDE";"Acessar a via sem observar a presença dos outros veículos";"Colisão transversal";"Com Vítimas Feridas";"Pleno dia";"Decrescente";"Sol";"Simples";"Reta;Interseção de Vias";"Sim";3;0;2;0;1;0;2;2;-7,268188;-35,915375;"SPRF-PB";"DEL02-PB";"UOP01-DEL02-PB"
748470;2026-01-28;"quarta-feira";"10:15:00";"PE";101;51;"PAULISTA";"Condutor deixou de manter distância do veículo da frente";"Colisão lateral mesmo sentido";"Com Vítimas Feridas";"Pleno dia";"Crescente";"Nublado";"Múltipla";"Curva";"Sim";3;0;1;0;2;0;1;2;-7,919279;-34,8947453;"SPRF-PE";"DEL01-PE";"UOP02-DEL01-PE"
748473;2026-01-28;"quarta-feira";"07:40:00";"RO";364;426;"JARU";"Ausência de reação do condutor";"Colisão traseira";"Com Vítimas Feridas";"Pleno dia";"Decrescente";"Céu Claro";"Dupla";"Retorno Regulamentado";"Sim";3;0;1;0;2;0;1;2;-10,43140284;-62,48140672;"SPRF-RO";"DEL03-RO";"UOP02-DEL03-RO"
748475;2026-01-28;"quarta-feira";"10:00:00";"PE";232;20;"MORENO";"Acumulo de água sobre o pavimento";"Saída de leito carroçável";"Com Vítimas Feridas";"Pleno dia";"Crescente";"Chuva";"Dupla";"Reta";"Não";1;0;1;0;0;0;1;1;-8,095425;-35,073077;"SPRF-PE";"DEL01-PE";"UOP01-DEL01-PE"
748476;2026-01-28;"quarta-feira";"10:10:00";"MS";163;270;"DOURADOS";"Reação tardia ou ineficiente do condutor";"Tombamento";"Com Vítimas Feridas";"Pleno dia";"Decrescente";"Céu Claro";"Dupla";"Reta";"Não";1;0;1;0;0;0;1;1;-22,19633481;-54,69457325;"SPRF-MS";"DEL04-MS";"UOP01-DEL04-MS"
748477;2026-01-28;"quarta-feira";"08:33:00";"MT";163;899;"CLAUDIA";"Reação tardia ou ineficiente do condutor";"Colisão com objeto";"Com Vítimas Feridas";"Pleno dia";"Decrescente";"Céu Claro";"Simples";"Reta";"Não";3;0;1;0;2;0;1;1;-11,319431;-55,326148;"SPRF-MT";"DEL06-MT";"UOP02-DEL06-MT"
748478;2026-01-28;"quarta-feira";"11:20:00";"ES";101;290;"CARIACICA";"Ausência de reação do condutor";"Queda de ocupante de veículo";"Com Vítimas Feridas";"Pleno dia";"Decrescente";"Céu Claro";"Dupla";"Reta";"Sim";1;0;1;0;0;0;1;1;-20,29261486;-40,39218519;"SPRF-ES";"DEL01-ES";"UOP01-DEL01-ES"
748480;2026-01-28;"quarta-feira";"11:45:00";"PR";277;5;"PARANAGUA";"Avarias e/ou desgaste excessivo no pneu";"Colisão com objeto";"Com Vítimas Feridas";"Pleno dia";"Decrescente";"Sol";"Dupla";"Reta";"Não";1;0;1;0;0;0;1;1;-25,559652;-48,578097;"SPRF-PR";"DEL01-PR";"UOP05-DEL01-PR"
748481;2026-01-28;"quarta-feira";"10:10:00";"MG";40;628;"CONSELHEIRO LAFAIETE";"Condutor deixou de manter distância do veículo da frente";"Colisão lateral mesmo sentido";"Com Vítimas Feridas";"Pleno dia";"Crescente";"Céu Claro";"Simples";"Reta";"Não";3;0;0;1;2;0;1;2;-20,74898164;-43,80099803;"SPRF-MG";"DEL05-MG";"UOP02-DEL05-MG"
748482;2026-01-28;"quarta-feira";"12:00:00";"RS";285;598;"SANTO ANTONIO DAS MISSOES";"Acessar a via sem observar a presença dos outros veículos";"Colisão transversal";"Com Vítimas Feridas";"Pleno dia";"Decrescente";"Céu Claro";"Simples";"Reta";"Não";2;0;2;0;0;0;2;2;-28,48905617;-55,25104729;"SPRF-RS";"DEL12-RS";"UOP01-DEL12-RS"
748483;2026-01-28;"quarta-feira";"11:50:00";"PE";101;68;"RECIFE";"Ausência de reação do condutor";"Colisão traseira";"Com Vítimas Feridas";"Pleno dia";"Crescente";"Céu Claro";"Dupla";"Reta";"Sim";2;0;1;0;1;0;1;2;-8,0542519;-34,9464219;"SPRF-PE";"DEL01-PE";"UOP01-DEL01-PE"
748484;2026-01-28;"quarta-feira";"12:25:00";"SC";101;177;"GOVERNADOR CELSO RAMOS";"Ausência de reação do condutor";"Colisão lateral mesmo sentido";"Com Vítimas Feridas";"Pleno dia";"Crescente";"Céu Claro";"Múltipla";"Curva;Interseção de Vias";"Não";6;0;0;1;5;0;1;2;-27,35142299;-48,63245901;"SPRF-SC";"DEL01-SC";"UOP01-DEL01-SC"
748486;2026-01-28;"quarta-feira";"12:00:00";"RS";116;245,8;"SAO LEOPOLDO";"Manobra de mudança de faixa";"Colisão lateral mesmo sentido";"Com Vítimas Feridas";"Pleno dia";"Crescente";"Céu Claro";"Múltipla";"Reta";"Sim";2;0;1;0;1;0;1;2;-29,75533276;-51,15186866;"SPRF-RS";"DEL01-RS";"UOP02-DEL01-RS"
748488;2026-01-28;"quarta-feira";"09:45:00";"MT";70;284;"PRIMAVERA DO LESTE";"Condutor deixou de manter distância do veículo da frente";"Colisão traseira";"Com Vítimas Feridas";"Pleno dia";"Decrescente";"Céu Claro";"Simples";"Reta";"Não";2;0;0;1;1;0;1;2;-15,5779072;-54,3653888;"SPRF-MT";"DEL05-MT";"UOP01-DEL05-MT"
748490;2026-01-28;"quarta-feira";"12:50:00";"MG";262;353;"BETIM";"Demais falhas mecânicas ou elétricas";"Incêndio";"Sem Vítimas";"Pleno dia";"Decrescente";"Céu Claro";"Dupla";"Reta";"Não";1;0;0;0;1;0;0;1;-19,97738671;-44,25615756;"SPRF-MG";"DEL01-MG";"UOP03-DEL01-MG"
748492;2026-01-28;"quarta-feira";"10:55:00";"MG";116;277;"TEOFILO OTONI";"Ausência de sinalização";"Atropelamento de Pedestre";"Com Vítimas Feridas";"Pleno dia";"Decrescente";"Céu Claro";"Simples";"Reta;Interseção de Vias";"Sim";2;0;2;0;0;0;2;2;-17,859968;-41,515147;"SPRF-MG";"DEL11-MG";"UOP01-DEL11-MG"
748494;2026-01-28;"quarta-feira";"11:50:00";"SC";101;38,8;"JOINVILLE";"Avarias e/ou desgaste excessivo no pneu";"Queda de ocupante de veículo";"Com Vítimas Feridas";"Pleno dia";"Crescente";"Céu Claro";"Múltipla";"Reta;Declive;Viaduto";"Sim";1;0;1;0;0;0;1;1;-26,28943095;-48,88580672;"SPRF-SC";"DEL03-SC";"UOP01-DEL03-SC"
748495;2026-01-28;"quarta-feira";"10:20:00";"MG";116;267,2;"TEOFILO OTONI";"Velocidade Incompatível";"Saída de leito carroçável";"Com Vítimas Feridas";"Pleno dia";"Crescente";"Céu Claro";"Simples";"Curva;Declive";"Não";4;0;1;2;1;0;3;1;-17,780478;-41,500087;"SPRF-MG";"DEL11-MG";"UOP01-DEL11-MG"
748496;2026-01-28;"quarta-feira";"13:40:00";"SP";116;220;"GUARULHOS";"Reação tardia ou ineficiente do condutor";"Colisão traseira";"Com Vítimas Feridas";"Pleno dia";"Decrescente";"Nublado";"Múltipla";"Reta";"Sim";1;0;1;0;0;0;1;1;-23,4703660784;-46,5147575276;"SPRF-SP";"DEL01-SP";"UOP01-DEL01-SP"
748497;2026-01-28;"quarta-feira";"13:40:00";"ES";101;4;"ICONHA";"Manobra de mudança de faixa";"Colisão transversal";"Com Vítimas Feridas";"Pleno dia";"Decrescente";"Céu Claro";"Dupla";"Reta";"Não";2;0;1;0;1;0;1;2;-20,80876938;-40,80574649;"SPRF-ES";"DEL03-ES";"UOP02-DEL03-ES"
748499;2026-01-28;"quarta-feira";"13:50:00";"SP";116;69,9;"APARECIDA";"Reação tardia ou ineficiente do condutor";"Tombamento";"Com Vítimas Feridas";"Pleno dia";"Crescente";"Sol";"Dupla";"Curva";"Sim";1;0;1;0;0;0;1;1;-22,84720197;-45,22731112;"SPRF-SP";"DEL08-SP";"UOP01-DEL08-SP"
748501;2026-01-17;"sábado";"03:00:00";"PR";376;176,3;"MARINGA";"Ingestão de álcool pelo condutor";"Colisão traseira";"Sem Vítimas";"Pleno dia";"Crescente";"Céu Claro";"Dupla";"Reta;Interseção de Vias";"Sim";4;0;0;0;1;3;0;2;-23,41116348;-51,93667531;"SPRF-PR";"DEL09-PR";"UOP01-DEL09-PR"
748502;2026-01-12;"segunda-feira";"09:00:00";"GO";452;187;"ITUMBIARA";"Condutor deixou de manter distância do veículo da frente";"Engavetamento";"Com Vítimas Feridas";"Pleno dia";"Crescente";"Nublado";"Dupla";"Retorno Regulamentado";"Sim";4;0;2;0;2;0;2;3;-18,39627192;-49,29585725;"SPRF-GO";"DEL03-GO";"UOP02-DEL03-GO"
748504;2026-01-28;"quarta-feira";"13:00:00";"PB";230;19,2;"JOAO PESSOA";"Ausência de reação do condutor";"Engavetamento";"Com Vítimas Feridas";"Pleno dia";"Crescente";"Céu Claro";"Múltipla";"Reta";"Não";4;0;1;0;3;0;1;3;-7,130115;-34,851133;"SPRF-PB";"DEL01-PB";"UOP01-DEL01-PB"
748507;2026-01-28;"quarta-feira";"12:30:00";"SP";116;284;"EMBU DAS ARTES";"Avarias e/ou desgaste excessivo no pneu";"Queda de ocupante de veículo";"Com Vítimas Feridas";"Pleno dia";"Decrescente";"Nublado";"Dupla";"Reta";"Sim";2;0;2;0;0;0;2;1;-23,68056894;-46,85853481;"SPRF-SP";"DEL04-SP";"UOP01-DEL04-SP"
748508;2026-01-28;"quarta-feira";"13:24:00";"RO";364;237,8;"CACOAL";"Velocidade Incompatível";"Colisão lateral mesmo sentido";"Com Vítimas Feridas";"Pleno dia";"Crescente";"Sol";"Simples";"Reta";"Sim";4;0;1;0;3;0;1;4;-11,439183;-61,453785;"SPRF-RO";"DEL02-RO";"UOP02-DEL02-RO"
748509;2026-01-28;"quarta-feira";"14:15:00";"SC";282;22,6;"SANTO AMARO DA IMPERATRIZ";"Velocidade Incompatível";"Atropelamento de Pedestre";"Com Vítimas Feridas";"Pleno dia";"Decrescente";"Céu Claro";"Simples";"Curva";"Sim";2;0;0;1;1;0;1;2;-27,689717;-48,733575;"SPRF-SC";"DEL01-SC";"UOP02-DEL01-SC"
748510;2026-01-28;"quarta-feira";"13:10:00";"RJ";101;523,5;"ANGRA DOS REIS";"Manobra de mudança de faixa";"Colisão lateral mesmo sentido";"Com Vítimas Feridas";"Pleno dia";"Decrescente";"Nublado";"Simples";"Curva";"Não";3;0;1;0;0;2;1;3;-22,99983376;-44,47333636;"SPRF-RJ";"DEL03-RJ";"UOP03-DEL03-RJ"
748511;2026-01-28;"quarta-feira";"12:00:00";"RJ";40;104;"DUQUE DE CAXIAS";"Condutor deixou de manter distância do veículo da frente";"Colisão traseira";"Com Vítimas Feridas";"Pleno dia";"Crescente";"Céu Claro";"Dupla";"Reta;Em Obras";"Sim";4;0;1;0;3;0;1;3;-22,63079225;-43,28518887;"SPRF-RJ";"DEL01-RJ";"UOP02-DEL01-RJ"
748514;2026-01-28;"quarta-feira";"15:00:00";"RN";101;83,4;"NATAL";"Condutor deixou de manter distância do veículo da frente";"Colisão traseira";"Com Vítimas Feridas";"Pleno dia";"Crescente";"Nublado";"Dupla";"Reta";"Sim";2;0;1;0;0;1;1;2;-5,772406;-35,262768;"SPRF-RN";"DEL02-RN";"UOP01-DEL02-RN"
748516;2026-01-28;"quarta-feira";"15:10:00";"RN";304;47,7;"MOSSORO";"Ingestão de álcool pelo condutor";"Colisão traseira";"Com Vítimas Feridas";"Pleno dia";"Decrescente";"Nublado";"Dupla";"Viaduto;Curva";"Sim";2;0;2;0;0;0;2;2;-5,226585;-37,323305;"SPRF-RN";"DEL04-RN";"UOP01-DEL04-RN"
748518;2026-01-28;"quarta-feira";"14:50:00";"RJ";393;175;"TRES RIOS";"Ausência de reação do condutor";"Colisão traseira";"Com Vítimas Feridas";"Pleno dia";"Crescente";"Nublado";"Simples";"Reta";"Sim";3;0;1;0;1;1;1;3;-22,1250599;-43,2297364;"SPRF-RJ";"DEL05-RJ";"UOP03-DEL05-RJ"
748519;2026-01-28;"quarta-feira";"14:30:00";"AL";101;138;"SAO MIGUEL DOS CAMPOS";"Faixas de trânsito com largura insuficiente";"Colisão lateral mesmo sentido";"Com Vítimas Feridas";"Pleno dia";"Crescente";"Céu Claro";"Simples";"Reta;Em Obras";"Sim";1;0;1;0;0;0;1;1;-9,80067883;-36,11173184;"SPRF-AL";"DEL02-AL";"UOP01-DEL02-AL"
748521;2026-01-28;"quarta-feira";"13:20:00";"RJ";101;320;"NITEROI";"Reação tardia ou ineficiente do condutor";"Tombamento";"Com Vítimas Feridas";"Pleno dia";"Crescente";"Céu Claro";"Dupla";"Curva";"Sim";1;0;1;0;0;0;1;1;-22,87870221;-43,11447167;"SPRF-RJ";"DEL02-RJ";"UOP01-DEL02-RJ"
748523;2026-01-28;"quarta-feira";"13:18:00";"RO";364;424,9;"JARU";"Condutor deixou de manter distância do veículo da frente";"Colisão traseira";"Com Vítimas Feridas";"Pleno dia";"Crescente";"Céu Claro";"Dupla";"Reta;Aclive";"Sim";2;0;1;0;1;0;1;2;-10,43698454;-62,47219769;"SPRF-RO";"DEL03-RO";"UOP02-DEL03-RO"
748524;2026-01-28;"quarta-feira";"16:00:00";"GO";60;55;"ABADIANIA";"Ausência de reação do condutor";"Saída de leito carroçável";"Com Vítimas Feridas";"Pleno dia";"Crescente";"Nublado";"Dupla";"Curva;Declive";"Não";2;0;1;0;1;0;1;1;-16,187;-48,663;"SPRF-GO";"DEL02-GO";"UOP01-DEL02-GO"
748525;2026-01-28;"quarta-feira";"16:30:00";"PE";101;50;"ABREU E LIMA";"Acumulo de óleo sobre o pavimento";"Tombamento";"Com Vítimas Feridas";"Pleno dia";"Crescente";"Garoa/Chuvisco";"Múltipla";"Reta";"Sim";2;0;1;0;1;0;1;2;-7,911717;-34,901092;"SPRF-PE";"DEL01-PE";"UOP02-DEL01-PE"
748527;2026-01-28;"quarta-feira";"15:30:00";"BA";116;421;"FEIRA DE SANTANA";"Ausência de reação do condutor";"Colisão traseira";"Com Vítimas Feridas";"Pleno dia";"Crescente";"Nublado";"Simples";"Reta";"Sim";2;0;0;1;1;0;1;2;-12,2181174;-38,9661624;"SPRF-BA";"DEL02-BA";"UOP01-DEL02-BA"
748530;2026-01-28;"quarta-feira";"16:10:00";"RS";101;75;"OSORIO";"Demais falhas na via";"Saída de leito carroçável";"Com Vítimas Feridas";"Pleno dia";"Decrescente";"Céu Claro";"Dupla";"Curva";"Sim";2;0;1;0;1;0;1;2;-29,794067;-50,231034;"SPRF-RS";"DEL03-RS";"UOP01-DEL03-RS"
748532;2026-01-28;"quarta-feira";"16:10:00";"MG";381;493;"BETIM";"Ausência de reação do condutor";"Queda de ocupante de veículo";"Com Vítimas Feridas";"Pleno dia";"Crescente";"Céu Claro";"Múltipla";"Reta";"Não";1;0;0;1;0;0;1;1;-19,96045852;-44,1577953;"SPRF-MG";"DEL01-MG";"UOP03-DEL01-MG"
748538;2026-01-28;"quarta-feira";"09:30:00";"BA";324;565;"SAO SEBASTIAO DO PASSE";"Ausência de reação do condutor";"Saída de leito carroçável";"Com Vítimas Feridas";"Pleno dia";"Crescente";"Chuva";"Dupla";"Reta";"Não";1;0;1;0;0;0;1;1;-12,52575;-38,608832;"SPRF-BA";"DEL01-BA";"UOP01-DEL01-BA"
748540;2026-01-28;"quarta-feira";"17:10:00";"BA";367;83;"EUNAPOLIS";"Acessar a via sem observar a presença dos outros veículos";"Colisão transversal";"Com Vítimas Feridas";"Pleno dia";"Crescente";"Céu Claro";"Simples";"Reta";"Sim";2;0;1;0;1;0;1;2;-16,3741682;-39,57733512;"SPRF-BA";"DEL09-BA";"UOP03-DEL09-BA"
748541;2026-01-28;"quarta-feira";"14:15:00";"PR";277;331;"GUARAPUAVA";"Reação tardia ou ineficiente do condutor";"Saída de leito carroçável";"Com Vítimas Fatais";"Pleno dia";"Crescente";"Céu Claro";"Simples";"Reta";"Não";1;1;0;0;0;0;0;1;-25,3724;-51,3203;"SPRF-PR";"DEL08-PR";"UOP01-DEL08-PR"
748542;2026-01-28;"quarta-feira";"17:00:00";"RS";392;682,2;"ROQUE GONZALES";"Acumulo de água sobre o pavimento";"Saída de leito carroçável";"Com Vítimas Feridas";"Pleno dia";"Crescente";"Chuva";"Simples";"Reta";"Não";3;0;1;0;2;0;1;1;-28,12448571;-54,93073789;"SPRF-RS";"DEL10-RS";"UOP01-DEL10-RS"
748543;2026-01-28;"quarta-feira";"16:50:00";"PR";476;189;"LAPA";"Animais na Pista";"Atropelamento de Animal";"Com Vítimas Feridas";"Pleno dia";"Crescente";"Céu Claro";"Simples";"Reta";"Não";1;0;1;0;0;0;1;1;-25,71793987;-49,67965476;"SPRF-PR";"DEL01-PR";"UOP06-DEL01-PR"
748544;2026-01-28;"quarta-feira";"17:00:00";"ES";101;125,3;"SOORETAMA";"Acessar a via sem observar a presença dos outros veículos";"Atropelamento de Pedestre";"Com Vítimas Feridas";"Pleno dia";"Crescente";"Céu Claro";"Dupla";"Reta";"Sim";4;0;0;1;3;0;1;2;-19,189601;-40,095032;"SPRF-ES";"DEL04-ES";"UOP01-DEL04-ES"
748547;2026-01-28;"quarta-feira";"16:00:00";"SC";280;29;"ARAQUARI";"Acessar a via sem observar a presença dos outros veículos";"Colisão transversal";"Com Vítimas Feridas";"Pleno dia";"Decrescente";"Céu Claro";"Simples";"Reta";"Sim";2;0;0;1;1;0;1;2;-26,41030137;-48,75242114;"SPRF-SC";"DEL03-SC";"UOP03-DEL03-SC"
748551;2026-01-28;"quarta-feira";"17:10:00";"RS";386;16,9;"FREDERICO WESTPHALEN";"Velocidade Incompatível";"Saída de leito carroçável";"Com Vítimas Feridas";"Pleno dia";"Crescente";"Chuva";"Simples";"Curva";"Não";1;0;0;1;0;0;1;1;-27,2438883;-53,3426867;"SPRF-RS";"DEL08-RS";"UOP02-DEL08-RS"
748552;2026-01-04;"domingo";"14:40:00";"RJ";101;482;"ANGRA DOS REIS";"Reação tardia ou ineficiente do condutor";"Colisão frontal";"Com Vítimas Feridas";"Pleno dia";"Decrescente";"Chuva";"Simples";"Curva";"Sim";2;0;1;0;1;0;1;2;-23,0024013;-44,29772995;"SPRF-RJ";"DEL03-RJ";"UOP03-DEL03-RJ"
748553;2026-01-28;"quarta-feira";"18:17:00";"SC";101;338;"TUBARAO";"Avarias e/ou desgaste excessivo no pneu";"Queda de ocupante de veículo";"Com Vítimas Feridas";"Pleno dia";"Decrescente";"Céu Claro";"Dupla";"Reta";"Não";1;0;1;0;0;0;1;1;-28,49762739;-49,04454438;"SPRF-SC";"DEL02-SC";"UOP01-DEL02-SC"