"id";"data_inversa";"dia_semana";"horario";"uf";"br";"km";"municipio";"causa_acidente";"tipo_acidente";"classificacao_acidente";"fase_dia";"sentido_via";"condicao_metereologica";"tipo_pista";"tracado_via";"uso_solo";"pessoas";"mortos";"feridos_leves";"feridos_graves";"ilesos";"ignorados";"feridos";"veiculos";"latitude";"longitude";"regional";"delegacia";"uop"
749232;2026-01-31;"sábado";"18:40:00";"MS";376;86,3;"DEODAPOLIS";"Transitar no Acostamento";"Saída de leito carroçável";"Com Vítimas Fatais";"Plena Noite";"Crescente";"Céu Claro";"Simples";"Reta";"Não";2;1;0;1;0;0;1;1;-22,296208;-54,117528;"SPRF-MS";"DEL04-MS";"UOP04-DEL04-MS"
749233;2026-01-31;"sábado";"19:35:00";"PR";277;0;"FOZ DO IGUACU";"Acumulo de areia ou detritos sobre o pavimento";"Tombamento";"Com Vítimas Feridas";"Plena Noite";"Decrescente";"Céu Claro";"Simples";"Declive;Curva";"Sim";1;0;1;0;0;0;1;1;-25,49176426;-54,51646686;"SPRF-PR";"DEL01-PR";"UOP05-DEL01-PR"
749234;2026-01-31;"sábado";"19:15:00";"RS";470;59,2;"LAGOA VERMELHA";"Ultrapassagem Indevida";"Saída de leito carroçável";"Com Vítimas Feridas";"Anoitecer";"Crescente";"Céu Claro";"Simples";"Reta";"Não";4;0;1;1;2;0;2;1;-28,08503;-51,46796;"SPRF-RS";"DEL08-RS";"UOP05-DEL08-RS"
749237;2026-01-31;"sábado";"19:46:00";"RN";101;84;"NATAL";"Ausência de reação do condutor";"Colisão traseira";"Sem Vítimas";"Plena Noite";"Crescente";"Céu Claro";"Dupla";"Reta";"Sim";2;0;0;0;1;1;0;2;-5,774417;-35,257161;"SPRF-RN";"DEL02-RN";"UOP01-DEL02-RN"
749238;2026-01-31;"sábado";"18:50:00";"BA";418;100;"NOVA VICOSA";"Transitar na contramão";"Colisão frontal";"Com Vítimas Feridas";"Plena Noite";"Decrescente";"Nublado";"Simples";"Reta";"Não";6;0;0;1;5;0;1;3;-17,90749312;-39,94352198;"SPRF-BA";"DEL09-BA";"UOP02-DEL09-BA"
749240;2026-01-31;"sábado";"19:00:00";"RS";386;73,7;"BOA VISTA DAS MISSOES";"Transitar na contramão";"Colisão transversal";"Sem Vítimas";"Pleno dia";"Crescente";"Céu Claro";"Simples";"Reta;Interseção de Vias";"Sim";3;0;0;0;3;0;0;2;-27,66813071;-53,31270067;"SPRF-RS";"DEL08-RS";"UOP02-DEL08-RS"
749241;2026-01-31;"sábado";"19:40:00";"RJ";101;407;"ITAGUAI";"Ausência de reação do condutor";"Colisão lateral mesmo sentido";"Com Vítimas Feridas";"Plena Noite";"Decrescente";"Nublado";"Dupla";"Viaduto";"Não";2;0;1;0;1;0;1;2;-22,879848;-43,822163;"SPRF-RJ";"DEL03-RJ";"UOP01-DEL03-RJ"
749244;2026-01-31;"sábado";"19:20:00";"SP";381;4;"VARGEM";"Ausência de reação do condutor";"Colisão com objeto";"Sem Vítimas";"Plena Noite";"Decrescente";"Céu Claro";"Dupla";"Reta;Declive";"Sim";1;0;0;0;1;0;0;1;-22,88406495;-46,40967965;"SPRF-SP";"DEL03-SP";"UOP02-DEL03-SP"
749246;2026-01-31;"sábado";"20:50:00";"RJ";116;284;"BARRA MANSA";"Condutor Dormindo";"Capotamento";"Com Vítimas Feridas";"Plena Noite";"Crescente";"Nublado";"Dupla";"Reta";"Não";1;0;1;0;0;0;1;1;-22,5119843;-44,2166517;"SPRF-RJ";"DEL07-RJ";"UOP02-DEL07-RJ"
749247;2026-01-31;"sábado";"21:00:00";"RJ";465;13;"SEROPEDICA";"Reação tardia ou ineficiente do condutor";"Colisão transversal";"Com Vítimas Feridas";"Plena Noite";"Crescente";"Nublado";"Simples";"Reta;Interseção de Vias";"Sim";4;0;2;0;2;0;2;3;-22,795702;-43,647693;"SPRF-RJ";"DEL06-RJ";"UOP02-DEL06-RJ"
749249;2026-01-31;"sábado";"21:30:00";"PB";101;92;"JOAO PESSOA";"Ingestão de álcool pelo condutor";"Tombamento";"Com Vítimas Feridas";"Plena Noite";"Decrescente";"Nublado";"Dupla";"Reta";"Não";1;0;1;0;0;0;1;1;-7,1637;-34,905907;"SPRF-PB";"DEL01-PB";"UOP01-DEL01-PB"
749250;2026-01-31;"sábado";"21:30:00";"CE";116;46;"PACAJUS";"Condutor usando celular";"Colisão com objeto";"Com Vítimas Feridas";"Plena Noite";"Decrescente";"Céu Claro";"Dupla";"Reta;Aclive;Retorno Regulamentado";"Não";2;0;1;1;0;0;2;1;-4,14451377;-38,47774744;"SPRF-CE";"DEL01-CE";"UOP02-DEL01-CE"
749251;2026-01-31;"sábado";"20:47:00";"GO";60;109;"GOIANAPOLIS";"Reação tardia ou ineficiente do condutor";"Saída de leito carroçável";"Sem Vítimas";"Plena Noite";"Crescente";"Chuva";"Dupla";"Declive";"Não";1;0;0;0;1;0;0;1;-16,447912;-49,023975;"SPRF-GO";"DEL01-GO";"UOP01-DEL01-GO"
749252;2026-01-31;"sábado";"19:40:00";"MT";70;153;"GENERAL CARNEIRO";"Ultrapassagem Indevida";"Atropelamento de Pedestre";"Com Vítimas Feridas";"Plena Noite";"Decrescente";"Nublado";"Simples";"Reta";"Sim";3;0;1;0;1;1;1;2;-15,57184347;-53,41768384;"SPRF-MT";"DEL07-MT";"UOP01-DEL07-MT"
749253;2026-01-31;"sábado";"21:02:00";"PE";423;96;"GARANHUNS";"Ausência de reação do condutor";"Colisão traseira";"Com Vítimas Feridas";"Plena Noite";"Crescente";"Céu Claro";"Simples";"Reta";"Não";4;0;2;0;0;2;2;3;-8,87943;-36,494992;"SPRF-PE";"DEL03-PE";"UOP01-DEL03-PE"
749254;2026-01-31;"sábado";"18:57:00";"PI";407;426;"PICOS";"Transitar na contramão";"Colisão frontal";"Com Vítimas Feridas";"Plena Noite";"Crescente";"Céu Claro";"Simples";"Reta";"Não";3;0;1;1;0;1;2;2;-7,09923935;-41,41989291;"SPRF-PI";"DEL04-PI";"UOP01-DEL04-PI"
749255;2026-01-31;"sábado";"22:00:00";"MG";40;481,5;"SETE LAGOAS";"Ausência de sinalização";"Colisão traseira";"Com Vítimas Feridas";"Plena Noite";"Decrescente";"Chuva";"Dupla";"Reta;Em Obras";"Não";3;0;2;0;1;0;2;2;-19,55462;-44,24265;"SPRF-MG";"DEL02-MG";"UOP01-DEL02-MG"
749256;2026-01-31;"sábado";"22:10:00";"RJ";101;268;"RIO BONITO";"Manobra de mudança de faixa";"Colisão transversal";"Com Vítimas Fatais";"Plena Noite";"Crescente";"Céu Claro";"Dupla";"Reta";"Sim";2;1;0;0;1;0;0;2;-22,71440361;-42,67792799;"SPRF-RJ";"DEL02-RJ";"UOP03-DEL02-RJ"
749257;2026-01-31;"sábado";"21:00:00";"BA";367;33,4;"PORTO SEGURO";"Deficiência do Sistema de Iluminação/Sinalização";"Tombamento";"Com Vítimas Feridas";"Plena Noite";"Decrescente";"Céu Claro";"Simples";"Reta";"Não";1;0;0;1;0;0;1;1;-16,416835;-39,156725;"SPRF-BA";"DEL09-BA";"UOP03-DEL09-BA"
749258;2026-01-31;"sábado";"17:20:00";"RS";285;212,2;"CASEIROS";"Reação tardia ou ineficiente do condutor";"Colisão traseira";"Sem Vítimas";"Plena Noite";"Decrescente";"Céu Claro";"Simples";"Reta;Declive";"Não";2;0;0;0;0;2;0;2;-28,24032;-51,64222;"SPRF-RS";"DEL08-RS";"UOP05-DEL08-RS"
749259;2026-01-31;"sábado";"21:40:00";"ES";101;97;"JAGUARE";"Ausência de reação do condutor";"Colisão traseira";"Com Vítimas Feridas";"Plena Noite";"Crescente";"Céu Claro";"Simples";"Reta";"Não";8;0;4;0;4;0;4;2;-18,9559383;-39,9833333;"SPRF-ES";"DEL04-ES";"UOP02-DEL04-ES"
749260;2026-01-31;"sábado";"20:35:00";"MT";174;2;"PONTES E LACERDA";"Reação tardia ou ineficiente do condutor";"Queda de ocupante de veículo";"Com Vítimas Feridas";"Plena Noite";"Decrescente";"Céu Claro";"Simples";"Reta;Interseção de Vias";"Sim";1;0;1;0;0;0;1;1;-15,25227669;-59,32935745;"SPRF-MT";"DEL04-MT";"UOP01-DEL04-MT"
749263;2026-01-31;"sábado";"22:15:00";"SE";101;185;"UMBAUBA";"Pedestre cruzava a pista fora da faixa";"Atropelamento de Pedestre";"Com Vítimas Fatais";"Plena Noite";"Decrescente";"Céu Claro";"Simples";"Reta";"Não";2;1;0;0;1;0;0;2;-11,39614309;-37,67775983;"SPRF-SE";"DEL02-SE";"UOP03-DEL02-SE"
749264;2026-01-31;"sábado";"22:42:00";"PI";343;339;"TERESINA";"Acessar a via sem observar a presença dos outros veículos";"Colisão traseira";"Com Vítimas Feridas";"Plena Noite";"Crescente";"Céu Claro";"Dupla";"Reta";"Sim";2;0;2;0;0;0;2;2;-5,07305;-42,73556;"SPRF-PI";"DEL01-PI";"UOP01-DEL01-PI"
749265;2026-01-31;"sábado";"23:00:00";"MG";381;480,8;"CONTAGEM";"Pedestre cruzava a pista fora da faixa";"Atropelamento de Pedestre";"Com Vítimas Fatais";"Plena Noite";"Crescente";"Céu Claro";"Dupla";"Curva";"Sim";2;1;0;0;1;0;0;2;-19,95850516;-44,05792236;"SPRF-MG";"DEL01-MG";"UOP03-DEL01-MG"
749266;2026-01-31;"sábado";"22:40:00";"SC";101;134,6;"BALNEARIO CAMBORIU";"Reação tardia ou ineficiente do condutor";"Tombamento";"Com Vítimas Feridas";"Plena Noite";"Crescente";"Nublado";"Dupla";"Reta";"Sim";1;0;1;0;0;0;1;1;-27,00408;-48,63123;"SPRF-SC";"DEL04-SC";"UOP03-DEL04-SC"
749267;2026-01-31;"sábado";"23:10:00";"SE";349;18;"NEOPOLIS";"Ingestão de álcool pelo condutor";"Colisão frontal";"Com Vítimas Fatais";"Plena Noite";"Crescente";"Céu Claro";"Simples";"Reta";"Não";3;1;0;1;0;1;1;2;-10,35254;-36,71529;"SPRF-SE";"DEL02-SE";"UOP02-DEL02-SE"
749269;2026-01-31;"sábado";"22:20:00";"PR";277;58;"SAO JOSE DOS PINHAIS";"Demais falhas mecânicas ou elétricas";"Colisão com objeto";"Com Vítimas Feridas";"Plena Noite";"Crescente";"Céu Claro";"Dupla";"Aclive";"Não";4;0;1;0;3;0;1;1;-25,57257144;-48,99103817;"SPRF-PR";"DEL01-PR";"UOP01-DEL01-PR"
749271;2026-01-31;"sábado";"21:39:00";"RN";226;2,3;"NATAL";"Manobra de mudança de faixa";"Colisão frontal";"Com Vítimas Feridas";"Plena Noite";"Decrescente";"Céu Claro";"Simples";"Reta";"Sim";2;0;1;0;1;0;1;2;-5,816;-35,249;"SPRF-RN";"DEL01-RN";"UOP02-DEL01-RN"
749277;2026-01-31;"sábado";"19:30:00";"PI";343;233,2;"COCAL DE TELHA";"Transitar na contramão";"Colisão frontal";"Com Vítimas Feridas";"Plena Noite";"Crescente";"Céu Claro";"Simples";"Curva";"Não";3;0;2;0;1;0;2;3;-4,61992223;-42,00104714;"SPRF-PI";"DEL01-PI";"UOP03-DEL01-PI"
749278;2026-01-31;"sábado";"22:00:00";"BA";101;342;"TEOLANDIA";"Ausência de reação do condutor";"Saída de leito carroçável";"Com Vítimas Feridas";"Plena Noite";"Crescente";"Nublado";"Simples";"Reta";"Não";1;0;1;0;0;0;1;1;-13,568231;-39,473929;"SPRF-BA";"DEL05-BA";"UOP03-DEL05-BA"
749300;2026-01-31;"sábado";"22:40:00";"PI";230;200;"OEIRAS";"Ausência de reação do condutor";"Tombamento";"Com Vítimas Feridas";"Plena Noite";"Crescente";"Nublado";"Simples";"Aclive";"Sim";1;0;0;1;0;0;1;1;-7,01696;-42,14996;"SPRF-PI";"DEL03-PI";"UOP01-DEL03-PI"
749309;2026-01-31;"sábado";"21:20:00";"SP";101;46;"UBATUBA";"Ausência de reação do condutor";"Colisão com objeto";"Sem Vítimas";"Plena Noite";"Crescente";"Céu Claro";"Simples";"Reta";"Sim";1;0;0;0;1;0;0;1;-23,42793841;-45,08009847;"SPRF-SP";"DEL06-SP";"UOP01-DEL06-SP"
749311;2026-01-31;"sábado";"20:45:00";"RO";364;275,4;"CACOAL";"Ingestão de álcool pelo condutor";"Saída de leito carroçável";"Sem Vítimas";"Plena Noite";"Decrescente";"Céu Claro";"Simples";"Curva";"Não";1;0;0;0;1;0;0;1;-11,388788;-61,763292;"SPRF-RO";"DEL02-RO";"UOP02-DEL02-RO"
749318;2026-01-28;"quarta-feira";"17:15:00";"PR";116;67;"QUATRO BARRAS";"Velocidade Incompatível";"Colisão traseira";"Sem Vítimas";"Pleno dia";"Decrescente";"Céu Claro";"Dupla";"Reta";"Não";2;0;0;0;0;2;0;2;-25,3145076;-49,01729719;"SPRF-PR";"DEL01-PR";"UOP02-DEL01-PR"
749333;2026-01-30;"sexta-feira";"17:50:00";"MG";50;69;"UBERLANDIA";"Manobra de mudança de faixa";"Tombamento";"Com Vítimas Feridas";"Pleno dia";"Crescente";"Céu Claro";"Dupla";"Reta;Aclive";"Sim";1;0;1;0;0;0;1;1;-18,8849634;-48,2650074;"SPRF-MG";"DEL15-MG";"UOP01-DEL15-MG"
749353;2026-01-27;"terça-feira";"06:05:00";"SC";280;20,8;"ARAQUARI";"Acessar a via sem observar a presença dos outros veículos";"Colisão transversal";"Com Vítimas Feridas";"Pleno dia";"Crescente";"Céu Claro";"Dupla";"Reta";"Sim";2;0;1;0;1;0;1;2;-26,370282;-48,688605;"SPRF-SC";"DEL03-SC";"UOP03-DEL03-SC"
749365;2026-01-19;"segunda-feira";"14:55:00";"PR";476;96;"BOCAIUVA DO SUL";"Ausência de reação do condutor";"Tombamento";"Com Vítimas Feridas";"Pleno dia";"Decrescente";"Céu Claro";"Simples";"Curva";"Sim";2;0;1;0;1;0;1;1;-25,230827;-49,120259;"SPRF-PR";"DEL01-PR";"UOP01-DEL01-PR"
749433;2026-01-25;"domingo";"05:00:00";"RJ";101;477,9;"ANGRA DOS REIS";"Desvio temporário";"Queda de ocupante de veículo";"Com Vítimas Feridas";"Amanhecer";"Crescente";"Céu Claro";"Simples";"Curva";"Não";2;0;1;0;1;0;1;2;-22,99809;-44,26466;"SPRF-RJ";"DEL03-RJ";"UOP03-DEL03-RJ"
749447;2026-01-17;"sábado";"10:15:00";"MS";376;141;"IVINHEMA";"Acessar a via sem observar a presença dos outros veículos";"Colisão transversal";"Com Vítimas Feridas";"Pleno dia";"Decrescente";"Céu Claro";"Simples";"Reta";"Não";3;0;1;1;1;0;2;2;-22,389712;-53,61081;"SPRF-MS";"DEL04-MS";"UOP04-DEL04-MS"
749510;2026-01-24;"sábado";"01:25:00";"PR";277;595;"CASCAVEL";"Desrespeitar a preferência no cruzamento";"Colisão frontal";"Com Vítimas Feridas";"Plena Noite";"Decrescente";"Céu Claro";"Simples";"Aclive;Reta;Interseção de Vias";"Sim";2;0;0;1;1;0;1;2;-24,983464;-53,472927;"SPRF-PR";"DEL04-PR";"UOP01-DEL04-PR"
749562;2026-01-25;"domingo";"23:15:00";"PR";369;145,9;"LONDRINA";"Ingestão de álcool pelo condutor";"Colisão traseira";"Com Vítimas Feridas";"Plena Noite";"Decrescente";"Céu Claro";"Dupla";"Reta";"Sim";5;0;3;0;2;0;3;2;-23,29316752;-51,12000553;"SPRF-PR";"DEL07-PR";"UOP01-DEL07-PR"
749565;2026-01-30;"sexta-feira";"08:00:00";"MS";262;320;"CAMPO GRANDE";"Acessar a via sem observar a presença dos outros veículos";"Colisão transversal";"Com Vítimas Feridas";"Pleno dia";"Decrescente";"Céu Claro";"Simples";"Retorno Regulamentado;Reta;Interseção de Vias";"Sim";2;0;0;1;1;0;1;2;-20,46997698;-54,48279421;"SPRF-MS";"DEL01-MS";"UOP01-DEL01-MS"
749573;2026-01-30;"sexta-feira";"06:10:00";"MT";364;1233;"COMODORO";"Ausência de reação do condutor";"Saída de leito carroçável";"Com Vítimas Feridas";"Pleno dia";"Crescente";"Sol";"Simples";"Reta";"Não";2;0;1;1;0;0;2;1;-13,67424648;-59,74084856;"SPRF-MT";"DEL04-MT";"UOP02-DEL04-MT"
749586;2026-01-09;"sexta-feira";"15:00:00";"RJ";495;21,5;"PETROPOLIS";"Demais falhas mecânicas ou elétricas";"Incêndio";"Sem Vítimas";"Pleno dia";"Decrescente";"Céu Claro";"Simples";"Reta";"Sim";4;0;0;0;4;0;0;1;-22,427587;-43,060245;"SPRF-RJ";"DEL05-RJ";"UOP02-DEL05-RJ"
749598;2026-01-07;"quarta-feira";"21:45:00";"RJ";40;69,6;"PETROPOLIS";"Ausência de reação do condutor";"Colisão traseira";"Com Vítimas Feridas";"Plena Noite";"Decrescente";"Chuva";"Dupla";"Reta";"Não";5;0;2;2;1;0;4;2;-22,447744;-43,197338;"SPRF-RJ";"DEL05-RJ";"UOP02-DEL05-RJ"
749643;2026-01-30;"sexta-feira";"13:50:00";"RJ";116;125;"MAGE";"Avarias e/ou desgaste excessivo no pneu";"Queda de ocupante de veículo";"Com Vítimas Feridas";"Pleno dia";"Decrescente";"Céu Claro";"Dupla";"Reta";"Sim";2;0;2;0;0;0;2;1;-22,64746239;-43,07181358;"SPRF-RJ";"DEL04-RJ";"UOP02-DEL04-RJ"
749754;2026-01-31;"sábado";"00:00:00";"PR";277;11;"PARANAGUA";"Reação tardia ou ineficiente do condutor";"Colisão com objeto";"Sem Vítimas";"Plena Noite";"Crescente";"Nublado";"Dupla";"Curva";"Sim";3;0;0;0;3;0;0;1;-25,564802;-48,629302;"SPRF-PR";"DEL01-PR";"UOP05-DEL01-PR"
749755;2026-01-31;"sábado";"06:00:00";"PR";277;20;"MORRETES";"Reação tardia ou ineficiente do condutor";"Saída de leito carroçável";"Com Vítimas Feridas";"Pleno dia";"Crescente";"Céu Claro";"Dupla";"Reta;Ponte";"Não";1;0;1;0;0;0;1;1;-25,53319;-48,713345;"SPRF-PR";"DEL01-PR";"UOP05-DEL01-PR"
749766;2026-01-03;"sábado";"12:00:00";"BA";242;488;"OLIVEIRA DOS BREJINHOS";"Pista esburacada";"Tombamento";"Com Vítimas Feridas";"Pleno dia";"Crescente";"Céu Claro";"Simples";"Curva;Declive";"Não";2;0;1;1;0;0;2;1;-12,411331;-42,363148;"SPRF-BA";"DEL06-BA";"UOP01-DEL06-BA"
749790;2026-01-30;"sexta-feira";"18:50:00";"BA";101;620;"MASCOTE";"Velocidade Incompatível";"Colisão lateral sentido oposto";"Com Vítimas Feridas";"Plena Noite";"Decrescente";"Céu Claro";"Simples";"Reta";"Não";3;0;1;0;2;0;1;2;-15,59321521;-39,41830158;"SPRF-BA";"DEL05-BA";"UOP02-DEL05-BA"
749794;2026-01-11;"domingo";"16:50:00";"SC";282;446;"PONTE SERRADA";"Ultrapassagem Indevida";"Saída de leito carroçável";"Com Vítimas Feridas";"Pleno dia";"Crescente";"Céu Claro";"Simples";"Curva";"Não";2;0;0;1;0;1;1;2;-26,9123695;-51,90526128;"SPRF-SC";"DEL07-SC";"UOP04-DEL07-SC"
749795;2026-01-24;"sábado";"23:54:00";"PR";369;141;"IBIPORA";"Acessar a via sem observar a presença dos outros veículos";"Colisão transversal";"Com Vítimas Feridas";"Plena Noite";"Crescente";"Céu Claro";"Dupla";"Rotatória";"Sim";3;0;1;0;1;1;1;2;-23,28566813;-51,07427923;"SPRF-PR";"DEL07-PR";"UOP01-DEL07-PR"
749797;2026-01-23;"sexta-feira";"02:00:00";"GO";20;67,3;"FORMOSA";"Reação tardia ou ineficiente do condutor";"Saída de leito carroçável";"Com Vítimas Fatais";"Plena Noite";"Decrescente";"Chuva";"Simples";"Declive";"Não";3;1;0;0;2;0;0;1;-15,194598;-47,151688;"SPRF-DF";"DEL02-DF";"UOP02-DEL02-DF"
749810;2026-01-05;"segunda-feira";"10:00:00";"MG";365;226,5;"BURITIZEIRO";"Acumulo de água sobre o pavimento";"Saída de leito carroçável";"Com Vítimas Feridas";"Pleno dia";"Crescente";"Chuva";"Simples";"Reta";"Não";3;0;3;0;0;0;3;1;-17,64770268;-45,40649414;"SPRF-MG";"DEL10-MG";"UOP02-DEL010-MG"
749851;2026-01-18;"domingo";"17:00:00";"PR";116;15;"COLOMBO";"Condutor deixou de manter distância do veículo da frente";"Colisão traseira";"Com Vítimas Feridas";"Pleno dia";"Crescente";"Ignorado";"Dupla";"Reta";"Sim";3;0;1;0;1;1;1;2;-25,381406;-49,163503;"SPRF-PR";"DEL01-PR";"UOP02-DEL01-PR"
749859;2026-01-22;"quinta-feira";"23:00:00";"AL";104;90;"RIO LARGO";"Condutor deixou de manter distância do veículo da frente";"Colisão traseira";"Com Vítimas Feridas";"Plena Noite";"Decrescente";"Ignorado";"Dupla";"Retorno Regulamentado";"Sim";2;0;1;0;1;0;1;2;-9,47656928;-35,82124203;"SPRF-AL";"DEL01-AL";"UOP01-DEL01-AL"
749972;2026-01-23;"sexta-feira";"22:00:00";"SC";101;206,2;"SAO JOSE";"Condutor deixou de manter distância do veículo da frente";"Colisão lateral mesmo sentido";"Sem Vítimas";"Plena Noite";"Decrescente";"Céu Claro";"Simples";"Reta";"Não";3;0;0;0;3;0;0;2;-27,594352;-48,618623;"SPRF-SC";"DEL01-SC";"UOP01-DEL01-SC"
749978;2026-01-30;"sexta-feira";"13:45:00";"PE";101;44;"IGARASSU";"Acessar a via sem observar a presença dos outros veículos";"Colisão transversal";"Com Vítimas Feridas";"Pleno dia";"Crescente";"Sol";"Múltipla";"Reta;Retorno Regulamentado";"Sim";3;0;1;1;0;1;2;2;-7,857828;-34,90858;"SPRF-PE";"DEL01-PE";"UOP02-DEL01-PE"
749992;2026-01-23;"sexta-feira";"10:00:00";"RJ";116;50,8;"TERESOPOLIS";"Chuva";"Capotamento";"Com Vítimas Feridas";"Pleno dia";"Crescente";"Chuva";"Simples";"Curva";"Não";3;0;1;0;2;0;1;1;-22,186549;-42,856947;"SPRF-RJ";"DEL04-RJ";"UOP01-DEL04-RJ"
749997;2026-01-23;"sexta-feira";"13:00:00";"MG";381;651,3;"SANTO ANTONIO DO AMPARO";"Chuva";"Saída de leito carroçável";"Com Vítimas Feridas";"Pleno dia";"Decrescente";"Chuva";"Dupla";"Curva";"Não";1;0;1;0;0;0;1;1;-20,959024;-44,921609;"SPRF-MG";"DEL04-MG";"UOP02-DEL04-MG"
750014;2026-01-19;"segunda-feira";"14:50:00";"GO";60;33,1;"ALEXANIA";"Acumulo de água sobre o pavimento";"Capotamento";"Com Vítimas Feridas";"Pleno dia";"Crescente";"Chuva";"Dupla";"Curva";"Não";4;0;1;1;2;0;2;1;-16,097388;-48,521287;"SPRF-DF";"DEL03-DF";"UOP01-DEL03-DF"
750022;2026-01-30;"sexta-feira";"14:10:00";"PE";101;44;"IGARASSU";"Manobra de mudança de faixa";"Colisão lateral mesmo sentido";"Com Vítimas Feridas";"Pleno dia";"Crescente";"Sol";"Múltipla";"Reta";"Não";3;0;2;0;1;0;2;2;-7,856938;-34,908695;"SPRF-PE";"DEL01-PE";"UOP02-DEL01-PE"
750029;2026-01-31;"sábado";"07:30:00";"SC";101;211,7;"PALHOCA";"Reação tardia ou ineficiente do condutor";"Colisão traseira";"Com Vítimas Feridas";"Pleno dia";"Decrescente";"Céu Claro";"Múltipla";"Reta";"Não";3;0;0;2;1;0;2;2;-27,62817263;-48,65702033;"SPRF-SC";"DEL01-SC";"UOP02-DEL01-SC"
750083;2026-01-30;"sexta-feira";"08:00:00";"MS";163;208;"CAARAPO";"Ausência de reação do condutor";"Saída de leito carroçável";"Sem Vítimas";"Pleno dia";"Decrescente";"Sol";"Simples";"Reta";"Sim";1;0;0;0;0;1;0;1;-22,63986;-54,81371;"SPRF-MS";"DEL04-MS";"UOP02-DEL04-MS"
750132;2026-01-02;"sexta-feira";"04:33:00";"SE";101;59;"ROSARIO DO CATETE";"Condutor Dormindo";"Colisão com objeto";"Com Vítimas Feridas";"Amanhecer";"Decrescente";"Céu Claro";"Simples";"Ponte";"Não";1;0;0;1;0;0;1;1;-10,69771937;-37,04658508;"SPRF-SE";"DEL02-SE";"UOP02-DEL02-SE"
750161;2026-01-05;"segunda-feira";"03:37:00";"GO";153;589;"PIRACANJUBA";"Animais na Pista";"Atropelamento de Animal";"Com Vítimas Feridas";"Plena Noite";"Crescente";"Nublado";"Dupla";"Reta";"Não";1;0;0;1;0;0;1;1;-17,455747;-49,224635;"SPRF-GO";"DEL03-GO";"UOP01-DEL03-GO"
750212;2026-01-01;"quinta-feira";"18:00:00";"RJ";101;454,6;"MANGARATIBA";"Condutor deixou de manter distância do veículo da frente";"Colisão traseira";"Com Vítimas Feridas";"Pleno dia";"Crescente";"Nublado";"Simples";"Reta";"Sim";3;0;1;0;2;0;1;2;-23,0334717;-44,1551389;"SPRF-RJ";"DEL03-RJ";"UOP02-DEL03-RJ"
750227;2026-01-16;"sexta-feira";"19:35:00";"SC";282;3,5;"FLORIANOPOLIS";"Manobra de mudança de faixa";"Colisão lateral mesmo sentido";"Com Vítimas Feridas";"Plena Noite";"Crescente";"Céu Claro";"Dupla";"Curva";"Não";2;0;1;0;1;0;1;2;-27,595322;-48,601271;"SPRF-SC";"DEL01-SC";"UOP01-DEL01-SC"
750234;2026-01-27;"terça-feira";"22:00:00";"RJ";356;173;"SAO JOAO DA BARRA";"Ingestão de substâncias psicoativas pelo condutor";"Colisão traseira";"Com Vítimas Fatais";"Plena Noite";"Decrescente";"Céu Claro";"Simples";"Reta";"Não";3;2;1;0;0;0;1;2;-21,71840072;-41,06994152;"SPRF-RJ";"DEL08-RJ";"UOP02-DEL08-RJ"
750287;2026-01-28;"quarta-feira";"21:15:00";"RJ";116;126;"MAGE";"Demais falhas na via";"Tombamento";"Com Vítimas Feridas";"Plena Noite";"Decrescente";"Céu Claro";"Dupla";"Reta";"Não";2;0;2;0;0;0;2;1;-22,6553542;-43,08738367;"SPRF-RJ";"DEL04-RJ";"UOP02-DEL04-RJ"
750370;2026-01-22;"quinta-feira";"15:30:00";"BA";116;228;"EUCLIDES DA CUNHA";"Demais falhas mecânicas ou elétricas";"Incêndio";"Com Vítimas Feridas";"Pleno dia";"Crescente";"Céu Claro";"Simples";"Reta";"Não";1;0;1;0;0;0;1;1;-10,60109544;-38,973808;"SPRF-BA";"DEL07-BA";"UOP03-DEL07-BA"
750419;2026-01-24;"sábado";"09:15:00";"SC";282;568;"NOVA ERECHIM";"Ultrapassagem Indevida";"Saída de leito carroçável";"Com Vítimas Feridas";"Pleno dia";"Crescente";"Céu Claro";"Simples";"Reta";"Não";3;0;2;0;0;1;2;2;-26,90393117;-52,91135788;"SPRF-SC";"DEL07-SC";"UOP02-DEL07-SC"
750424;2026-01-12;"segunda-feira";"08:30:00";"PR";277;7;"FOZ DO IGUACU";"Faixas de trânsito com largura insuficiente";"Atropelamento de Pedestre";"Com Vítimas Feridas";"Pleno dia";"Decrescente";"Sol";"Simples";"Em Obras;Interseção de Vias";"Não";2;0;2;0;0;0;2;2;-25,57426596;-54,5499301;"SPRF-PR";"DEL05-PR";"UOP04-DEL05-PR"
750443;2026-01-17;"sábado";"10:50:00";"MG";381;497;"BETIM";"Reação tardia ou ineficiente do condutor";"Tombamento";"Com Vítimas Feridas";"Pleno dia";"Crescente";"Céu Claro";"Múltipla";"Curva";"Sim";1;0;1;0;0;0;1;1;-19,97634;-44,19953;"SPRF-MG";"DEL01-MG";"UOP03-DEL01-MG"