"id";"data_inversa";"dia_semana";"horario";"uf";"br";"km";"municipio";"causa_acidente";"tipo_acidente";"classificacao_acidente";"fase_dia";"sentido_via";"condicao_metereologica";"tipo_pista";"tracado_via";"uso_solo";"pessoas";"mortos";"feridos_leves";"feridos_graves";"ilesos";"ignorados";"feridos";"veiculos";"latitude";"longitude";"regional";"delegacia";"uop"
750459;2026-01-27;"terça-feira";"13:40:00";"RJ";101;316;"SAO GONCALO";"Reação tardia ou ineficiente do condutor";"Colisão traseira";"Com Vítimas Feridas";"Pleno dia";"Decrescente";"Nublado";"Dupla";"Reta";"Sim";4;0;2;0;2;0;2;2;-22,83372728;-43,0942297;"SPRF-RJ";"DEL02-RJ";"UOP02-DEL02-RJ"
750627;2026-01-22;"quinta-feira";"09:45:00";"RJ";101;473,6;"ANGRA DOS REIS";"Acessar a via sem observar a presença dos outros veículos";"Colisão transversal";"Com Vítimas Feridas";"Pleno dia";"Decrescente";"Céu Claro";"Simples";"Declive;Retorno Regulamentado";"Sim";3;0;0;1;2;0;1;2;-22,99285301;-44,24713433;"SPRF-RJ";"DEL03-RJ";"UOP03-DEL03-RJ"
750632;2026-01-23;"sexta-feira";"11:00:00";"SC";101;24,5;"JOINVILLE";"Demais falhas mecânicas ou elétricas";"Incêndio";"Sem Vítimas";"Pleno dia";"Crescente";"Céu Claro";"Dupla";"Reta";"Sim";18;0;0;0;18;0;0;1;-26,17960731;-48,90937328;"SPRF-SC";"DEL03-SC";"UOP01-DEL03-SC"
750633;2026-01-30;"sexta-feira";"22:15:00";"RJ";101;459;"ANGRA DOS REIS";"Reação tardia ou ineficiente do condutor";"Colisão transversal";"Com Vítimas Feridas";"Plena Noite";"Decrescente";"Garoa/Chuvisco";"Dupla";"Reta";"Não";2;0;1;1;0;0;2;2;-22,98990379;-44,24197473;"SPRF-RJ";"DEL03-RJ";"UOP03-DEL03-RJ"
750710;2026-01-24;"sábado";"05:40:00";"MG";50;72;"UBERLANDIA";"Frear bruscamente";"Tombamento";"Com Vítimas Feridas";"Amanhecer";"Decrescente";"Nublado";"Dupla";"Reta";"Não";1;0;0;1;0;0;1;1;-18,898848;-48,242333;"SPRF-MG";"DEL15-MG";"UOP01-DEL15-MG"
750900;2026-01-31;"sábado";"10:00:00";"MS";163;320;"RIO BRILHANTE";"Manobra de mudança de faixa";"Colisão lateral mesmo sentido";"Com Vítimas Feridas";"Pleno dia";"Crescente";"Sol";"Simples";"Reta";"Não";8;0;3;1;1;3;4;3;-21,88979268;-54,52379599;"SPRF-MS";"DEL02-MS";"UOP02-DEL02-MS"
750976;2026-01-27;"terça-feira";"19:20:00";"RJ";101;298;"ITABORAI";"Reação tardia ou ineficiente do condutor";"Colisão transversal";"Com Vítimas Feridas";"Plena Noite";"Decrescente";"Céu Claro";"Dupla";"Reta";"Sim";5;0;2;0;3;0;2;2;-22,77277086;-42,93351815;"SPRF-RJ";"DEL02-RJ";"UOP02-DEL02-RJ"
751128;2026-01-31;"sábado";"13:10:00";"RJ";40;123;"DUQUE DE CAXIAS";"Reação tardia ou ineficiente do condutor";"Queda de ocupante de veículo";"Com Vítimas Feridas";"Pleno dia";"Decrescente";"Céu Claro";"Múltipla";"Reta";"Sim";1;0;1;0;0;0;1;1;-22,80375929;-43,28986001;"SPRF-RJ";"DEL01-RJ";"UOP02-DEL01-RJ"
751138;2026-01-31;"sábado";"16:00:00";"AP";156;598;"CALCOENE";"Ausência de reação do condutor";"Saída de leito carroçável";"Sem Vítimas";"Pleno dia";"Decrescente";"Chuva";"Simples";"Reta";"Não";1;0;0;0;1;0;0;1;2,48310238;-50,97413349;"SPRF-AP";"DEL01-AP";"UOP02-DEL01-AP"
751151;2026-01-29;"quinta-feira";"17:30:00";"PR";376;487,3;"PONTA GROSSA";"Ausência de reação do condutor";"Engavetamento";"Com Vítimas Feridas";"Anoitecer";"Decrescente";"Chuva";"Dupla";"Reta;Declive";"Sim";4;0;1;0;3;0;1;4;-25,12761;-50,17647;"SPRF-PR";"DEL03-PR";"UOP04-DEL03-PR"
751203;2026-01-29;"quinta-feira";"08:04:00";"RJ";40;120;"DUQUE DE CAXIAS";"Reação tardia ou ineficiente do condutor";"Colisão lateral mesmo sentido";"Com Vítimas Feridas";"Pleno dia";"Crescente";"Céu Claro";"Múltipla";"Reta";"Sim";2;0;1;0;0;1;1;2;-22,777602;-43,284913;"SPRF-RJ";"DEL01-RJ";"UOP02-DEL01-RJ"
751342;2026-01-25;"domingo";"17:00:00";"MG";381;727;"CARMO DA CACHOEIRA";"Ausência de reação do condutor";"Saída de leito carroçável";"Com Vítimas Feridas";"Pleno dia";"Crescente";"Nublado";"Dupla";"Curva;Aclive";"Não";1;0;1;0;0;0;1;1;-21,51583943;-45,22069256;"SPRF-MG";"DEL04-MG";"UOP02-DEL04-MG"
751351;2026-01-29;"quinta-feira";"19:00:00";"PR";376;614;"SAO JOSE DOS PINHAIS";"Ausência de reação do condutor";"Colisão lateral mesmo sentido";"Com Vítimas Feridas";"Plena Noite";"Decrescente";"Garoa/Chuvisco";"Dupla";"Declive;Reta";"Sim";3;0;1;0;1;1;1;3;-25,5817993;-49,1773441;"SPRF-PR";"DEL01-PR";"UOP03-DEL01-PR"
751395;2026-01-13;"terça-feira";"18:17:00";"SC";101;232,9;"PALHOCA";"Reação tardia ou ineficiente do condutor";"Colisão traseira";"Com Vítimas Feridas";"Anoitecer";"Decrescente";"Nublado";"Dupla";"Aclive;Reta";"Não";3;0;1;0;2;0;1;2;-27,80221835;-48,63772184;"SPRF-SC";"DEL01-SC";"UOP02-DEL01-SC"
751398;2026-01-17;"sábado";"18:05:00";"PR";277;44;"MORRETES";"Velocidade Incompatível";"Colisão lateral mesmo sentido";"Com Vítimas Feridas";"Anoitecer";"Crescente";"Chuva";"Dupla";"Curva;Aclive";"Não";2;0;1;0;0;1;1;2;-25,5930329;-48,8904913;"SPRF-PR";"DEL01-PR";"UOP05-DEL01-PR"
751448;2026-01-15;"quinta-feira";"15:27:00";"SC";280;28,5;"ARAQUARI";"Trafegar com motocicleta (ou similar) entre as faixas";"Colisão transversal";"Com Vítimas Feridas";"Pleno dia";"Decrescente";"Céu Claro";"Simples";"Reta;Interseção de Vias";"Sim";3;0;1;0;2;0;1;2;-26,40832864;-48,74815676;"SPRF-SC";"DEL03-SC";"UOP03-DEL03-SC"
751517;2026-01-04;"domingo";"00:30:00";"SC";101;149,2;"ITAPEMA";"Acessar a via sem observar a presença dos outros veículos";"Colisão transversal";"Com Vítimas Feridas";"Plena Noite";"Decrescente";"Céu Claro";"Simples";"Reta";"Não";2;0;1;0;1;0;1;2;-27,09886517;-48,62205505;"SPRF-SC";"DEL04-SC";"UOP03-DEL04-SC"
751537;2026-01-26;"segunda-feira";"13:00:00";"PR";277;64;"SAO JOSE DOS PINHAIS";"Reação tardia ou ineficiente do condutor";"Colisão traseira";"Com Vítimas Feridas";"Pleno dia";"Decrescente";"Céu Claro";"Dupla";"Reta";"Não";8;0;1;0;5;2;1;4;-25,52639052;-49,09968942;"SPRF-PR";"DEL01-PR";"UOP01-DEL01-PR"
751575;2026-01-10;"sábado";"21:50:00";"AL";423;77,1;"AGUA BRANCA";"Animais na Pista";"Atropelamento de Animal";"Com Vítimas Feridas";"Plena Noite";"Decrescente";"Céu Claro";"Simples";"Ponte;Reta";"Não";3;0;1;1;1;0;2;2;-9,32011244;-37,95972705;"SPRF-AL";"DEL03-AL";"UOP02-DEL03-AL"
751578;2026-01-30;"sexta-feira";"18:40:00";"RJ";101;466;"ANGRA DOS REIS";"Pista Escorregadia";"Colisão frontal";"Com Vítimas Feridas";"Anoitecer";"Crescente";"Nublado";"Simples";"Declive";"Não";7;0;0;6;1;0;6;2;-23,01124791;-44,23127621;"SPRF-RJ";"DEL03-RJ";"UOP03-DEL03-RJ"
751582;2026-01-10;"sábado";"16:40:00";"CE";20;279,2;"CANINDE";"Manobra de mudança de faixa";"Colisão lateral sentido oposto";"Com Vítimas Fatais";"Pleno dia";"Crescente";"Céu Claro";"Simples";"Aclive;Reta";"Não";7;3;3;1;0;0;4;3;-4,587122;-39,362162;"SPRF-CE";"DEL02-CE";"UOP01-DEL02-CE"
751699;2026-01-10;"sábado";"10:00:00";"RS";386;245,3;"SOLEDADE";"Acessar a via sem observar a presença dos outros veículos";"Colisão transversal";"Com Vítimas Feridas";"Pleno dia";"Crescente";"Céu Claro";"Simples";"Em Obras;Reta;Interseção de Vias";"Sim";4;0;0;1;3;0;1;2;-28,804659;-52,506631;"SPRF-RS";"DEL04-RS";"UOP03-DEL04-RS"
751712;2026-01-18;"domingo";"11:20:00";"TO";153;148;"ARAGUAINA";"Transitar na contramão";"Colisão frontal";"Com Vítimas Feridas";"Pleno dia";"Crescente";"Céu Claro";"Simples";"Curva";"Sim";2;0;1;0;1;0;1;2;-7,23301251;-48,25329334;"SPRF-TO";"DEL02-TO";"UOP01-DEL02-TO"
751779;2026-01-26;"segunda-feira";"19:20:00";"BA";324;618;"SALVADOR";"Acessar a via sem observar a presença dos outros veículos";"Colisão transversal";"Com Vítimas Feridas";"Plena Noite";"Decrescente";"Céu Claro";"Dupla";"Interseção de Vias";"Sim";2;0;1;0;1;0;1;2;-12,9028437;-38,45386505;"SPRF-BA";"DEL01-BA";"UOP01-DEL01-BA"
751806;2026-01-19;"segunda-feira";"10:25:00";"SC";101;75,9;"ARAQUARI";"Reação tardia ou ineficiente do condutor";"Engavetamento";"Sem Vítimas";"Pleno dia";"Decrescente";"Nublado";"Dupla";"Reta";"Sim";4;0;0;0;4;0;0;4;-26,55382403;-48,71906016;"SPRF-SC";"DEL03-SC";"UOP02-DEL03-SC"
751874;2026-01-08;"quinta-feira";"06:45:00";"SP";116;141,8;"SAO JOSE DOS CAMPOS";"Trafegar com motocicleta (ou similar) entre as faixas";"Colisão lateral mesmo sentido";"Com Vítimas Feridas";"Pleno dia";"Crescente";"Céu Claro";"Dupla";"Reta";"Sim";2;0;1;0;1;0;1;2;-23,17132489;-45,82415294;"SPRF-SP";"DEL02-SP";"UOP01-DEL02-SP"
751993;2026-01-01;"quinta-feira";"04:20:00";"PR";277;9;"FOZ DO IGUACU";"Transitar na contramão";"Colisão frontal";"Com Vítimas Feridas";"Plena Noite";"Crescente";"Nublado";"Dupla";"Viaduto";"Sim";2;0;0;1;0;1;1;2;-25,5762463;-54,5498654;"SPRF-PR";"DEL05-PR";"UOP04-DEL05-PR"
752196;2026-01-10;"sábado";"15:50:00";"SC";282;44;"AGUAS MORNAS";"Reação tardia ou ineficiente do condutor";"Colisão transversal";"Com Vítimas Feridas";"Pleno dia";"Crescente";"Nublado";"Simples";"Curva";"Não";5;0;3;0;2;0;3;2;-27,721617;-48,908061;"SPRF-SC";"DEL01-SC";"UOP03-DEL01-SC"
752206;2026-01-20;"terça-feira";"22:00:00";"BA";110;341;"ALAGOINHAS";"Acessar a via sem observar a presença dos outros veículos";"Colisão transversal";"Com Vítimas Feridas";"Plena Noite";"Decrescente";"Céu Claro";"Simples";"Reta";"Não";2;0;1;0;1;0;1;2;-12,164728;-38,412769;"SPRF-BA";"DEL01-BA";"UOP04-DEL01-BA"
752246;2026-01-21;"quarta-feira";"13:25:00";"RS";158;566;"SANTANA DO LIVRAMENTO";"Condutor deixou de manter distância do veículo da frente";"Saída de leito carroçável";"Com Vítimas Feridas";"Pleno dia";"Crescente";"Céu Claro";"Simples";"Curva";"Não";3;0;0;1;2;0;1;2;-30,89254573;-55,50759522;"SPRF-RS";"DEL11-RS";"UOP01-DEL11-RS"
752265;2026-01-27;"terça-feira";"21:20:00";"BA";324;518;"FEIRA DE SANTANA";"Manobra de mudança de faixa";"Colisão transversal";"Com Vítimas Feridas";"Plena Noite";"Decrescente";"Céu Claro";"Dupla";"Reta";"Sim";2;0;1;0;1;0;1;2;-12,26567555;-38,93292401;"SPRF-BA";"DEL02-BA";"UOP01-DEL02-BA"
752336;2026-01-21;"quarta-feira";"08:10:00";"SC";101;116;"ITAJAI";"Acessar a via sem observar a presença dos outros veículos";"Colisão transversal";"Com Vítimas Feridas";"Pleno dia";"Crescente";"Céu Claro";"Dupla";"Reta";"Sim";1;0;1;0;0;0;1;1;-26,8797728;-48,7264588;"SPRF-SC";"DEL04-SC";"UOP04-DEL04-SC"
752374;2026-01-21;"quarta-feira";"17:45:00";"RJ";101;322;"NITEROI";"Reação tardia ou ineficiente do condutor";"Colisão traseira";"Com Vítimas Feridas";"Plena Noite";"Decrescente";"Chuva";"Dupla";"Reta";"Sim";2;0;1;0;1;0;1;2;-22,87698391;-43,11046019;"SPRF-RJ";"DEL02-RJ";"UOP01-DEL02-RJ"
752442;2026-01-10;"sábado";"04:10:00";"RJ";101;320;"NITEROI";"Reação tardia ou ineficiente do condutor";"Queda de ocupante de veículo";"Com Vítimas Feridas";"Plena Noite";"Decrescente";"Céu Claro";"Dupla";"Curva";"Sim";1;0;1;0;0;0;1;1;-22,86680862;-43,10930877;"SPRF-RJ";"DEL02-RJ";"UOP01-DEL02-RJ"
752505;2026-01-26;"segunda-feira";"18:25:00";"SC";101;209,3;"SAO JOSE";"Manobra de mudança de faixa";"Colisão traseira";"Com Vítimas Feridas";"Pleno dia";"Decrescente";"Céu Claro";"Múltipla";"Reta";"Sim";2;0;1;0;1;0;1;2;-27,61233;-48,6411;"SPRF-SC";"DEL01-SC";"UOP01-DEL01-SC"
752553;2026-01-18;"domingo";"21:00:00";"MG";50;82;"UBERLANDIA";"Acumulo de água sobre o pavimento";"Saída de leito carroçável";"Com Vítimas Feridas";"Plena Noite";"Crescente";"Chuva";"Dupla";"Declive;Reta";"Sim";5;0;4;0;1;0;4;2;-18,98792736;-48,21166277;"SPRF-MG";"DEL15-MG";"UOP01-DEL15-MG"
752556;2026-01-02;"sexta-feira";"08:30:00";"AL";423;62;"AGUA BRANCA";"Ausência de reação do condutor";"Colisão traseira";"Com Vítimas Fatais";"Pleno dia";"Crescente";"Céu Claro";"Simples";"Reta";"Não";5;1;0;2;2;0;2;2;-9,293367;-37,832505;"SPRF-AL";"DEL03-AL";"UOP02-DEL03-AL"
752633;2026-01-18;"domingo";"13:30:00";"AL";316;211,5;"MARIBONDO";"Reação tardia ou ineficiente do condutor";"Colisão lateral sentido oposto";"Sem Vítimas";"Pleno dia";"Crescente";"Céu Claro";"Simples";"Reta";"Não";2;0;0;0;2;0;0;2;-9,55779427;-36,26911864;"SPRF-AL";"DEL01-AL";"UOP01-DEL01-AL"
752752;2026-01-23;"sexta-feira";"16:30:00";"GO";364;20,7;"PARANAIGUARA";"Avarias e/ou desgaste excessivo no pneu";"Queda de ocupante de veículo";"Com Vítimas Feridas";"Pleno dia";"Decrescente";"Céu Claro";"Simples";"Reta";"Não";2;0;1;0;1;0;1;1;-18,929;-50,65;"SPRF-GO";"DEL05-GO";"UOP02-DEL05-GO"
752869;2026-01-29;"quinta-feira";"14:00:00";"SC";282;68;"RANCHO QUEIMADO";"Ausência de reação do condutor";"Colisão frontal";"Com Vítimas Feridas";"Pleno dia";"Decrescente";"Chuva";"Simples";"Curva";"Não";5;0;2;1;2;0;3;2;-27,6935;-49,080508;"SPRF-SC";"DEL01-SC";"UOP03-DEL01-SC"
753117;2026-01-23;"sexta-feira";"18:15:00";"GO";70;319;"JUSSARA";"Acessar a via sem observar a presença dos outros veículos";"Colisão traseira";"Com Vítimas Feridas";"Pleno dia";"Decrescente";"Céu Claro";"Dupla";"Aclive";"Sim";3;0;1;0;2;0;1;2;-15,878398;-50,879303;"SPRF-GO";"DEL04-GO";"UOP02-DEL04-GO"
753186;2026-01-02;"sexta-feira";"19:08:00";"PA";163;288;"NOVO PROGRESSO";"Ausência de reação do condutor";"Colisão frontal";"Sem Vítimas";"Plena Noite";"Crescente";"Céu Claro";"Simples";"Reta";"Não";6;0;0;0;0;6;0;2;-7,2293964;-55,3490909;"SPRF-PA";"DEL05-PA";"UOP03-DEL05-PA"
753296;2026-01-10;"sábado";"08:22:00";"MT";364;278;"JACIARA";"Ausência de reação do condutor";"Saída de leito carroçável";"Com Vítimas Feridas";"Pleno dia";"Decrescente";"Céu Claro";"Dupla";"Curva;Declive";"Não";1;0;0;1;0;0;1;1;-15,940772;-55,018227;"SPRF-MT";"DEL05-MT";"UOP02-DEL05-MT"
753301;2026-01-27;"terça-feira";"08:40:00";"SP";116;219;"GUARULHOS";"Ausência de reação do condutor";"Queda de ocupante de veículo";"Sem Vítimas";"Pleno dia";"Crescente";"Céu Claro";"Dupla";"Reta";"Sim";2;0;0;0;2;0;0;2;-23,46036713;-46,48712967;"SPRF-SP";"DEL01-SP";"UOP01-DEL01-SP"
753367;2026-01-18;"domingo";"17:45:00";"SC";101;208;"SAO JOSE";"Condutor deixou de manter distância do veículo da frente";"Colisão traseira";"Sem Vítimas";"Pleno dia";"Decrescente";"Chuva";"Múltipla";"Reta";"Sim";2;0;0;0;1;1;0;2;-27,60293;-48,6313;"SPRF-SC";"DEL01-SC";"UOP01-DEL01-SC"
753449;2026-01-16;"sexta-feira";"10:23:00";"ES";101;400;"RIO NOVO DO SUL";"Reação tardia ou ineficiente do condutor";"Colisão traseira";"Com Vítimas Feridas";"Pleno dia";"Decrescente";"Céu Claro";"Simples";"Reta";"Não";4;0;2;0;2;0;2;2;-20,87356886;-40,94844818;"SPRF-ES";"DEL03-ES";"UOP02-DEL03-ES"
753548;2026-01-11;"domingo";"09:27:00";"SE";101;94;"NOSSA SENHORA DO SOCORRO";"Condutor Dormindo";"Saída de leito carroçável";"Com Vítimas Fatais";"Pleno dia";"Crescente";"Céu Claro";"Dupla";"Reta";"Sim";1;1;0;0;0;0;0;1;-10,907123;-37,152472;"SPRF-SE";"DEL01-SE";"UOP01-DEL01-SE"
753633;2026-01-15;"quinta-feira";"06:00:00";"RJ";101;67;"CAMPOS DOS GOYTACAZES";"Manobra de mudança de faixa";"Colisão transversal";"Com Vítimas Feridas";"Pleno dia";"Decrescente";"Céu Claro";"Simples";"Reta";"Sim";2;0;0;1;1;0;1;2;-21,7693691;-41,3523205;"SPRF-RJ";"DEL08-RJ";"UOP02-DEL08-RJ"
753711;2026-01-27;"terça-feira";"14:52:00";"PE";101;25;"ITAPISSUMA";"Manobra de mudança de faixa";"Capotamento";"Com Vítimas Feridas";"Pleno dia";"Crescente";"Céu Claro";"Dupla";"Aclive;Curva";"Não";6;0;1;0;4;1;1;2;-7,697977;-34,921793;"SPRF-PE";"DEL01-PE";"UOP02-DEL01-PE"
753974;2026-01-21;"quarta-feira";"17:30:00";"RJ";101;496;"ANGRA DOS REIS";"Velocidade Incompatível";"Colisão frontal";"Com Vítimas Feridas";"Pleno dia";"Crescente";"Chuva";"Simples";"Reta";"Não";2;0;2;0;0;0;2;2;-22,92173191;-44,32479713;"SPRF-RJ";"DEL03-RJ";"UOP03-DEL03-RJ"
754187;2026-01-14;"quarta-feira";"15:00:00";"MA";135;4;"SAO LUIS";"Ausência de reação do condutor";"Colisão transversal";"Com Vítimas Feridas";"Pleno dia";"Crescente";"Céu Claro";"Dupla";"Retorno Regulamentado;Reta";"Sim";2;0;0;1;1;0;1;2;-2,61686;-44,25461;"SPRF-MA";"DEL01-MA";"UOP01-DEL01-MA"
754291;2026-01-31;"sábado";"17:14:00";"PA";163;312;"NOVO PROGRESSO";"Reação tardia ou ineficiente do condutor";"Queda de ocupante de veículo";"Sem Vítimas";"Pleno dia";"Decrescente";"Ignorado";"Simples";"Reta";"Sim";1;0;0;0;0;1;0;1;-7,07125173;-55,40817261;"SPRF-PA";"DEL05-PA";"UOP03-DEL05-PA"
754339;2026-01-28;"quarta-feira";"19:00:00";"SC";282;179;"BOCAINA DO SUL";"Reação tardia ou ineficiente do condutor";"Saída de leito carroçável";"Com Vítimas Feridas";"Anoitecer";"Crescente";"Chuva";"Simples";"Curva;Declive";"Sim";1;0;1;0;0;0;1;1;-27,741759;-49,942418;"SPRF-SC";"DEL05-SC";"UOP01-DEL05-SC"
754370;2026-01-10;"sábado";"18:20:00";"SE";235;10,6;"NOSSA SENHORA DO SOCORRO";"Ingestão de álcool pelo condutor";"Colisão frontal";"Com Vítimas Fatais";"Plena Noite";"Crescente";"Céu Claro";"Simples";"Reta;Aclive";"Não";3;1;0;2;0;0;2;2;-10,87854;-37,152912;"SPRF-SE";"DEL01-SE";"UOP01-DEL01-SE"
754433;2026-01-14;"quarta-feira";"17:45:00";"BA";116;801;"VITORIA DA CONQUISTA";"Reação tardia ou ineficiente do condutor";"Queda de ocupante de veículo";"Com Vítimas Feridas";"Anoitecer";"Decrescente";"Céu Claro";"Simples";"Reta";"Não";2;0;1;1;0;0;2;1;-14,75396733;-40,68460464;"SPRF-BA";"DEL08-BA";"UOP02-DEL08-BA"
754450;2026-01-07;"quarta-feira";"16:05:00";"PA";163;300;"NOVO PROGRESSO";"Ausência de reação do condutor";"Colisão lateral mesmo sentido";"Com Vítimas Feridas";"Pleno dia";"Decrescente";"Céu Claro";"Simples";"Reta";"Não";1;0;1;0;0;0;1;1;-7,1278476;-55,3889677;"SPRF-PA";"DEL05-PA";"UOP03-DEL05-PA"
754504;2026-01-15;"quinta-feira";"13:19:00";"SC";101;42,3;"JOINVILLE";"Manobra de mudança de faixa";"Colisão lateral mesmo sentido";"Com Vítimas Feridas";"Pleno dia";"Crescente";"Céu Claro";"Dupla";"Reta";"Sim";3;0;2;0;1;0;2;2;-26,32822698;-48,86397807;"SPRF-SC";"DEL03-SC";"UOP01-DEL03-SC"
754534;2026-01-22;"quinta-feira";"13:20:00";"BA";324;3;"FEIRA DE SANTANA";"Estacionar ou parar em local proibido";"Colisão lateral mesmo sentido";"Com Vítimas Feridas";"Pleno dia";"Decrescente";"Céu Claro";"Simples";"Reta";"Sim";2;0;1;0;0;1;1;2;-12,28567;-38,95318;"SPRF-BA";"DEL02-BA";"UOP01-DEL02-BA"
754538;2026-01-23;"sexta-feira";"01:25:00";"PB";101;39,6;"MAMANGUAPE";"Entrada inopinada do pedestre";"Atropelamento de Pedestre";"Com Vítimas Fatais";"Plena Noite";"Crescente";"Céu Claro";"Simples";"Reta";"Sim";2;1;0;0;0;1;0;2;-6,8346;-35,13722;"SPRF-PB";"DEL01-PB";"UOP03-DEL01-PB"
754547;2026-01-10;"sábado";"21:00:00";"GO";364;316;"PORTELANDIA";"Reação tardia ou ineficiente do condutor";"Capotamento";"Com Vítimas Feridas";"Plena Noite";"Crescente";"Nublado";"Simples";"Ponte;Reta;Declive";"Não";1;0;1;0;0;0;1;1;-17,43538;-52,608938;"SPRF-GO";"DEL05-GO";"UOP01-DEL05-GO"
754558;2026-01-24;"sábado";"07:30:00";"AL";316;87;"SANTANA DO IPANEMA";"Acessar a via sem observar a presença dos outros veículos";"Colisão transversal";"Com Vítimas Feridas";"Pleno dia";"Decrescente";"Céu Claro";"Simples";"Curva;Declive";"Sim";2;0;1;0;0;1;1;2;-9,36749707;-37,24879694;"SPRF-AL";"DEL03-AL";"UOP02-DEL03-AL"
754560;2026-01-18;"domingo";"17:38:00";"PA";316;52;"CASTANHAL";"Reação tardia ou ineficiente do condutor";"Colisão traseira";"Com Vítimas Feridas";"Pleno dia";"Decrescente";"Chuva";"Dupla";"Reta";"Não";3;0;0;1;0;2;1;3;-1,306895;-48,029134;"SPRF-PA";"DEL01-PA";"UOP01-DEL01-PA"
754568;2026-01-24;"sábado";"16:00:00";"RJ";101;548,2;"PARATY";"Reação tardia ou ineficiente do condutor";"Saída de leito carroçável";"Com Vítimas Feridas";"Pleno dia";"Crescente";"Chuva";"Simples";"Reta";"Não";2;0;1;1;0;0;2;1;-23,045075;-44,648397;"SPRF-RJ";"DEL03-RJ";"UOP04-DEL03-RJ"
754585;2026-01-29;"quinta-feira";"02:10:00";"PR";369;437;"UBIRATA";"Manobra de mudança de faixa";"Colisão lateral sentido oposto";"Com Vítimas Feridas";"Plena Noite";"Crescente";"Céu Claro";"Simples";"Aclive;Reta";"Não";2;0;1;0;1;0;1;2;-24,55073402;-53,03111315;"SPRF-PR";"DEL04-PR";"UOP03-DEL04-PR"
754590;2026-01-01;"quinta-feira";"22:50:00";"PB";230;366;"MALTA";"Animais na Pista";"Atropelamento de Animal";"Com Vítimas Feridas";"Plena Noite";"Crescente";"Céu Claro";"Simples";"Reta";"Não";2;0;2;0;0;0;2;1;-6,9053707;-37,5216389;"SPRF-PB";"DEL03-PB";"UOP02-DEL03-PB"
754665;2026-01-31;"sábado";"18:17:00";"AL";104;93;"RIO LARGO";"Acessar a via sem observar a presença dos outros veículos";"Colisão transversal";"Com Vítimas Feridas";"Plena Noite";"Crescente";"Céu Claro";"Múltipla";"Reta";"Sim";2;0;0;1;1;0;1;2;-9,53055868;-35,79727499;"SPRF-AL";"DEL01-AL";"UOP01-DEL01-AL"
754674;2026-01-27;"terça-feira";"06:10:00";"RJ";101;491,8;"ANGRA DOS REIS";"Reação tardia ou ineficiente do condutor";"Colisão frontal";"Com Vítimas Feridas";"Pleno dia";"Crescente";"Céu Claro";"Dupla";"Curva";"Não";6;0;0;1;5;0;1;2;-22,92804167;-44,36279297;"SPRF-RJ";"DEL03-RJ";"UOP03-DEL03-RJ"
754677;2026-01-10;"sábado";"08:10:00";"RJ";101;472;"ANGRA DOS REIS";"Conversão proibida";"Colisão transversal";"Com Vítimas Feridas";"Pleno dia";"Decrescente";"Céu Claro";"Dupla";"Reta";"Não";2;0;0;1;1;0;1;2;-22,99000238;-44,23919678;"SPRF-RJ";"DEL03-RJ";"UOP03-DEL03-RJ"
754719;2026-01-01;"quinta-feira";"05:00:00";"AL";316;259;"PILAR";"Manobra de mudança de faixa";"Colisão lateral sentido oposto";"Com Vítimas Fatais";"Amanhecer";"Crescente";"Céu Claro";"Simples";"Reta";"Não";2;1;0;0;0;1;0;2;-9,59115504;-35,92112482;"SPRF-AL";"DEL02-AL";"UOP01-DEL02-AL"
754770;2026-01-26;"segunda-feira";"04:20:00";"RJ";465;22;"RIO DE JANEIRO";"Demais falhas mecânicas ou elétricas";"Incêndio";"Sem Vítimas";"Amanhecer";"Crescente";"Céu Claro";"Simples";"Reta";"Sim";1;0;0;0;1;0;0;1;-22,86060947;-43,60164341;"SPRF-RJ";"DEL03-RJ";"UOP01-DEL03-RJ"
754809;2026-01-16;"sexta-feira";"02:20:00";"PA";230;310,7;"NOVO PROGRESSO";"Ausência de reação do condutor";"Colisão com objeto";"Com Vítimas Feridas";"Plena Noite";"Decrescente";"Ignorado";"Simples";"Reta";"Sim";1;0;0;1;0;0;1;1;-7,0405441;-55,41478157;"SPRF-PA";"DEL03-PA";"UOP01-DEL03-PA"
754975;2026-01-24;"sábado";"07:30:00";"RJ";101;310;"SAO GONCALO";"Mal súbito do condutor";"Saída de leito carroçável";"Com Vítimas Feridas";"Amanhecer";"Crescente";"Chuva";"Dupla";"Reta";"Sim";1;0;1;0;0;0;1;1;-22,83465915;-43,09643132;"SPRF-RJ";"DEL02-RJ";"UOP02-DEL02-RJ"
755002;2026-01-10;"sábado";"17:50:00";"RJ";101;468;"ANGRA DOS REIS";"Reação tardia ou ineficiente do condutor";"Colisão transversal";"Com Vítimas Feridas";"Pleno dia";"Decrescente";"Céu Claro";"Simples";"Curva";"Não";9;0;7;1;1;0;8;2;-23,00770023;-44,22409058;"SPRF-RJ";"DEL03-RJ";"UOP03-DEL03-RJ"
755050;2026-01-23;"sexta-feira";"14:30:00";"PB";104;163;"BARRA DE SANTANA";"Conversão proibida";"Colisão transversal";"Com Vítimas Fatais";"Pleno dia";"Crescente";"Céu Claro";"Simples";"Reta";"Não";6;1;0;2;3;0;2;2;-7,526752;-35,99631;"SPRF-PB";"DEL02-PB";"UOP03-DEL02-PB"